{
  "type": "FeatureCollection",
  "generator": "overpass-turbo",
  "copyright": "The data included in this document is from www.openstreetmap.org. The data is made available under ODbL.",
  "timestamp": "2026-01-08T19:38:46Z",
  "features": [
    {
      "type": "Feature",
      "properties": {
        "@id": "relation/8312433",
        "alt_name": "East-West Corridor",
        "colour": "blue",
        "duration": "00:45:33",
        "from": "Vastral Gam",
        "interval": "00:18:00",
        "name": "Blue Line: Vastral Gam → Thaltej Gam",
        "name:gu": "પૂર્વ-પશ્ચિમ કોરિડોર: વસ્ત્રાલ ગામ → થલતેજ",
        "network": "Ahmedabad Metro",
        "network:wikidata": "Q1895288",
        "opening_hours": "06:20-22:00",
        "operator": "Gujarat Metro Rail Corporation Limited",
        "public_transport:version": "2",
        "ref": "1",
        "route": "subway",
        "source:interval": "https://www.gujaratmetrorail.com/passenger-information/time-table/",
        "to": "Thaltej Gam",
        "type": "route",
        "wikidata": "Q61990549",
        "wikipedia": "en:Blue Line (Ahmedabad Metro)"
      },
      "geometry": {
        "type": "LineString",
        "coordinates": [
          [
            72.6674915,
            22.9972131
          ],
          [
            72.6668771,
            22.9974698
          ],
          [
            72.6665359,
            22.9975522
          ],
          [
            72.666379,
            22.9976058
          ],
          [
            72.6661889,
            22.9976727
          ],
          [
            72.6658267,
            22.997778
          ],
          [
            72.6657519,
            22.9977996
          ],
          [
            72.6653378,
            22.9979015
          ],
          [
            72.6648923,
            22.9980064
          ],
          [
            72.6642788,
            22.9981491
          ],
          [
            72.6637664,
            22.9982912
          ],
          [
            72.6632604,
            22.9984152
          ],
          [
            72.6627005,
            22.9985308
          ],
          [
            72.6620407,
            22.9986611
          ],
          [
            72.6614045,
            22.9987836
          ],
          [
            72.6610416,
            22.9988765
          ],
          [
            72.6607256,
            22.998971
          ],
          [
            72.6604636,
            22.9990696
          ],
          [
            72.6599887,
            22.9992613
          ],
          [
            72.6596447,
            22.999467
          ],
          [
            72.6589675,
            22.9997983
          ],
          [
            72.6586658,
            22.999927
          ],
          [
            72.6585492,
            22.9999759
          ],
          [
            72.6576654,
            23.0003378
          ],
          [
            72.65678,
            23.0006916
          ],
          [
            72.6561983,
            23.0009219
          ],
          [
            72.6554276,
            23.0012075
          ],
          [
            72.6549367,
            23.0013778
          ],
          [
            72.6542755,
            23.0015945
          ],
          [
            72.6534905,
            23.0018242
          ],
          [
            72.6527579,
            23.0020312
          ],
          [
            72.6521022,
            23.0022221
          ],
          [
            72.6514114,
            23.0024258
          ],
          [
            72.6511349,
            23.002505
          ],
          [
            72.6505211,
            23.0026933
          ],
          [
            72.6502512,
            23.0027776
          ],
          [
            72.649979,
            23.002883
          ],
          [
            72.6492562,
            23.003142
          ],
          [
            72.6487422,
            23.0032993
          ],
          [
            72.6477227,
            23.0035358
          ],
          [
            72.6470419,
            23.0037017
          ],
          [
            72.6464914,
            23.0038147
          ],
          [
            72.6463323,
            23.0038458
          ],
          [
            72.6456257,
            23.0040299
          ],
          [
            72.6452338,
            23.0040916
          ],
          [
            72.644823,
            23.0041387
          ],
          [
            72.6444701,
            23.0041641
          ],
          [
            72.6442491,
            23.0041876
          ],
          [
            72.6441095,
            23.0042097
          ],
          [
            72.6439349,
            23.0042471
          ],
          [
            72.6437472,
            23.0043034
          ],
          [
            72.6435015,
            23.0044023
          ],
          [
            72.6432037,
            23.0045341
          ],
          [
            72.6426807,
            23.0047534
          ],
          [
            72.6423929,
            23.0048562
          ],
          [
            72.6421942,
            23.0049094
          ],
          [
            72.6419567,
            23.0049541
          ],
          [
            72.6417535,
            23.0049624
          ],
          [
            72.6414103,
            23.0049706
          ],
          [
            72.6413131,
            23.004973
          ],
          [
            72.6409177,
            23.0049594
          ],
          [
            72.6404306,
            23.0049407
          ],
          [
            72.6396007,
            23.0048738
          ],
          [
            72.6390629,
            23.0048132
          ],
          [
            72.6385968,
            23.0047606
          ],
          [
            72.6382884,
            23.004726
          ],
          [
            72.6380836,
            23.0047229
          ],
          [
            72.6379181,
            23.0047212
          ],
          [
            72.6377961,
            23.0047292
          ],
          [
            72.637696,
            23.0047458
          ],
          [
            72.6375351,
            23.0047824
          ],
          [
            72.6373666,
            23.0048281
          ],
          [
            72.6371389,
            23.004903
          ],
          [
            72.6368104,
            23.00503
          ],
          [
            72.6365086,
            23.0051237
          ],
          [
            72.635628,
            23.0054549
          ],
          [
            72.634741,
            23.005751
          ],
          [
            72.634652,
            23.0057792
          ],
          [
            72.6332796,
            23.006214
          ],
          [
            72.6320796,
            23.006559
          ],
          [
            72.6308314,
            23.0069113
          ],
          [
            72.6302742,
            23.0070733
          ],
          [
            72.6299168,
            23.0072382
          ],
          [
            72.62934,
            23.0074563
          ],
          [
            72.6287468,
            23.0077117
          ],
          [
            72.6284005,
            23.0078943
          ],
          [
            72.627388,
            23.0083002
          ],
          [
            72.6269303,
            23.0084885
          ],
          [
            72.6265127,
            23.008646
          ],
          [
            72.626143,
            23.0087441
          ],
          [
            72.6257837,
            23.0088356
          ],
          [
            72.6252192,
            23.0088919
          ],
          [
            72.62484,
            23.0089235
          ],
          [
            72.6246001,
            23.0089415
          ],
          [
            72.6243348,
            23.0089943
          ],
          [
            72.6241461,
            23.0090349
          ],
          [
            72.6238802,
            23.0091216
          ],
          [
            72.6235617,
            23.0092439
          ],
          [
            72.6232468,
            23.0093626
          ],
          [
            72.6228585,
            23.0095266
          ],
          [
            72.622229,
            23.0097577
          ],
          [
            72.6217104,
            23.0099566
          ],
          [
            72.6215303,
            23.0100226
          ],
          [
            72.6210119,
            23.0102125
          ],
          [
            72.6203328,
            23.0104539
          ],
          [
            72.6198619,
            23.0105869
          ],
          [
            72.6196196,
            23.0106491
          ],
          [
            72.6193839,
            23.0106764
          ],
          [
            72.6191768,
            23.0106859
          ],
          [
            72.6182378,
            23.0107028
          ],
          [
            72.6177369,
            23.0107172
          ],
          [
            72.616992,
            23.0107078
          ],
          [
            72.6167791,
            23.0107052
          ],
          [
            72.6166192,
            23.0107125
          ],
          [
            72.6162692,
            23.0107152
          ],
          [
            72.6158313,
            23.0107124
          ],
          [
            72.6146653,
            23.0107349
          ],
          [
            72.614468,
            23.0107271
          ],
          [
            72.6141744,
            23.0106995
          ],
          [
            72.6125772,
            23.0105207
          ],
          [
            72.6122573,
            23.010498
          ],
          [
            72.6117528,
            23.0105128
          ],
          [
            72.6109078,
            23.0104443
          ],
          [
            72.6094731,
            23.0103528
          ],
          [
            72.6087555,
            23.0103172
          ],
          [
            72.6084776,
            23.0103172
          ],
          [
            72.6082842,
            23.0103722
          ],
          [
            72.6081013,
            23.0104597
          ],
          [
            72.6078656,
            23.0106831
          ],
          [
            72.6076229,
            23.0111234
          ],
          [
            72.6073696,
            23.0115993
          ],
          [
            72.6072817,
            23.0120979
          ],
          [
            72.6071304,
            23.0129235
          ],
          [
            72.607046,
            23.0137005
          ],
          [
            72.607046,
            23.0146199
          ],
          [
            72.6070566,
            23.0154585
          ],
          [
            72.6070425,
            23.0165592
          ],
          [
            72.6069467,
            23.0183394
          ],
          [
            72.6068852,
            23.0188422
          ],
          [
            72.606735,
            23.0192978
          ],
          [
            72.6063731,
            23.0197754
          ],
          [
            72.605919,
            23.0201462
          ],
          [
            72.6047275,
            23.0208092
          ],
          [
            72.6042904,
            23.0210638
          ],
          [
            72.6040071,
            23.0213529
          ],
          [
            72.6034676,
            23.0220253
          ],
          [
            72.6032935,
            23.0223772
          ],
          [
            72.6032423,
            23.0227292
          ],
          [
            72.6031911,
            23.0235022
          ],
          [
            72.603211,
            23.0246998
          ],
          [
            72.603166,
            23.0270546
          ],
          [
            72.6031379,
            23.0278541
          ],
          [
            72.6029608,
            23.0287003
          ],
          [
            72.6027611,
            23.0292669
          ],
          [
            72.6024575,
            23.0297275
          ],
          [
            72.6021032,
            23.0300484
          ],
          [
            72.6017012,
            23.0301829
          ],
          [
            72.601181,
            23.0302192
          ],
          [
            72.5998708,
            23.0302683
          ],
          [
            72.5969913,
            23.0302778
          ],
          [
            72.5958067,
            23.030298
          ],
          [
            72.5885509,
            23.0277999
          ],
          [
            72.587926,
            23.0277792
          ],
          [
            72.5875036,
            23.0278149
          ],
          [
            72.587231,
            23.0279408
          ],
          [
            72.5870846,
            23.0281589
          ],
          [
            72.5868045,
            23.0287972
          ],
          [
            72.584877,
            23.0335761
          ],
          [
            72.5833141,
            23.0381101
          ],
          [
            72.5831381,
            23.0384957
          ],
          [
            72.5828394,
            23.0388115
          ],
          [
            72.5824979,
            23.0390087
          ],
          [
            72.5819443,
            23.0391718
          ],
          [
            72.5810332,
            23.0392509
          ],
          [
            72.5799783,
            23.0393185
          ],
          [
            72.5790531,
            23.0394508
          ],
          [
            72.5786608,
            23.0394336
          ],
          [
            72.5780935,
            23.0393372
          ],
          [
            72.5777199,
            23.0392051
          ],
          [
            72.5772138,
            23.0389388
          ],
          [
            72.5769706,
            23.0387262
          ],
          [
            72.5765511,
            23.0383486
          ],
          [
            72.5764174,
            23.0382451
          ],
          [
            72.5762137,
            23.0381108
          ],
          [
            72.5759553,
            23.0380018
          ],
          [
            72.5756574,
            23.0379234
          ],
          [
            72.5752036,
            23.0378739
          ],
          [
            72.5746866,
            23.0378537
          ],
          [
            72.5733133,
            23.037781
          ],
          [
            72.5720706,
            23.0377343
          ],
          [
            72.5712511,
            23.0376853
          ],
          [
            72.5707344,
            23.037607
          ],
          [
            72.569869,
            23.0374843
          ],
          [
            72.569442,
            23.0374282
          ],
          [
            72.5691832,
            23.0374034
          ],
          [
            72.568922,
            23.0373911
          ],
          [
            72.5687008,
            23.0373982
          ],
          [
            72.5684701,
            23.0374157
          ],
          [
            72.567905,
            23.0374888
          ],
          [
            72.5670605,
            23.0375956
          ],
          [
            72.5662623,
            23.0376904
          ],
          [
            72.5658733,
            23.0378126
          ],
          [
            72.5656197,
            23.0379213
          ],
          [
            72.5654271,
            23.0380389
          ],
          [
            72.5652384,
            23.0381687
          ],
          [
            72.5649886,
            23.0383951
          ],
          [
            72.5647255,
            23.0386442
          ],
          [
            72.5641196,
            23.0392078
          ],
          [
            72.5638908,
            23.0393727
          ],
          [
            72.5637173,
            23.0394973
          ],
          [
            72.5634315,
            23.0396324
          ],
          [
            72.5632466,
            23.0396991
          ],
          [
            72.5630426,
            23.0397588
          ],
          [
            72.5628138,
            23.0397991
          ],
          [
            72.5624556,
            23.0398192
          ],
          [
            72.5616387,
            23.0398916
          ],
          [
            72.5609088,
            23.0399366
          ],
          [
            72.5603955,
            23.0399725
          ],
          [
            72.5597067,
            23.0399993
          ],
          [
            72.559119,
            23.0400318
          ],
          [
            72.5579207,
            23.0400917
          ],
          [
            72.5572828,
            23.0400935
          ],
          [
            72.5569819,
            23.040069
          ],
          [
            72.5554444,
            23.0399787
          ],
          [
            72.5546405,
            23.0399724
          ],
          [
            72.5544625,
            23.0399903
          ],
          [
            72.5542874,
            23.040033
          ],
          [
            72.5541542,
            23.0400853
          ],
          [
            72.5539956,
            23.040161
          ],
          [
            72.5530873,
            23.0407242
          ],
          [
            72.5520628,
            23.0412839
          ],
          [
            72.5517635,
            23.0414574
          ],
          [
            72.5514717,
            23.041591
          ],
          [
            72.5505986,
            23.0419328
          ],
          [
            72.5499511,
            23.0422606
          ],
          [
            72.5494124,
            23.0425346
          ],
          [
            72.5488886,
            23.0428582
          ],
          [
            72.5470406,
            23.0440475
          ],
          [
            72.5468238,
            23.0441704
          ],
          [
            72.5466694,
            23.0442189
          ],
          [
            72.5463995,
            23.0443242
          ],
          [
            72.5461141,
            23.044409
          ],
          [
            72.5456544,
            23.0445029
          ],
          [
            72.5450608,
            23.0446187
          ],
          [
            72.5445173,
            23.0447199
          ],
          [
            72.5435282,
            23.0448892
          ],
          [
            72.5426841,
            23.0450404
          ],
          [
            72.5423337,
            23.0451116
          ],
          [
            72.5421886,
            23.0451509
          ],
          [
            72.5421097,
            23.0451771
          ],
          [
            72.5418154,
            23.0452713
          ],
          [
            72.541404,
            23.045445
          ],
          [
            72.5408875,
            23.0456848
          ],
          [
            72.540358,
            23.0458217
          ],
          [
            72.5401762,
            23.0458556
          ],
          [
            72.5398804,
            23.0458696
          ],
          [
            72.5392426,
            23.0458753
          ],
          [
            72.5383439,
            23.0459009
          ],
          [
            72.5371432,
            23.0459216
          ],
          [
            72.5365831,
            23.0459256
          ],
          [
            72.5348776,
            23.045928
          ],
          [
            72.533519,
            23.0459137
          ],
          [
            72.5328825,
            23.0459173
          ],
          [
            72.5322262,
            23.0459668
          ],
          [
            72.5313931,
            23.0460376
          ],
          [
            72.5305734,
            23.0461346
          ],
          [
            72.5302651,
            23.0461541
          ],
          [
            72.5300289,
            23.0461932
          ],
          [
            72.529705,
            23.0462647
          ],
          [
            72.529367,
            23.046391
          ],
          [
            72.529062,
            23.0465194
          ],
          [
            72.5279903,
            23.0471365
          ],
          [
            72.5273548,
            23.0474654
          ],
          [
            72.526921,
            23.0476627
          ],
          [
            72.5264841,
            23.047795
          ],
          [
            72.5260876,
            23.0478846
          ],
          [
            72.5253999,
            23.0480211
          ],
          [
            72.5245109,
            23.0481838
          ],
          [
            72.5234624,
            23.0484013
          ],
          [
            72.5230271,
            23.0484894
          ],
          [
            72.5226295,
            23.0486035
          ],
          [
            72.5220339,
            23.0488348
          ],
          [
            72.5213259,
            23.0491368
          ],
          [
            72.520379,
            23.0495132
          ],
          [
            72.5200692,
            23.0496228
          ],
          [
            72.51961,
            23.049766
          ],
          [
            72.5193298,
            23.0498166
          ],
          [
            72.5189055,
            23.049876
          ],
          [
            72.5183813,
            23.0499251
          ],
          [
            72.5176793,
            23.0498898
          ],
          [
            72.5169058,
            23.0498366
          ],
          [
            72.5160136,
            23.049782
          ],
          [
            72.5151751,
            23.0497378
          ],
          [
            72.5150743,
            23.0497447
          ],
          [
            72.5150076,
            23.0497592
          ],
          [
            72.5145003,
            23.0499649
          ],
          [
            72.5143043,
            23.0500033
          ],
          [
            72.5142119,
            23.0500132
          ],
          [
            72.514106,
            23.0500127
          ],
          [
            72.5137756,
            23.0500116
          ],
          [
            72.5132249,
            23.050051
          ],
          [
            72.5128909,
            23.0500973
          ],
          [
            72.5127008,
            23.0501115
          ],
          [
            72.5125261,
            23.0501193
          ],
          [
            72.51233,
            23.0501141
          ],
          [
            72.5121248,
            23.0501085
          ],
          [
            72.51166,
            23.0500717
          ],
          [
            72.5115277,
            23.0500691
          ],
          [
            72.5113775,
            23.0500797
          ],
          [
            72.511239,
            23.0500963
          ],
          [
            72.5111309,
            23.0501244
          ],
          [
            72.5107853,
            23.0502388
          ],
          [
            72.5104846,
            23.0503466
          ],
          [
            72.5102273,
            23.0504035
          ],
          [
            72.5101293,
            23.0504141
          ],
          [
            72.5099692,
            23.0504276
          ],
          [
            72.5088474,
            23.0504616
          ],
          [
            72.5086502,
            23.0504676
          ],
          [
            72.5082799,
            23.0504535
          ],
          [
            72.5077563,
            23.0503967
          ],
          [
            72.5070056,
            23.050233
          ]
        ]
      },
      "id": "relation/8312433"
    },
    {
      "type": "Feature",
      "properties": {
        "@id": "relation/9521935",
        "alt_name": "East-West Corridor",
        "colour": "blue",
        "duration": "00:43:46",
        "from": "Thaltej Gam",
        "interval": "00:18:00",
        "name": "Blue Line: Thaltej Gam → Vastral Gam",
        "name:gu": "પૂર્વ-પશ્ચિમ કોરિડોર: થલતેજ → વસ્ત્રાલ ગામ",
        "network": "Ahmedabad Metro",
        "network:wikidata": "Q1895288",
        "opening_hours": "06:20-22:00",
        "operator": "Gujarat Metro Rail Corporation Limited",
        "public_transport:version": "2",
        "ref": "1",
        "route": "subway",
        "source:interval": "https://www.gujaratmetrorail.com/passenger-information/time-table/",
        "to": "Vastral Gam",
        "type": "route",
        "wikidata": "Q61990549",
        "wikipedia": "en:Blue Line (Ahmedabad Metro)"
      },
      "geometry": {
        "type": "LineString",
        "coordinates": [
          [
            72.6674512,
            22.9971313
          ],
          [
            72.6668382,
            22.9973874
          ],
          [
            72.6665209,
            22.9975084
          ],
          [
            72.6662601,
            22.9976027
          ],
          [
            72.6661805,
            22.9976267
          ],
          [
            72.6657461,
            22.9977528
          ],
          [
            72.6653346,
            22.9978541
          ],
          [
            72.6648898,
            22.9979588
          ],
          [
            72.6642743,
            22.998102
          ],
          [
            72.6637613,
            22.9982443
          ],
          [
            72.6632587,
            22.9983674
          ],
          [
            72.6627011,
            22.9984826
          ],
          [
            72.662042,
            22.9986127
          ],
          [
            72.6614029,
            22.9987358
          ],
          [
            72.6610349,
            22.99883
          ],
          [
            72.6607135,
            22.9989261
          ],
          [
            72.660447,
            22.9990264
          ],
          [
            72.659969,
            22.9992194
          ],
          [
            72.6596002,
            22.999387
          ],
          [
            72.658924,
            22.9997178
          ],
          [
            72.6586234,
            22.9998461
          ],
          [
            72.6585088,
            22.9998991
          ],
          [
            72.6576429,
            23.0002849
          ],
          [
            72.6567543,
            23.0006378
          ],
          [
            72.656173,
            23.0008631
          ],
          [
            72.6554039,
            23.0011616
          ],
          [
            72.6549184,
            23.0013309
          ],
          [
            72.6542584,
            23.0015431
          ],
          [
            72.6534732,
            23.00177
          ],
          [
            72.6527325,
            23.0019882
          ],
          [
            72.6520811,
            23.0021777
          ],
          [
            72.6513897,
            23.0023767
          ],
          [
            72.65111,
            23.0024622
          ],
          [
            72.6504964,
            23.0026447
          ],
          [
            72.6502226,
            23.002736
          ],
          [
            72.6499445,
            23.0028359
          ],
          [
            72.6492244,
            23.0030618
          ],
          [
            72.6487169,
            23.0032172
          ],
          [
            72.6476943,
            23.0034916
          ],
          [
            72.6470129,
            23.0036576
          ],
          [
            72.6468981,
            23.0036871
          ],
          [
            72.646463,
            23.0037704
          ],
          [
            72.6463231,
            23.0037913
          ],
          [
            72.6456018,
            23.0039846
          ],
          [
            72.6454322,
            23.0040111
          ],
          [
            72.645217,
            23.0040451
          ],
          [
            72.6448106,
            23.004092
          ],
          [
            72.6444565,
            23.0041174
          ],
          [
            72.6442312,
            23.0041414
          ],
          [
            72.6440864,
            23.0041643
          ],
          [
            72.6439053,
            23.0042031
          ],
          [
            72.6437095,
            23.0042618
          ],
          [
            72.6434581,
            23.004363
          ],
          [
            72.6431597,
            23.0044951
          ],
          [
            72.64264,
            23.004713
          ],
          [
            72.6423584,
            23.0048136
          ],
          [
            72.6421672,
            23.0048648
          ],
          [
            72.6419406,
            23.0049074
          ],
          [
            72.6417455,
            23.0049154
          ],
          [
            72.6414031,
            23.0049236
          ],
          [
            72.6413089,
            23.0049259
          ],
          [
            72.6409167,
            23.0049124
          ],
          [
            72.6404319,
            23.0048938
          ],
          [
            72.6396057,
            23.0048272
          ],
          [
            72.6390695,
            23.0047668
          ],
          [
            72.6386033,
            23.0047142
          ],
          [
            72.6382901,
            23.004679
          ],
          [
            72.6380802,
            23.0046759
          ],
          [
            72.6379106,
            23.0046741
          ],
          [
            72.6377798,
            23.0046827
          ],
          [
            72.6376719,
            23.0047006
          ],
          [
            72.6375062,
            23.0047383
          ],
          [
            72.6373332,
            23.0047852
          ],
          [
            72.6371006,
            23.0048617
          ],
          [
            72.63677,
            23.0049895
          ],
          [
            72.6364763,
            23.0051012
          ],
          [
            72.6355917,
            23.005413
          ],
          [
            72.6347054,
            23.0057088
          ],
          [
            72.6346011,
            23.0057608
          ],
          [
            72.633246,
            23.0061712
          ],
          [
            72.6320619,
            23.0065245
          ],
          [
            72.630818,
            23.0068821
          ],
          [
            72.6302421,
            23.007051
          ],
          [
            72.629876,
            23.0071979
          ],
          [
            72.629298,
            23.0074164
          ],
          [
            72.6287032,
            23.0076725
          ],
          [
            72.6283735,
            23.0078462
          ],
          [
            72.6273836,
            23.0082729
          ],
          [
            72.6269273,
            23.0084606
          ],
          [
            72.6265157,
            23.0086159
          ],
          [
            72.6261534,
            23.008712
          ],
          [
            72.6258005,
            23.0088022
          ],
          [
            72.6252421,
            23.0088577
          ],
          [
            72.6248656,
            23.0088891
          ],
          [
            72.62462,
            23.0089075
          ],
          [
            72.6243479,
            23.0089616
          ],
          [
            72.6241535,
            23.0090035
          ],
          [
            72.6238804,
            23.0090925
          ],
          [
            72.6235598,
            23.0092156
          ],
          [
            72.6233362,
            23.0093045
          ],
          [
            72.6228561,
            23.0094985
          ],
          [
            72.6222265,
            23.0097297
          ],
          [
            72.6217089,
            23.0099282
          ],
          [
            72.6215295,
            23.0099939
          ],
          [
            72.6210116,
            23.0101837
          ],
          [
            72.6203343,
            23.0104244
          ],
          [
            72.6198699,
            23.0105553
          ],
          [
            72.6196187,
            23.0106164
          ],
          [
            72.6194524,
            23.0106387
          ],
          [
            72.6191961,
            23.0106523
          ],
          [
            72.6182366,
            23.0106557
          ],
          [
            72.6177346,
            23.0106613
          ],
          [
            72.6162414,
            23.0106624
          ],
          [
            72.6158249,
            23.0106783
          ],
          [
            72.6146712,
            23.0107007
          ],
          [
            72.6144713,
            23.0106953
          ],
          [
            72.6141835,
            23.0106639
          ],
          [
            72.6125798,
            23.010487
          ],
          [
            72.6122583,
            23.0104598
          ],
          [
            72.6117554,
            23.010432
          ],
          [
            72.6109124,
            23.0103611
          ],
          [
            72.6094703,
            23.0102771
          ],
          [
            72.6087577,
            23.0102447
          ],
          [
            72.6084789,
            23.0102519
          ],
          [
            72.6082534,
            23.0102872
          ],
          [
            72.60806,
            23.0103966
          ],
          [
            72.6078153,
            23.0106267
          ],
          [
            72.6075389,
            23.0110848
          ],
          [
            72.6072866,
            23.0115676
          ],
          [
            72.6071739,
            23.0120881
          ],
          [
            72.6070339,
            23.0129094
          ],
          [
            72.6069637,
            23.0136924
          ],
          [
            72.6069453,
            23.0146167
          ],
          [
            72.6069352,
            23.0154543
          ],
          [
            72.606941,
            23.0165648
          ],
          [
            72.6068531,
            23.0183444
          ],
          [
            72.6067992,
            23.0188048
          ],
          [
            72.6066595,
            23.0192553
          ],
          [
            72.6063157,
            23.019707
          ],
          [
            72.6058815,
            23.02008
          ],
          [
            72.6046962,
            23.0207246
          ],
          [
            72.6042405,
            23.0209986
          ],
          [
            72.6039404,
            23.0212973
          ],
          [
            72.6034059,
            23.0219733
          ],
          [
            72.6032165,
            23.0223435
          ],
          [
            72.6031451,
            23.0227136
          ],
          [
            72.6031034,
            23.0234902
          ],
          [
            72.603093,
            23.0246945
          ],
          [
            72.6030765,
            23.0270471
          ],
          [
            72.6030459,
            23.0278581
          ],
          [
            72.6028833,
            23.0286827
          ],
          [
            72.6027067,
            23.0292323
          ],
          [
            72.6024174,
            23.0296683
          ],
          [
            72.602086,
            23.0299835
          ],
          [
            72.6016849,
            23.0301162
          ],
          [
            72.6011777,
            23.0301495
          ],
          [
            72.5998701,
            23.0302054
          ],
          [
            72.5969871,
            23.030204
          ],
          [
            72.5957767,
            23.0302236
          ],
          [
            72.588547,
            23.0277571
          ],
          [
            72.5879369,
            23.027731
          ],
          [
            72.5874913,
            23.0277668
          ],
          [
            72.587195,
            23.0278992
          ],
          [
            72.5870277,
            23.0281254
          ],
          [
            72.586749,
            23.0287794
          ],
          [
            72.5848274,
            23.0335263
          ],
          [
            72.583204,
            23.0380748
          ],
          [
            72.5830405,
            23.0384421
          ],
          [
            72.5827432,
            23.0387644
          ],
          [
            72.5824442,
            23.0389515
          ],
          [
            72.5819391,
            23.0390778
          ],
          [
            72.5810285,
            23.0391575
          ],
          [
            72.5799718,
            23.0392365
          ],
          [
            72.5793177,
            23.0393288
          ],
          [
            72.5790421,
            23.0393546
          ],
          [
            72.5787902,
            23.039332
          ],
          [
            72.5786782,
            23.0393219
          ],
          [
            72.5780988,
            23.0392304
          ],
          [
            72.57776,
            23.0391002
          ],
          [
            72.5773776,
            23.0389891
          ],
          [
            72.5772209,
            23.0388997
          ],
          [
            72.5769753,
            23.0386972
          ],
          [
            72.5765854,
            23.0383316
          ],
          [
            72.5764575,
            23.0382269
          ],
          [
            72.5762161,
            23.0380779
          ],
          [
            72.5759743,
            23.0379685
          ],
          [
            72.5756635,
            23.0378731
          ],
          [
            72.5751957,
            23.0378333
          ],
          [
            72.5746879,
            23.0378038
          ],
          [
            72.5733072,
            23.0377306
          ],
          [
            72.5720645,
            23.0376867
          ],
          [
            72.5712539,
            23.0376406
          ],
          [
            72.5707385,
            23.0375623
          ],
          [
            72.56986,
            23.037446
          ],
          [
            72.5694427,
            23.0373881
          ],
          [
            72.5691878,
            23.0373591
          ],
          [
            72.5689205,
            23.037345
          ],
          [
            72.5686939,
            23.0373537
          ],
          [
            72.5684594,
            23.0373695
          ],
          [
            72.5679045,
            23.0374406
          ],
          [
            72.5670608,
            23.0375426
          ],
          [
            72.566247,
            23.0376469
          ],
          [
            72.5658604,
            23.0377615
          ],
          [
            72.5656947,
            23.0378308
          ],
          [
            72.5655978,
            23.0378714
          ],
          [
            72.5654029,
            23.0379925
          ],
          [
            72.5652212,
            23.0381303
          ],
          [
            72.5649703,
            23.0383407
          ],
          [
            72.5646786,
            23.0386011
          ],
          [
            72.5643853,
            23.0388614
          ],
          [
            72.5640797,
            23.0391655
          ],
          [
            72.5638437,
            23.0393375
          ],
          [
            72.5636845,
            23.0394509
          ],
          [
            72.5634105,
            23.0395901
          ],
          [
            72.5632289,
            23.0396528
          ],
          [
            72.5630327,
            23.0397014
          ],
          [
            72.5628084,
            23.0397501
          ],
          [
            72.5624514,
            23.0397658
          ],
          [
            72.5616387,
            23.0398351
          ],
          [
            72.5609019,
            23.0398922
          ],
          [
            72.5603992,
            23.0399246
          ],
          [
            72.5596949,
            23.0399441
          ],
          [
            72.5591126,
            23.0399768
          ],
          [
            72.5579107,
            23.040025
          ],
          [
            72.557279,
            23.0400326
          ],
          [
            72.5569848,
            23.04001
          ],
          [
            72.5554455,
            23.0399289
          ],
          [
            72.5546336,
            23.0399248
          ],
          [
            72.5544551,
            23.0399407
          ],
          [
            72.5542766,
            23.0399819
          ],
          [
            72.5541418,
            23.0400325
          ],
          [
            72.5539608,
            23.0401164
          ],
          [
            72.5530608,
            23.040679
          ],
          [
            72.5520369,
            23.0412346
          ],
          [
            72.5517366,
            23.0413982
          ],
          [
            72.5514458,
            23.0415358
          ],
          [
            72.5505776,
            23.0418874
          ],
          [
            72.5499231,
            23.0422259
          ],
          [
            72.5493899,
            23.0424974
          ],
          [
            72.5488638,
            23.0428233
          ],
          [
            72.5470075,
            23.0439884
          ],
          [
            72.5467967,
            23.0441113
          ],
          [
            72.5466519,
            23.0441674
          ],
          [
            72.546382,
            23.0442791
          ],
          [
            72.5461073,
            23.0443597
          ],
          [
            72.5456459,
            23.0444534
          ],
          [
            72.5450543,
            23.0445676
          ],
          [
            72.5445056,
            23.0446566
          ],
          [
            72.5435125,
            23.0448371
          ],
          [
            72.5426659,
            23.04499
          ],
          [
            72.5423149,
            23.0450536
          ],
          [
            72.5421645,
            23.0450867
          ],
          [
            72.5420802,
            23.0451049
          ],
          [
            72.541787,
            23.0452078
          ],
          [
            72.5413977,
            23.0453923
          ],
          [
            72.5408711,
            23.0456196
          ],
          [
            72.5406388,
            23.0457107
          ],
          [
            72.5404113,
            23.0457862
          ],
          [
            72.5402475,
            23.0458153
          ],
          [
            72.5400172,
            23.0458247
          ],
          [
            72.5392367,
            23.0458578
          ],
          [
            72.5383275,
            23.0458815
          ],
          [
            72.5371172,
            23.0458933
          ],
          [
            72.5365845,
            23.0459058
          ],
          [
            72.5348755,
            23.0458688
          ],
          [
            72.5335209,
            23.0458718
          ],
          [
            72.5328779,
            23.0458627
          ],
          [
            72.5322221,
            23.0459188
          ],
          [
            72.5313978,
            23.0459933
          ],
          [
            72.5305682,
            23.0460982
          ],
          [
            72.5302637,
            23.0461138
          ],
          [
            72.5300264,
            23.0461483
          ],
          [
            72.5296856,
            23.0462298
          ],
          [
            72.5293451,
            23.046351
          ],
          [
            72.5290334,
            23.0464816
          ],
          [
            72.5279655,
            23.0471005
          ],
          [
            72.5273374,
            23.0474316
          ],
          [
            72.5269062,
            23.0476252
          ],
          [
            72.526471,
            23.0477592
          ],
          [
            72.526018,
            23.0478679
          ],
          [
            72.5253879,
            23.0479877
          ],
          [
            72.5245036,
            23.04814
          ],
          [
            72.5234537,
            23.0483657
          ],
          [
            72.5230142,
            23.0484512
          ],
          [
            72.5226161,
            23.0485581
          ],
          [
            72.5220158,
            23.0487982
          ],
          [
            72.5213061,
            23.0490982
          ],
          [
            72.5203665,
            23.0494582
          ],
          [
            72.5200473,
            23.0495801
          ],
          [
            72.519601,
            23.0497108
          ],
          [
            72.5193295,
            23.0497711
          ],
          [
            72.5188917,
            23.0498369
          ],
          [
            72.5183823,
            23.049879
          ],
          [
            72.5176858,
            23.0498489
          ],
          [
            72.5169011,
            23.0497921
          ],
          [
            72.5159937,
            23.0497505
          ],
          [
            72.5151942,
            23.049704
          ],
          [
            72.5150719,
            23.0497092
          ],
          [
            72.5149952,
            23.0497207
          ],
          [
            72.5145167,
            23.0499038
          ],
          [
            72.5143192,
            23.0499618
          ],
          [
            72.5141791,
            23.0499864
          ],
          [
            72.5136166,
            23.0499964
          ],
          [
            72.5134202,
            23.0500077
          ],
          [
            72.5132192,
            23.0500231
          ],
          [
            72.5129681,
            23.0500597
          ],
          [
            72.5127006,
            23.0500831
          ],
          [
            72.5123508,
            23.0500803
          ],
          [
            72.5121464,
            23.0500694
          ],
          [
            72.5115203,
            23.0500277
          ],
          [
            72.5113571,
            23.0500363
          ],
          [
            72.5112431,
            23.0500501
          ],
          [
            72.5111006,
            23.0500836
          ],
          [
            72.5109511,
            23.0501331
          ],
          [
            72.5107662,
            23.0502108
          ],
          [
            72.5104728,
            23.0503127
          ],
          [
            72.5101721,
            23.0503801
          ],
          [
            72.5100203,
            23.0503843
          ],
          [
            72.5092172,
            23.0504155
          ],
          [
            72.5086453,
            23.0504378
          ],
          [
            72.5084174,
            23.0504342
          ],
          [
            72.5077735,
            23.0503478
          ],
          [
            72.5070211,
            23.0501817
          ]
        ]
      },
      "id": "relation/9521935"
    },
    {
      "type": "Feature",
      "properties": {
        "@id": "way/588756998",
        "bridge": "yes",
        "electrified": "rail",
        "gauge": "1435",
        "layer": "1",
        "name": "Blue Line, Ahmedabad Metro",
        "railway": "subway",
        "start_date": "2019-03-04",
        "usage": "main",
        "voltage": "750",
        "@relations": [
          {
            "role": "",
            "rel": 9521935,
            "reltags": {
              "alt_name": "East-West Corridor",
              "colour": "blue",
              "duration": "00:43:46",
              "from": "Thaltej Gam",
              "interval": "00:18:00",
              "name": "Blue Line: Thaltej Gam → Vastral Gam",
              "name:gu": "પૂર્વ-પશ્ચિમ કોરિડોર: થલતેજ → વસ્ત્રાલ ગામ",
              "network": "Ahmedabad Metro",
              "network:wikidata": "Q1895288",
              "opening_hours": "06:20-22:00",
              "operator": "Gujarat Metro Rail Corporation Limited",
              "public_transport:version": "2",
              "ref": "1",
              "route": "subway",
              "source:interval": "https://www.gujaratmetrorail.com/passenger-information/time-table/",
              "to": "Vastral Gam",
              "type": "route",
              "wikidata": "Q61990549",
              "wikipedia": "en:Blue Line (Ahmedabad Metro)"
            }
          }
        ]
      },
      "geometry": {
        "type": "LineString",
        "coordinates": [
          [
            72.6476943,
            23.0034916
          ],
          [
            72.6470129,
            23.0036576
          ],
          [
            72.6468981,
            23.0036871
          ],
          [
            72.646463,
            23.0037704
          ],
          [
            72.6463231,
            23.0037913
          ],
          [
            72.6456018,
            23.0039846
          ],
          [
            72.6454322,
            23.0040111
          ],
          [
            72.645217,
            23.0040451
          ],
          [
            72.6448106,
            23.004092
          ],
          [
            72.6444565,
            23.0041174
          ],
          [
            72.6442312,
            23.0041414
          ],
          [
            72.6440864,
            23.0041643
          ],
          [
            72.6439053,
            23.0042031
          ],
          [
            72.6437095,
            23.0042618
          ],
          [
            72.6434581,
            23.004363
          ],
          [
            72.6431597,
            23.0044951
          ],
          [
            72.64264,
            23.004713
          ],
          [
            72.6423584,
            23.0048136
          ],
          [
            72.6421672,
            23.0048648
          ],
          [
            72.6419406,
            23.0049074
          ],
          [
            72.6417455,
            23.0049154
          ],
          [
            72.6414031,
            23.0049236
          ],
          [
            72.6413089,
            23.0049259
          ],
          [
            72.6409167,
            23.0049124
          ],
          [
            72.6404319,
            23.0048938
          ],
          [
            72.6396057,
            23.0048272
          ],
          [
            72.6390695,
            23.0047668
          ],
          [
            72.6386033,
            23.0047142
          ],
          [
            72.6382901,
            23.004679
          ],
          [
            72.6380802,
            23.0046759
          ],
          [
            72.6379106,
            23.0046741
          ],
          [
            72.6377798,
            23.0046827
          ],
          [
            72.6376719,
            23.0047006
          ],
          [
            72.6375062,
            23.0047383
          ],
          [
            72.6373332,
            23.0047852
          ],
          [
            72.6371006,
            23.0048617
          ],
          [
            72.63677,
            23.0049895
          ],
          [
            72.6364763,
            23.0051012
          ],
          [
            72.6355917,
            23.005413
          ]
        ]
      },
      "id": "way/588756998"
    },
    {
      "type": "Feature",
      "properties": {
        "@id": "way/686304391",
        "bridge": "yes",
        "electrified": "rail",
        "gauge": "1435",
        "layer": "1",
        "name": "Blue Line, Ahmedabad Metro",
        "railway": "subway",
        "start_date": "2019-03-04",
        "usage": "main",
        "voltage": "750",
        "@relations": [
          {
            "role": "",
            "rel": 9521935,
            "reltags": {
              "alt_name": "East-West Corridor",
              "colour": "blue",
              "duration": "00:43:46",
              "from": "Thaltej Gam",
              "interval": "00:18:00",
              "name": "Blue Line: Thaltej Gam → Vastral Gam",
              "name:gu": "પૂર્વ-પશ્ચિમ કોરિડોર: થલતેજ → વસ્ત્રાલ ગામ",
              "network": "Ahmedabad Metro",
              "network:wikidata": "Q1895288",
              "opening_hours": "06:20-22:00",
              "operator": "Gujarat Metro Rail Corporation Limited",
              "public_transport:version": "2",
              "ref": "1",
              "route": "subway",
              "source:interval": "https://www.gujaratmetrorail.com/passenger-information/time-table/",
              "to": "Vastral Gam",
              "type": "route",
              "wikidata": "Q61990549",
              "wikipedia": "en:Blue Line (Ahmedabad Metro)"
            }
          }
        ]
      },
      "geometry": {
        "type": "LineString",
        "coordinates": [
          [
            72.6585088,
            22.9998991
          ],
          [
            72.6576429,
            23.0002849
          ],
          [
            72.6567543,
            23.0006378
          ],
          [
            72.656173,
            23.0008631
          ],
          [
            72.6554039,
            23.0011616
          ],
          [
            72.6549184,
            23.0013309
          ],
          [
            72.6542584,
            23.0015431
          ],
          [
            72.6534732,
            23.00177
          ],
          [
            72.6527325,
            23.0019882
          ],
          [
            72.6520811,
            23.0021777
          ],
          [
            72.6513897,
            23.0023767
          ],
          [
            72.65111,
            23.0024622
          ],
          [
            72.6504964,
            23.0026447
          ],
          [
            72.6502226,
            23.002736
          ],
          [
            72.6499445,
            23.0028359
          ],
          [
            72.6492244,
            23.0030618
          ],
          [
            72.6487169,
            23.0032172
          ],
          [
            72.6476943,
            23.0034916
          ]
        ]
      },
      "id": "way/686304391"
    },
    {
      "type": "Feature",
      "properties": {
        "@id": "way/686304392",
        "bridge": "yes",
        "electrified": "rail",
        "gauge": "1435",
        "layer": "1",
        "name": "Blue Line, Ahmedabad Metro",
        "railway": "subway",
        "start_date": "2019-03-04",
        "usage": "main",
        "voltage": "750",
        "@relations": [
          {
            "role": "",
            "rel": 9521935,
            "reltags": {
              "alt_name": "East-West Corridor",
              "colour": "blue",
              "duration": "00:43:46",
              "from": "Thaltej Gam",
              "interval": "00:18:00",
              "name": "Blue Line: Thaltej Gam → Vastral Gam",
              "name:gu": "પૂર્વ-પશ્ચિમ કોરિડોર: થલતેજ → વસ્ત્રાલ ગામ",
              "network": "Ahmedabad Metro",
              "network:wikidata": "Q1895288",
              "opening_hours": "06:20-22:00",
              "operator": "Gujarat Metro Rail Corporation Limited",
              "public_transport:version": "2",
              "ref": "1",
              "route": "subway",
              "source:interval": "https://www.gujaratmetrorail.com/passenger-information/time-table/",
              "to": "Vastral Gam",
              "type": "route",
              "wikidata": "Q61990549",
              "wikipedia": "en:Blue Line (Ahmedabad Metro)"
            }
          }
        ]
      },
      "geometry": {
        "type": "LineString",
        "coordinates": [
          [
            72.6674512,
            22.9971313
          ],
          [
            72.6668382,
            22.9973874
          ],
          [
            72.6665209,
            22.9975084
          ],
          [
            72.6662601,
            22.9976027
          ],
          [
            72.6661805,
            22.9976267
          ],
          [
            72.6657461,
            22.9977528
          ],
          [
            72.6653346,
            22.9978541
          ],
          [
            72.6648898,
            22.9979588
          ],
          [
            72.6642743,
            22.998102
          ],
          [
            72.6637613,
            22.9982443
          ],
          [
            72.6632587,
            22.9983674
          ],
          [
            72.6627011,
            22.9984826
          ],
          [
            72.662042,
            22.9986127
          ],
          [
            72.6614029,
            22.9987358
          ],
          [
            72.6610349,
            22.99883
          ],
          [
            72.6607135,
            22.9989261
          ],
          [
            72.660447,
            22.9990264
          ],
          [
            72.659969,
            22.9992194
          ],
          [
            72.6596002,
            22.999387
          ],
          [
            72.658924,
            22.9997178
          ],
          [
            72.6586234,
            22.9998461
          ],
          [
            72.6585088,
            22.9998991
          ]
        ]
      },
      "id": "way/686304392"
    },
    {
      "type": "Feature",
      "properties": {
        "@id": "way/847089552",
        "bridge": "yes",
        "electrified": "rail",
        "gauge": "1435",
        "layer": "1",
        "name": "Blue Line, Ahmedabad Metro",
        "railway": "subway",
        "service": "yard",
        "start_date": "2019-03-04",
        "voltage": "750"
      },
      "geometry": {
        "type": "LineString",
        "coordinates": [
          [
            72.6658267,
            22.997778
          ],
          [
            72.6662601,
            22.9976027
          ]
        ]
      },
      "id": "way/847089552"
    },
    {
      "type": "Feature",
      "properties": {
        "@id": "way/847089553",
        "bridge": "yes",
        "electrified": "rail",
        "gauge": "1435",
        "layer": "1",
        "name": "Blue Line, Ahmedabad Metro",
        "railway": "subway",
        "service": "yard",
        "start_date": "2019-03-04",
        "voltage": "750"
      },
      "geometry": {
        "type": "LineString",
        "coordinates": [
          [
            72.6686546,
            22.9964981
          ],
          [
            72.6692365,
            22.9962668
          ]
        ]
      },
      "id": "way/847089553"
    },
    {
      "type": "Feature",
      "properties": {
        "@id": "way/1050722703",
        "bridge": "yes",
        "electrified": "rail",
        "gauge": "1435",
        "layer": "1",
        "name": "Blue Line, Ahmedabad Metro",
        "railway": "subway",
        "start_date": "2019-03-04",
        "usage": "main",
        "voltage": "750",
        "@relations": [
          {
            "role": "",
            "rel": 8312433,
            "reltags": {
              "alt_name": "East-West Corridor",
              "colour": "blue",
              "duration": "00:45:33",
              "from": "Vastral Gam",
              "interval": "00:18:00",
              "name": "Blue Line: Vastral Gam → Thaltej Gam",
              "name:gu": "પૂર્વ-પશ્ચિમ કોરિડોર: વસ્ત્રાલ ગામ → થલતેજ",
              "network": "Ahmedabad Metro",
              "network:wikidata": "Q1895288",
              "opening_hours": "06:20-22:00",
              "operator": "Gujarat Metro Rail Corporation Limited",
              "public_transport:version": "2",
              "ref": "1",
              "route": "subway",
              "source:interval": "https://www.gujaratmetrorail.com/passenger-information/time-table/",
              "to": "Thaltej Gam",
              "type": "route",
              "wikidata": "Q61990549",
              "wikipedia": "en:Blue Line (Ahmedabad Metro)"
            }
          }
        ]
      },
      "geometry": {
        "type": "LineString",
        "coordinates": [
          [
            72.6477227,
            23.0035358
          ],
          [
            72.6470419,
            23.0037017
          ],
          [
            72.6464914,
            23.0038147
          ],
          [
            72.6463323,
            23.0038458
          ],
          [
            72.6456257,
            23.0040299
          ],
          [
            72.6452338,
            23.0040916
          ],
          [
            72.644823,
            23.0041387
          ],
          [
            72.6444701,
            23.0041641
          ],
          [
            72.6442491,
            23.0041876
          ],
          [
            72.6441095,
            23.0042097
          ],
          [
            72.6439349,
            23.0042471
          ],
          [
            72.6437472,
            23.0043034
          ],
          [
            72.6435015,
            23.0044023
          ],
          [
            72.6432037,
            23.0045341
          ],
          [
            72.6426807,
            23.0047534
          ],
          [
            72.6423929,
            23.0048562
          ],
          [
            72.6421942,
            23.0049094
          ],
          [
            72.6419567,
            23.0049541
          ],
          [
            72.6417535,
            23.0049624
          ],
          [
            72.6414103,
            23.0049706
          ],
          [
            72.6413131,
            23.004973
          ],
          [
            72.6409177,
            23.0049594
          ],
          [
            72.6404306,
            23.0049407
          ],
          [
            72.6396007,
            23.0048738
          ],
          [
            72.6390629,
            23.0048132
          ],
          [
            72.6385968,
            23.0047606
          ],
          [
            72.6382884,
            23.004726
          ],
          [
            72.6380836,
            23.0047229
          ],
          [
            72.6379181,
            23.0047212
          ],
          [
            72.6377961,
            23.0047292
          ],
          [
            72.637696,
            23.0047458
          ],
          [
            72.6375351,
            23.0047824
          ],
          [
            72.6373666,
            23.0048281
          ],
          [
            72.6371389,
            23.004903
          ],
          [
            72.6368104,
            23.00503
          ],
          [
            72.6365086,
            23.0051237
          ],
          [
            72.635628,
            23.0054549
          ],
          [
            72.634741,
            23.005751
          ],
          [
            72.634652,
            23.0057792
          ],
          [
            72.6332796,
            23.006214
          ],
          [
            72.6320796,
            23.006559
          ],
          [
            72.6308314,
            23.0069113
          ],
          [
            72.6302742,
            23.0070733
          ],
          [
            72.6299168,
            23.0072382
          ],
          [
            72.62934,
            23.0074563
          ],
          [
            72.6287468,
            23.0077117
          ],
          [
            72.6284005,
            23.0078943
          ]
        ]
      },
      "id": "way/1050722703"
    },
    {
      "type": "Feature",
      "properties": {
        "@id": "way/1050722705",
        "bridge": "yes",
        "electrified": "rail",
        "gauge": "1435",
        "layer": "1",
        "name": "Blue Line, Ahmedabad Metro",
        "railway": "subway",
        "start_date": "2019-03-04",
        "usage": "main",
        "voltage": "750",
        "@relations": [
          {
            "role": "",
            "rel": 8312433,
            "reltags": {
              "alt_name": "East-West Corridor",
              "colour": "blue",
              "duration": "00:45:33",
              "from": "Vastral Gam",
              "interval": "00:18:00",
              "name": "Blue Line: Vastral Gam → Thaltej Gam",
              "name:gu": "પૂર્વ-પશ્ચિમ કોરિડોર: વસ્ત્રાલ ગામ → થલતેજ",
              "network": "Ahmedabad Metro",
              "network:wikidata": "Q1895288",
              "opening_hours": "06:20-22:00",
              "operator": "Gujarat Metro Rail Corporation Limited",
              "public_transport:version": "2",
              "ref": "1",
              "route": "subway",
              "source:interval": "https://www.gujaratmetrorail.com/passenger-information/time-table/",
              "to": "Thaltej Gam",
              "type": "route",
              "wikidata": "Q61990549",
              "wikipedia": "en:Blue Line (Ahmedabad Metro)"
            }
          }
        ]
      },
      "geometry": {
        "type": "LineString",
        "coordinates": [
          [
            72.6585492,
            22.9999759
          ],
          [
            72.6576654,
            23.0003378
          ],
          [
            72.65678,
            23.0006916
          ],
          [
            72.6561983,
            23.0009219
          ],
          [
            72.6554276,
            23.0012075
          ],
          [
            72.6549367,
            23.0013778
          ],
          [
            72.6542755,
            23.0015945
          ],
          [
            72.6534905,
            23.0018242
          ],
          [
            72.6527579,
            23.0020312
          ],
          [
            72.6521022,
            23.0022221
          ],
          [
            72.6514114,
            23.0024258
          ],
          [
            72.6511349,
            23.002505
          ],
          [
            72.6505211,
            23.0026933
          ],
          [
            72.6502512,
            23.0027776
          ],
          [
            72.649979,
            23.002883
          ],
          [
            72.6492562,
            23.003142
          ],
          [
            72.6487422,
            23.0032993
          ],
          [
            72.6477227,
            23.0035358
          ]
        ]
      },
      "id": "way/1050722705"
    },
    {
      "type": "Feature",
      "properties": {
        "@id": "way/1050722706",
        "bridge": "yes",
        "electrified": "rail",
        "gauge": "1435",
        "layer": "1",
        "name": "Blue Line, Ahmedabad Metro",
        "railway": "subway",
        "start_date": "2019-03-04",
        "usage": "main",
        "voltage": "750",
        "@relations": [
          {
            "role": "",
            "rel": 8312433,
            "reltags": {
              "alt_name": "East-West Corridor",
              "colour": "blue",
              "duration": "00:45:33",
              "from": "Vastral Gam",
              "interval": "00:18:00",
              "name": "Blue Line: Vastral Gam → Thaltej Gam",
              "name:gu": "પૂર્વ-પશ્ચિમ કોરિડોર: વસ્ત્રાલ ગામ → થલતેજ",
              "network": "Ahmedabad Metro",
              "network:wikidata": "Q1895288",
              "opening_hours": "06:20-22:00",
              "operator": "Gujarat Metro Rail Corporation Limited",
              "public_transport:version": "2",
              "ref": "1",
              "route": "subway",
              "source:interval": "https://www.gujaratmetrorail.com/passenger-information/time-table/",
              "to": "Thaltej Gam",
              "type": "route",
              "wikidata": "Q61990549",
              "wikipedia": "en:Blue Line (Ahmedabad Metro)"
            }
          }
        ]
      },
      "geometry": {
        "type": "LineString",
        "coordinates": [
          [
            72.6674915,
            22.9972131
          ],
          [
            72.6668771,
            22.9974698
          ],
          [
            72.6665359,
            22.9975522
          ],
          [
            72.666379,
            22.9976058
          ],
          [
            72.6661889,
            22.9976727
          ],
          [
            72.6658267,
            22.997778
          ],
          [
            72.6657519,
            22.9977996
          ],
          [
            72.6653378,
            22.9979015
          ],
          [
            72.6648923,
            22.9980064
          ],
          [
            72.6642788,
            22.9981491
          ],
          [
            72.6637664,
            22.9982912
          ],
          [
            72.6632604,
            22.9984152
          ],
          [
            72.6627005,
            22.9985308
          ],
          [
            72.6620407,
            22.9986611
          ],
          [
            72.6614045,
            22.9987836
          ],
          [
            72.6610416,
            22.9988765
          ],
          [
            72.6607256,
            22.998971
          ],
          [
            72.6604636,
            22.9990696
          ],
          [
            72.6599887,
            22.9992613
          ],
          [
            72.6596447,
            22.999467
          ],
          [
            72.6589675,
            22.9997983
          ],
          [
            72.6586658,
            22.999927
          ],
          [
            72.6585492,
            22.9999759
          ]
        ]
      },
      "id": "way/1050722706"
    },
    {
      "type": "Feature",
      "properties": {
        "@id": "way/1341479434",
        "bridge": "yes",
        "electrified": "rail",
        "gauge": "1435",
        "layer": "1",
        "name": "Blue Line, Ahmedabad Metro",
        "railway": "subway",
        "start_date": "2019-03-04",
        "usage": "main",
        "voltage": "750"
      },
      "geometry": {
        "type": "LineString",
        "coordinates": [
          [
            72.670807,
            22.995646
          ],
          [
            72.6701993,
            22.9958856
          ],
          [
            72.6693051,
            22.9962381
          ],
          [
            72.6689278,
            22.9964182
          ],
          [
            72.6686696,
            22.9965398
          ],
          [
            72.6683207,
            22.9967311
          ],
          [
            72.667973,
            22.9969678
          ],
          [
            72.6674915,
            22.9972131
          ]
        ]
      },
      "id": "way/1341479434"
    },
    {
      "type": "Feature",
      "properties": {
        "@id": "way/1341479435",
        "bridge": "yes",
        "electrified": "rail",
        "gauge": "1435",
        "layer": "1",
        "name": "Blue Line, Ahmedabad Metro",
        "railway": "subway",
        "start_date": "2019-03-04",
        "usage": "main",
        "voltage": "750"
      },
      "geometry": {
        "type": "LineString",
        "coordinates": [
          [
            72.6708008,
            22.9956004
          ],
          [
            72.6692956,
            22.9961938
          ],
          [
            72.6689153,
            22.9963753
          ],
          [
            72.6686546,
            22.9964981
          ],
          [
            72.6683037,
            22.9966905
          ],
          [
            72.6679251,
            22.9968895
          ],
          [
            72.6674512,
            22.9971313
          ]
        ]
      },
      "id": "way/1341479435"
    },
    {
      "type": "Feature",
      "properties": {
        "@id": "node/6432742907",
        "@relations": [
          {
            "role": "stop",
            "rel": 9521935,
            "reltags": {
              "alt_name": "East-West Corridor",
              "colour": "blue",
              "duration": "00:43:46",
              "from": "Thaltej Gam",
              "interval": "00:18:00",
              "name": "Blue Line: Thaltej Gam → Vastral Gam",
              "name:gu": "પૂર્વ-પશ્ચિમ કોરિડોર: થલતેજ → વસ્ત્રાલ ગામ",
              "network": "Ahmedabad Metro",
              "network:wikidata": "Q1895288",
              "opening_hours": "06:20-22:00",
              "operator": "Gujarat Metro Rail Corporation Limited",
              "public_transport:version": "2",
              "ref": "1",
              "route": "subway",
              "source:interval": "https://www.gujaratmetrorail.com/passenger-information/time-table/",
              "to": "Vastral Gam",
              "type": "route",
              "wikidata": "Q61990549",
              "wikipedia": "en:Blue Line (Ahmedabad Metro)"
            }
          }
        ]
      },
      "geometry": {
        "type": "Point",
        "coordinates": [
          72.6476943,
          23.0034916
        ]
      },
      "id": "node/6432742907"
    },
    {
      "type": "Feature",
      "properties": {
        "@id": "node/5622697516",
        "@relations": [
          {
            "role": "stop",
            "rel": 9521935,
            "reltags": {
              "alt_name": "East-West Corridor",
              "colour": "blue",
              "duration": "00:43:46",
              "from": "Thaltej Gam",
              "interval": "00:18:00",
              "name": "Blue Line: Thaltej Gam → Vastral Gam",
              "name:gu": "પૂર્વ-પશ્ચિમ કોરિડોર: થલતેજ → વસ્ત્રાલ ગામ",
              "network": "Ahmedabad Metro",
              "network:wikidata": "Q1895288",
              "opening_hours": "06:20-22:00",
              "operator": "Gujarat Metro Rail Corporation Limited",
              "public_transport:version": "2",
              "ref": "1",
              "route": "subway",
              "source:interval": "https://www.gujaratmetrorail.com/passenger-information/time-table/",
              "to": "Vastral Gam",
              "type": "route",
              "wikidata": "Q61990549",
              "wikipedia": "en:Blue Line (Ahmedabad Metro)"
            }
          }
        ]
      },
      "geometry": {
        "type": "Point",
        "coordinates": [
          72.6355917,
          23.005413
        ]
      },
      "id": "node/5622697516"
    },
    {
      "type": "Feature",
      "properties": {
        "@id": "node/6432742908",
        "@relations": [
          {
            "role": "stop",
            "rel": 9521935,
            "reltags": {
              "alt_name": "East-West Corridor",
              "colour": "blue",
              "duration": "00:43:46",
              "from": "Thaltej Gam",
              "interval": "00:18:00",
              "name": "Blue Line: Thaltej Gam → Vastral Gam",
              "name:gu": "પૂર્વ-પશ્ચિમ કોરિડોર: થલતેજ → વસ્ત્રાલ ગામ",
              "network": "Ahmedabad Metro",
              "network:wikidata": "Q1895288",
              "opening_hours": "06:20-22:00",
              "operator": "Gujarat Metro Rail Corporation Limited",
              "public_transport:version": "2",
              "ref": "1",
              "route": "subway",
              "source:interval": "https://www.gujaratmetrorail.com/passenger-information/time-table/",
              "to": "Vastral Gam",
              "type": "route",
              "wikidata": "Q61990549",
              "wikipedia": "en:Blue Line (Ahmedabad Metro)"
            }
          }
        ]
      },
      "geometry": {
        "type": "Point",
        "coordinates": [
          72.6585088,
          22.9998991
        ]
      },
      "id": "node/6432742908"
    },
    {
      "type": "Feature",
      "properties": {
        "@id": "node/6432742909",
        "@relations": [
          {
            "role": "stop",
            "rel": 9521935,
            "reltags": {
              "alt_name": "East-West Corridor",
              "colour": "blue",
              "duration": "00:43:46",
              "from": "Thaltej Gam",
              "interval": "00:18:00",
              "name": "Blue Line: Thaltej Gam → Vastral Gam",
              "name:gu": "પૂર્વ-પશ્ચિમ કોરિડોર: થલતેજ → વસ્ત્રાલ ગામ",
              "network": "Ahmedabad Metro",
              "network:wikidata": "Q1895288",
              "opening_hours": "06:20-22:00",
              "operator": "Gujarat Metro Rail Corporation Limited",
              "public_transport:version": "2",
              "ref": "1",
              "route": "subway",
              "source:interval": "https://www.gujaratmetrorail.com/passenger-information/time-table/",
              "to": "Vastral Gam",
              "type": "route",
              "wikidata": "Q61990549",
              "wikipedia": "en:Blue Line (Ahmedabad Metro)"
            }
          }
        ]
      },
      "geometry": {
        "type": "Point",
        "coordinates": [
          72.6674512,
          22.9971313
        ]
      },
      "id": "node/6432742909"
    },
    {
      "type": "Feature",
      "properties": {
        "@id": "node/9655564690",
        "@relations": [
          {
            "role": "stop",
            "rel": 8312433,
            "reltags": {
              "alt_name": "East-West Corridor",
              "colour": "blue",
              "duration": "00:45:33",
              "from": "Vastral Gam",
              "interval": "00:18:00",
              "name": "Blue Line: Vastral Gam → Thaltej Gam",
              "name:gu": "પૂર્વ-પશ્ચિમ કોરિડોર: વસ્ત્રાલ ગામ → થલતેજ",
              "network": "Ahmedabad Metro",
              "network:wikidata": "Q1895288",
              "opening_hours": "06:20-22:00",
              "operator": "Gujarat Metro Rail Corporation Limited",
              "public_transport:version": "2",
              "ref": "1",
              "route": "subway",
              "source:interval": "https://www.gujaratmetrorail.com/passenger-information/time-table/",
              "to": "Thaltej Gam",
              "type": "route",
              "wikidata": "Q61990549",
              "wikipedia": "en:Blue Line (Ahmedabad Metro)"
            }
          }
        ]
      },
      "geometry": {
        "type": "Point",
        "coordinates": [
          72.6477227,
          23.0035358
        ]
      },
      "id": "node/9655564690"
    },
    {
      "type": "Feature",
      "properties": {
        "@id": "node/9655564655",
        "@relations": [
          {
            "role": "stop",
            "rel": 8312433,
            "reltags": {
              "alt_name": "East-West Corridor",
              "colour": "blue",
              "duration": "00:45:33",
              "from": "Vastral Gam",
              "interval": "00:18:00",
              "name": "Blue Line: Vastral Gam → Thaltej Gam",
              "name:gu": "પૂર્વ-પશ્ચિમ કોરિડોર: વસ્ત્રાલ ગામ → થલતેજ",
              "network": "Ahmedabad Metro",
              "network:wikidata": "Q1895288",
              "opening_hours": "06:20-22:00",
              "operator": "Gujarat Metro Rail Corporation Limited",
              "public_transport:version": "2",
              "ref": "1",
              "route": "subway",
              "source:interval": "https://www.gujaratmetrorail.com/passenger-information/time-table/",
              "to": "Thaltej Gam",
              "type": "route",
              "wikidata": "Q61990549",
              "wikipedia": "en:Blue Line (Ahmedabad Metro)"
            }
          }
        ]
      },
      "geometry": {
        "type": "Point",
        "coordinates": [
          72.635628,
          23.0054549
        ]
      },
      "id": "node/9655564655"
    },
    {
      "type": "Feature",
      "properties": {
        "@id": "node/9655564654",
        "@relations": [
          {
            "role": "stop",
            "rel": 8312433,
            "reltags": {
              "alt_name": "East-West Corridor",
              "colour": "blue",
              "duration": "00:45:33",
              "from": "Vastral Gam",
              "interval": "00:18:00",
              "name": "Blue Line: Vastral Gam → Thaltej Gam",
              "name:gu": "પૂર્વ-પશ્ચિમ કોરિડોર: વસ્ત્રાલ ગામ → થલતેજ",
              "network": "Ahmedabad Metro",
              "network:wikidata": "Q1895288",
              "opening_hours": "06:20-22:00",
              "operator": "Gujarat Metro Rail Corporation Limited",
              "public_transport:version": "2",
              "ref": "1",
              "route": "subway",
              "source:interval": "https://www.gujaratmetrorail.com/passenger-information/time-table/",
              "to": "Thaltej Gam",
              "type": "route",
              "wikidata": "Q61990549",
              "wikipedia": "en:Blue Line (Ahmedabad Metro)"
            }
          }
        ]
      },
      "geometry": {
        "type": "Point",
        "coordinates": [
          72.6284005,
          23.0078943
        ]
      },
      "id": "node/9655564654"
    },
    {
      "type": "Feature",
      "properties": {
        "@id": "node/9655564707",
        "@relations": [
          {
            "role": "stop",
            "rel": 8312433,
            "reltags": {
              "alt_name": "East-West Corridor",
              "colour": "blue",
              "duration": "00:45:33",
              "from": "Vastral Gam",
              "interval": "00:18:00",
              "name": "Blue Line: Vastral Gam → Thaltej Gam",
              "name:gu": "પૂર્વ-પશ્ચિમ કોરિડોર: વસ્ત્રાલ ગામ → થલતેજ",
              "network": "Ahmedabad Metro",
              "network:wikidata": "Q1895288",
              "opening_hours": "06:20-22:00",
              "operator": "Gujarat Metro Rail Corporation Limited",
              "public_transport:version": "2",
              "ref": "1",
              "route": "subway",
              "source:interval": "https://www.gujaratmetrorail.com/passenger-information/time-table/",
              "to": "Thaltej Gam",
              "type": "route",
              "wikidata": "Q61990549",
              "wikipedia": "en:Blue Line (Ahmedabad Metro)"
            }
          }
        ]
      },
      "geometry": {
        "type": "Point",
        "coordinates": [
          72.6585492,
          22.9999759
        ]
      },
      "id": "node/9655564707"
    },
    {
      "type": "Feature",
      "properties": {
        "@id": "node/9655564728",
        "@relations": [
          {
            "role": "stop",
            "rel": 8312433,
            "reltags": {
              "alt_name": "East-West Corridor",
              "colour": "blue",
              "duration": "00:45:33",
              "from": "Vastral Gam",
              "interval": "00:18:00",
              "name": "Blue Line: Vastral Gam → Thaltej Gam",
              "name:gu": "પૂર્વ-પશ્ચિમ કોરિડોર: વસ્ત્રાલ ગામ → થલતેજ",
              "network": "Ahmedabad Metro",
              "network:wikidata": "Q1895288",
              "opening_hours": "06:20-22:00",
              "operator": "Gujarat Metro Rail Corporation Limited",
              "public_transport:version": "2",
              "ref": "1",
              "route": "subway",
              "source:interval": "https://www.gujaratmetrorail.com/passenger-information/time-table/",
              "to": "Thaltej Gam",
              "type": "route",
              "wikidata": "Q61990549",
              "wikipedia": "en:Blue Line (Ahmedabad Metro)"
            }
          }
        ]
      },
      "geometry": {
        "type": "Point",
        "coordinates": [
          72.6674915,
          22.9972131
        ]
      },
      "id": "node/9655564728"
    },
    {
      "type": "Feature",
      "properties": {
        "@id": "node/9655564621",
        "@relations": [
          {
            "role": "stop",
            "rel": 8312433,
            "reltags": {
              "alt_name": "East-West Corridor",
              "colour": "blue",
              "duration": "00:45:33",
              "from": "Vastral Gam",
              "interval": "00:18:00",
              "name": "Blue Line: Vastral Gam → Thaltej Gam",
              "name:gu": "પૂર્વ-પશ્ચિમ કોરિડોર: વસ્ત્રાલ ગામ → થલતેજ",
              "network": "Ahmedabad Metro",
              "network:wikidata": "Q1895288",
              "opening_hours": "06:20-22:00",
              "operator": "Gujarat Metro Rail Corporation Limited",
              "public_transport:version": "2",
              "ref": "1",
              "route": "subway",
              "source:interval": "https://www.gujaratmetrorail.com/passenger-information/time-table/",
              "to": "Thaltej Gam",
              "type": "route",
              "wikidata": "Q61990549",
              "wikipedia": "en:Blue Line (Ahmedabad Metro)"
            }
          }
        ]
      },
      "geometry": {
        "type": "Point",
        "coordinates": [
          72.6182378,
          23.0107028
        ]
      },
      "id": "node/9655564621"
    },
    {
      "type": "Feature",
      "properties": {
        "@id": "node/10076537485",
        "@relations": [
          {
            "role": "stop",
            "rel": 8312433,
            "reltags": {
              "alt_name": "East-West Corridor",
              "colour": "blue",
              "duration": "00:45:33",
              "from": "Vastral Gam",
              "interval": "00:18:00",
              "name": "Blue Line: Vastral Gam → Thaltej Gam",
              "name:gu": "પૂર્વ-પશ્ચિમ કોરિડોર: વસ્ત્રાલ ગામ → થલતેજ",
              "network": "Ahmedabad Metro",
              "network:wikidata": "Q1895288",
              "opening_hours": "06:20-22:00",
              "operator": "Gujarat Metro Rail Corporation Limited",
              "public_transport:version": "2",
              "ref": "1",
              "route": "subway",
              "source:interval": "https://www.gujaratmetrorail.com/passenger-information/time-table/",
              "to": "Thaltej Gam",
              "type": "route",
              "wikidata": "Q61990549",
              "wikipedia": "en:Blue Line (Ahmedabad Metro)"
            }
          }
        ]
      },
      "geometry": {
        "type": "Point",
        "coordinates": [
          72.6070566,
          23.0154585
        ]
      },
      "id": "node/10076537485"
    },
    {
      "type": "Feature",
      "properties": {
        "@id": "node/10076537499",
        "@relations": [
          {
            "role": "stop",
            "rel": 8312433,
            "reltags": {
              "alt_name": "East-West Corridor",
              "colour": "blue",
              "duration": "00:45:33",
              "from": "Vastral Gam",
              "interval": "00:18:00",
              "name": "Blue Line: Vastral Gam → Thaltej Gam",
              "name:gu": "પૂર્વ-પશ્ચિમ કોરિડોર: વસ્ત્રાલ ગામ → થલતેજ",
              "network": "Ahmedabad Metro",
              "network:wikidata": "Q1895288",
              "opening_hours": "06:20-22:00",
              "operator": "Gujarat Metro Rail Corporation Limited",
              "public_transport:version": "2",
              "ref": "1",
              "route": "subway",
              "source:interval": "https://www.gujaratmetrorail.com/passenger-information/time-table/",
              "to": "Thaltej Gam",
              "type": "route",
              "wikidata": "Q61990549",
              "wikipedia": "en:Blue Line (Ahmedabad Metro)"
            }
          }
        ]
      },
      "geometry": {
        "type": "Point",
        "coordinates": [
          72.603211,
          23.0246998
        ]
      },
      "id": "node/10076537499"
    },
    {
      "type": "Feature",
      "properties": {
        "@id": "node/10076537516",
        "@relations": [
          {
            "role": "stop",
            "rel": 8312433,
            "reltags": {
              "alt_name": "East-West Corridor",
              "colour": "blue",
              "duration": "00:45:33",
              "from": "Vastral Gam",
              "interval": "00:18:00",
              "name": "Blue Line: Vastral Gam → Thaltej Gam",
              "name:gu": "પૂર્વ-પશ્ચિમ કોરિડોર: વસ્ત્રાલ ગામ → થલતેજ",
              "network": "Ahmedabad Metro",
              "network:wikidata": "Q1895288",
              "opening_hours": "06:20-22:00",
              "operator": "Gujarat Metro Rail Corporation Limited",
              "public_transport:version": "2",
              "ref": "1",
              "route": "subway",
              "source:interval": "https://www.gujaratmetrorail.com/passenger-information/time-table/",
              "to": "Thaltej Gam",
              "type": "route",
              "wikidata": "Q61990549",
              "wikipedia": "en:Blue Line (Ahmedabad Metro)"
            }
          }
        ]
      },
      "geometry": {
        "type": "Point",
        "coordinates": [
          72.5868045,
          23.0287972
        ]
      },
      "id": "node/10076537516"
    },
    {
      "type": "Feature",
      "properties": {
        "@id": "node/10076565224",
        "@relations": [
          {
            "role": "stop",
            "rel": 8312433,
            "reltags": {
              "alt_name": "East-West Corridor",
              "colour": "blue",
              "duration": "00:45:33",
              "from": "Vastral Gam",
              "interval": "00:18:00",
              "name": "Blue Line: Vastral Gam → Thaltej Gam",
              "name:gu": "પૂર્વ-પશ્ચિમ કોરિડોર: વસ્ત્રાલ ગામ → થલતેજ",
              "network": "Ahmedabad Metro",
              "network:wikidata": "Q1895288",
              "opening_hours": "06:20-22:00",
              "operator": "Gujarat Metro Rail Corporation Limited",
              "public_transport:version": "2",
              "ref": "1",
              "route": "subway",
              "source:interval": "https://www.gujaratmetrorail.com/passenger-information/time-table/",
              "to": "Thaltej Gam",
              "type": "route",
              "wikidata": "Q61990549",
              "wikipedia": "en:Blue Line (Ahmedabad Metro)"
            }
          }
        ]
      },
      "geometry": {
        "type": "Point",
        "coordinates": [
          72.5810332,
          23.0392509
        ]
      },
      "id": "node/10076565224"
    },
    {
      "type": "Feature",
      "properties": {
        "@id": "node/10076565256",
        "@relations": [
          {
            "role": "stop",
            "rel": 8312433,
            "reltags": {
              "alt_name": "East-West Corridor",
              "colour": "blue",
              "duration": "00:45:33",
              "from": "Vastral Gam",
              "interval": "00:18:00",
              "name": "Blue Line: Vastral Gam → Thaltej Gam",
              "name:gu": "પૂર્વ-પશ્ચિમ કોરિડોર: વસ્ત્રાલ ગામ → થલતેજ",
              "network": "Ahmedabad Metro",
              "network:wikidata": "Q1895288",
              "opening_hours": "06:20-22:00",
              "operator": "Gujarat Metro Rail Corporation Limited",
              "public_transport:version": "2",
              "ref": "1",
              "route": "subway",
              "source:interval": "https://www.gujaratmetrorail.com/passenger-information/time-table/",
              "to": "Thaltej Gam",
              "type": "route",
              "wikidata": "Q61990549",
              "wikipedia": "en:Blue Line (Ahmedabad Metro)"
            }
          }
        ]
      },
      "geometry": {
        "type": "Point",
        "coordinates": [
          72.5670605,
          23.0375956
        ]
      },
      "id": "node/10076565256"
    },
    {
      "type": "Feature",
      "properties": {
        "@id": "node/10076565279",
        "@relations": [
          {
            "role": "stop",
            "rel": 8312433,
            "reltags": {
              "alt_name": "East-West Corridor",
              "colour": "blue",
              "duration": "00:45:33",
              "from": "Vastral Gam",
              "interval": "00:18:00",
              "name": "Blue Line: Vastral Gam → Thaltej Gam",
              "name:gu": "પૂર્વ-પશ્ચિમ કોરિડોર: વસ્ત્રાલ ગામ → થલતેજ",
              "network": "Ahmedabad Metro",
              "network:wikidata": "Q1895288",
              "opening_hours": "06:20-22:00",
              "operator": "Gujarat Metro Rail Corporation Limited",
              "public_transport:version": "2",
              "ref": "1",
              "route": "subway",
              "source:interval": "https://www.gujaratmetrorail.com/passenger-information/time-table/",
              "to": "Thaltej Gam",
              "type": "route",
              "wikidata": "Q61990549",
              "wikipedia": "en:Blue Line (Ahmedabad Metro)"
            }
          }
        ]
      },
      "geometry": {
        "type": "Point",
        "coordinates": [
          72.5616387,
          23.0398916
        ]
      },
      "id": "node/10076565279"
    },
    {
      "type": "Feature",
      "properties": {
        "@id": "node/10076565295",
        "@relations": [
          {
            "role": "stop",
            "rel": 8312433,
            "reltags": {
              "alt_name": "East-West Corridor",
              "colour": "blue",
              "duration": "00:45:33",
              "from": "Vastral Gam",
              "interval": "00:18:00",
              "name": "Blue Line: Vastral Gam → Thaltej Gam",
              "name:gu": "પૂર્વ-પશ્ચિમ કોરિડોર: વસ્ત્રાલ ગામ → થલતેજ",
              "network": "Ahmedabad Metro",
              "network:wikidata": "Q1895288",
              "opening_hours": "06:20-22:00",
              "operator": "Gujarat Metro Rail Corporation Limited",
              "public_transport:version": "2",
              "ref": "1",
              "route": "subway",
              "source:interval": "https://www.gujaratmetrorail.com/passenger-information/time-table/",
              "to": "Thaltej Gam",
              "type": "route",
              "wikidata": "Q61990549",
              "wikipedia": "en:Blue Line (Ahmedabad Metro)"
            }
          }
        ]
      },
      "geometry": {
        "type": "Point",
        "coordinates": [
          72.5530873,
          23.0407242
        ]
      },
      "id": "node/10076565295"
    },
    {
      "type": "Feature",
      "properties": {
        "@id": "node/10076565315",
        "@relations": [
          {
            "role": "stop",
            "rel": 8312433,
            "reltags": {
              "alt_name": "East-West Corridor",
              "colour": "blue",
              "duration": "00:45:33",
              "from": "Vastral Gam",
              "interval": "00:18:00",
              "name": "Blue Line: Vastral Gam → Thaltej Gam",
              "name:gu": "પૂર્વ-પશ્ચિમ કોરિડોર: વસ્ત્રાલ ગામ → થલતેજ",
              "network": "Ahmedabad Metro",
              "network:wikidata": "Q1895288",
              "opening_hours": "06:20-22:00",
              "operator": "Gujarat Metro Rail Corporation Limited",
              "public_transport:version": "2",
              "ref": "1",
              "route": "subway",
              "source:interval": "https://www.gujaratmetrorail.com/passenger-information/time-table/",
              "to": "Thaltej Gam",
              "type": "route",
              "wikidata": "Q61990549",
              "wikipedia": "en:Blue Line (Ahmedabad Metro)"
            }
          }
        ]
      },
      "geometry": {
        "type": "Point",
        "coordinates": [
          72.5435282,
          23.0448892
        ]
      },
      "id": "node/10076565315"
    },
    {
      "type": "Feature",
      "properties": {
        "@id": "node/10076565330",
        "@relations": [
          {
            "role": "stop",
            "rel": 8312433,
            "reltags": {
              "alt_name": "East-West Corridor",
              "colour": "blue",
              "duration": "00:45:33",
              "from": "Vastral Gam",
              "interval": "00:18:00",
              "name": "Blue Line: Vastral Gam → Thaltej Gam",
              "name:gu": "પૂર્વ-પશ્ચિમ કોરિડોર: વસ્ત્રાલ ગામ → થલતેજ",
              "network": "Ahmedabad Metro",
              "network:wikidata": "Q1895288",
              "opening_hours": "06:20-22:00",
              "operator": "Gujarat Metro Rail Corporation Limited",
              "public_transport:version": "2",
              "ref": "1",
              "route": "subway",
              "source:interval": "https://www.gujaratmetrorail.com/passenger-information/time-table/",
              "to": "Thaltej Gam",
              "type": "route",
              "wikidata": "Q61990549",
              "wikipedia": "en:Blue Line (Ahmedabad Metro)"
            }
          }
        ]
      },
      "geometry": {
        "type": "Point",
        "coordinates": [
          72.5348776,
          23.045928
        ]
      },
      "id": "node/10076565330"
    },
    {
      "type": "Feature",
      "properties": {
        "@id": "node/10076565352",
        "@relations": [
          {
            "role": "stop",
            "rel": 8312433,
            "reltags": {
              "alt_name": "East-West Corridor",
              "colour": "blue",
              "duration": "00:45:33",
              "from": "Vastral Gam",
              "interval": "00:18:00",
              "name": "Blue Line: Vastral Gam → Thaltej Gam",
              "name:gu": "પૂર્વ-પશ્ચિમ કોરિડોર: વસ્ત્રાલ ગામ → થલતેજ",
              "network": "Ahmedabad Metro",
              "network:wikidata": "Q1895288",
              "opening_hours": "06:20-22:00",
              "operator": "Gujarat Metro Rail Corporation Limited",
              "public_transport:version": "2",
              "ref": "1",
              "route": "subway",
              "source:interval": "https://www.gujaratmetrorail.com/passenger-information/time-table/",
              "to": "Thaltej Gam",
              "type": "route",
              "wikidata": "Q61990549",
              "wikipedia": "en:Blue Line (Ahmedabad Metro)"
            }
          }
        ]
      },
      "geometry": {
        "type": "Point",
        "coordinates": [
          72.5245109,
          23.0481838
        ]
      },
      "id": "node/10076565352"
    },
    {
      "type": "Feature",
      "properties": {
        "@id": "node/10076565366",
        "@relations": [
          {
            "role": "stop",
            "rel": 8312433,
            "reltags": {
              "alt_name": "East-West Corridor",
              "colour": "blue",
              "duration": "00:45:33",
              "from": "Vastral Gam",
              "interval": "00:18:00",
              "name": "Blue Line: Vastral Gam → Thaltej Gam",
              "name:gu": "પૂર્વ-પશ્ચિમ કોરિડોર: વસ્ત્રાલ ગામ → થલતેજ",
              "network": "Ahmedabad Metro",
              "network:wikidata": "Q1895288",
              "opening_hours": "06:20-22:00",
              "operator": "Gujarat Metro Rail Corporation Limited",
              "public_transport:version": "2",
              "ref": "1",
              "route": "subway",
              "source:interval": "https://www.gujaratmetrorail.com/passenger-information/time-table/",
              "to": "Thaltej Gam",
              "type": "route",
              "wikidata": "Q61990549",
              "wikipedia": "en:Blue Line (Ahmedabad Metro)"
            }
          }
        ]
      },
      "geometry": {
        "type": "Point",
        "coordinates": [
          72.5160136,
          23.049782
        ]
      },
      "id": "node/10076565366"
    },
    {
      "type": "Feature",
      "properties": {
        "@id": "node/11115111904",
        "@relations": [
          {
            "role": "stop",
            "rel": 8312433,
            "reltags": {
              "alt_name": "East-West Corridor",
              "colour": "blue",
              "duration": "00:45:33",
              "from": "Vastral Gam",
              "interval": "00:18:00",
              "name": "Blue Line: Vastral Gam → Thaltej Gam",
              "name:gu": "પૂર્વ-પશ્ચિમ કોરિડોર: વસ્ત્રાલ ગામ → થલતેજ",
              "network": "Ahmedabad Metro",
              "network:wikidata": "Q1895288",
              "opening_hours": "06:20-22:00",
              "operator": "Gujarat Metro Rail Corporation Limited",
              "public_transport:version": "2",
              "ref": "1",
              "route": "subway",
              "source:interval": "https://www.gujaratmetrorail.com/passenger-information/time-table/",
              "to": "Thaltej Gam",
              "type": "route",
              "wikidata": "Q61990549",
              "wikipedia": "en:Blue Line (Ahmedabad Metro)"
            }
          }
        ]
      },
      "geometry": {
        "type": "Point",
        "coordinates": [
          72.5070056,
          23.050233
        ]
      },
      "id": "node/11115111904"
    },
    {
      "type": "Feature",
      "properties": {
        "@id": "node/11115111903",
        "@relations": [
          {
            "role": "stop",
            "rel": 9521935,
            "reltags": {
              "alt_name": "East-West Corridor",
              "colour": "blue",
              "duration": "00:43:46",
              "from": "Thaltej Gam",
              "interval": "00:18:00",
              "name": "Blue Line: Thaltej Gam → Vastral Gam",
              "name:gu": "પૂર્વ-પશ્ચિમ કોરિડોર: થલતેજ → વસ્ત્રાલ ગામ",
              "network": "Ahmedabad Metro",
              "network:wikidata": "Q1895288",
              "opening_hours": "06:20-22:00",
              "operator": "Gujarat Metro Rail Corporation Limited",
              "public_transport:version": "2",
              "ref": "1",
              "route": "subway",
              "source:interval": "https://www.gujaratmetrorail.com/passenger-information/time-table/",
              "to": "Vastral Gam",
              "type": "route",
              "wikidata": "Q61990549",
              "wikipedia": "en:Blue Line (Ahmedabad Metro)"
            }
          }
        ]
      },
      "geometry": {
        "type": "Point",
        "coordinates": [
          72.5070211,
          23.0501817
        ]
      },
      "id": "node/11115111903"
    },
    {
      "type": "Feature",
      "properties": {
        "@id": "node/5622701102",
        "@relations": [
          {
            "role": "stop",
            "rel": 9521935,
            "reltags": {
              "alt_name": "East-West Corridor",
              "colour": "blue",
              "duration": "00:43:46",
              "from": "Thaltej Gam",
              "interval": "00:18:00",
              "name": "Blue Line: Thaltej Gam → Vastral Gam",
              "name:gu": "પૂર્વ-પશ્ચિમ કોરિડોર: થલતેજ → વસ્ત્રાલ ગામ",
              "network": "Ahmedabad Metro",
              "network:wikidata": "Q1895288",
              "opening_hours": "06:20-22:00",
              "operator": "Gujarat Metro Rail Corporation Limited",
              "public_transport:version": "2",
              "ref": "1",
              "route": "subway",
              "source:interval": "https://www.gujaratmetrorail.com/passenger-information/time-table/",
              "to": "Vastral Gam",
              "type": "route",
              "wikidata": "Q61990549",
              "wikipedia": "en:Blue Line (Ahmedabad Metro)"
            }
          }
        ]
      },
      "geometry": {
        "type": "Point",
        "coordinates": [
          72.5159937,
          23.0497505
        ]
      },
      "id": "node/5622701102"
    },
    {
      "type": "Feature",
      "properties": {
        "@id": "node/5622701095",
        "@relations": [
          {
            "role": "stop",
            "rel": 9521935,
            "reltags": {
              "alt_name": "East-West Corridor",
              "colour": "blue",
              "duration": "00:43:46",
              "from": "Thaltej Gam",
              "interval": "00:18:00",
              "name": "Blue Line: Thaltej Gam → Vastral Gam",
              "name:gu": "પૂર્વ-પશ્ચિમ કોરિડોર: થલતેજ → વસ્ત્રાલ ગામ",
              "network": "Ahmedabad Metro",
              "network:wikidata": "Q1895288",
              "opening_hours": "06:20-22:00",
              "operator": "Gujarat Metro Rail Corporation Limited",
              "public_transport:version": "2",
              "ref": "1",
              "route": "subway",
              "source:interval": "https://www.gujaratmetrorail.com/passenger-information/time-table/",
              "to": "Vastral Gam",
              "type": "route",
              "wikidata": "Q61990549",
              "wikipedia": "en:Blue Line (Ahmedabad Metro)"
            }
          }
        ]
      },
      "geometry": {
        "type": "Point",
        "coordinates": [
          72.5245036,
          23.04814
        ]
      },
      "id": "node/5622701095"
    },
    {
      "type": "Feature",
      "properties": {
        "@id": "node/10076565331",
        "@relations": [
          {
            "role": "stop",
            "rel": 9521935,
            "reltags": {
              "alt_name": "East-West Corridor",
              "colour": "blue",
              "duration": "00:43:46",
              "from": "Thaltej Gam",
              "interval": "00:18:00",
              "name": "Blue Line: Thaltej Gam → Vastral Gam",
              "name:gu": "પૂર્વ-પશ્ચિમ કોરિડોર: થલતેજ → વસ્ત્રાલ ગામ",
              "network": "Ahmedabad Metro",
              "network:wikidata": "Q1895288",
              "opening_hours": "06:20-22:00",
              "operator": "Gujarat Metro Rail Corporation Limited",
              "public_transport:version": "2",
              "ref": "1",
              "route": "subway",
              "source:interval": "https://www.gujaratmetrorail.com/passenger-information/time-table/",
              "to": "Vastral Gam",
              "type": "route",
              "wikidata": "Q61990549",
              "wikipedia": "en:Blue Line (Ahmedabad Metro)"
            }
          }
        ]
      },
      "geometry": {
        "type": "Point",
        "coordinates": [
          72.5348755,
          23.0458688
        ]
      },
      "id": "node/10076565331"
    },
    {
      "type": "Feature",
      "properties": {
        "@id": "node/10076565314",
        "@relations": [
          {
            "role": "stop",
            "rel": 9521935,
            "reltags": {
              "alt_name": "East-West Corridor",
              "colour": "blue",
              "duration": "00:43:46",
              "from": "Thaltej Gam",
              "interval": "00:18:00",
              "name": "Blue Line: Thaltej Gam → Vastral Gam",
              "name:gu": "પૂર્વ-પશ્ચિમ કોરિડોર: થલતેજ → વસ્ત્રાલ ગામ",
              "network": "Ahmedabad Metro",
              "network:wikidata": "Q1895288",
              "opening_hours": "06:20-22:00",
              "operator": "Gujarat Metro Rail Corporation Limited",
              "public_transport:version": "2",
              "ref": "1",
              "route": "subway",
              "source:interval": "https://www.gujaratmetrorail.com/passenger-information/time-table/",
              "to": "Vastral Gam",
              "type": "route",
              "wikidata": "Q61990549",
              "wikipedia": "en:Blue Line (Ahmedabad Metro)"
            }
          }
        ]
      },
      "geometry": {
        "type": "Point",
        "coordinates": [
          72.5435125,
          23.0448371
        ]
      },
      "id": "node/10076565314"
    },
    {
      "type": "Feature",
      "properties": {
        "@id": "node/5622701075",
        "@relations": [
          {
            "role": "stop",
            "rel": 9521935,
            "reltags": {
              "alt_name": "East-West Corridor",
              "colour": "blue",
              "duration": "00:43:46",
              "from": "Thaltej Gam",
              "interval": "00:18:00",
              "name": "Blue Line: Thaltej Gam → Vastral Gam",
              "name:gu": "પૂર્વ-પશ્ચિમ કોરિડોર: થલતેજ → વસ્ત્રાલ ગામ",
              "network": "Ahmedabad Metro",
              "network:wikidata": "Q1895288",
              "opening_hours": "06:20-22:00",
              "operator": "Gujarat Metro Rail Corporation Limited",
              "public_transport:version": "2",
              "ref": "1",
              "route": "subway",
              "source:interval": "https://www.gujaratmetrorail.com/passenger-information/time-table/",
              "to": "Vastral Gam",
              "type": "route",
              "wikidata": "Q61990549",
              "wikipedia": "en:Blue Line (Ahmedabad Metro)"
            }
          }
        ]
      },
      "geometry": {
        "type": "Point",
        "coordinates": [
          72.5530608,
          23.040679
        ]
      },
      "id": "node/5622701075"
    },
    {
      "type": "Feature",
      "properties": {
        "@id": "node/10076565280",
        "@relations": [
          {
            "role": "stop",
            "rel": 9521935,
            "reltags": {
              "alt_name": "East-West Corridor",
              "colour": "blue",
              "duration": "00:43:46",
              "from": "Thaltej Gam",
              "interval": "00:18:00",
              "name": "Blue Line: Thaltej Gam → Vastral Gam",
              "name:gu": "પૂર્વ-પશ્ચિમ કોરિડોર: થલતેજ → વસ્ત્રાલ ગામ",
              "network": "Ahmedabad Metro",
              "network:wikidata": "Q1895288",
              "opening_hours": "06:20-22:00",
              "operator": "Gujarat Metro Rail Corporation Limited",
              "public_transport:version": "2",
              "ref": "1",
              "route": "subway",
              "source:interval": "https://www.gujaratmetrorail.com/passenger-information/time-table/",
              "to": "Vastral Gam",
              "type": "route",
              "wikidata": "Q61990549",
              "wikipedia": "en:Blue Line (Ahmedabad Metro)"
            }
          }
        ]
      },
      "geometry": {
        "type": "Point",
        "coordinates": [
          72.5616387,
          23.0398351
        ]
      },
      "id": "node/10076565280"
    },
    {
      "type": "Feature",
      "properties": {
        "@id": "node/5622701067",
        "@relations": [
          {
            "role": "stop",
            "rel": 9521935,
            "reltags": {
              "alt_name": "East-West Corridor",
              "colour": "blue",
              "duration": "00:43:46",
              "from": "Thaltej Gam",
              "interval": "00:18:00",
              "name": "Blue Line: Thaltej Gam → Vastral Gam",
              "name:gu": "પૂર્વ-પશ્ચિમ કોરિડોર: થલતેજ → વસ્ત્રાલ ગામ",
              "network": "Ahmedabad Metro",
              "network:wikidata": "Q1895288",
              "opening_hours": "06:20-22:00",
              "operator": "Gujarat Metro Rail Corporation Limited",
              "public_transport:version": "2",
              "ref": "1",
              "route": "subway",
              "source:interval": "https://www.gujaratmetrorail.com/passenger-information/time-table/",
              "to": "Vastral Gam",
              "type": "route",
              "wikidata": "Q61990549",
              "wikipedia": "en:Blue Line (Ahmedabad Metro)"
            }
          }
        ]
      },
      "geometry": {
        "type": "Point",
        "coordinates": [
          72.5670608,
          23.0375426
        ]
      },
      "id": "node/5622701067"
    },
    {
      "type": "Feature",
      "properties": {
        "@id": "node/10076565225",
        "@relations": [
          {
            "role": "stop",
            "rel": 9521935,
            "reltags": {
              "alt_name": "East-West Corridor",
              "colour": "blue",
              "duration": "00:43:46",
              "from": "Thaltej Gam",
              "interval": "00:18:00",
              "name": "Blue Line: Thaltej Gam → Vastral Gam",
              "name:gu": "પૂર્વ-પશ્ચિમ કોરિડોર: થલતેજ → વસ્ત્રાલ ગામ",
              "network": "Ahmedabad Metro",
              "network:wikidata": "Q1895288",
              "opening_hours": "06:20-22:00",
              "operator": "Gujarat Metro Rail Corporation Limited",
              "public_transport:version": "2",
              "ref": "1",
              "route": "subway",
              "source:interval": "https://www.gujaratmetrorail.com/passenger-information/time-table/",
              "to": "Vastral Gam",
              "type": "route",
              "wikidata": "Q61990549",
              "wikipedia": "en:Blue Line (Ahmedabad Metro)"
            }
          }
        ]
      },
      "geometry": {
        "type": "Point",
        "coordinates": [
          72.5810285,
          23.0391575
        ]
      },
      "id": "node/10076565225"
    },
    {
      "type": "Feature",
      "properties": {
        "@id": "node/5622701055",
        "@relations": [
          {
            "role": "stop",
            "rel": 9521935,
            "reltags": {
              "alt_name": "East-West Corridor",
              "colour": "blue",
              "duration": "00:43:46",
              "from": "Thaltej Gam",
              "interval": "00:18:00",
              "name": "Blue Line: Thaltej Gam → Vastral Gam",
              "name:gu": "પૂર્વ-પશ્ચિમ કોરિડોર: થલતેજ → વસ્ત્રાલ ગામ",
              "network": "Ahmedabad Metro",
              "network:wikidata": "Q1895288",
              "opening_hours": "06:20-22:00",
              "operator": "Gujarat Metro Rail Corporation Limited",
              "public_transport:version": "2",
              "ref": "1",
              "route": "subway",
              "source:interval": "https://www.gujaratmetrorail.com/passenger-information/time-table/",
              "to": "Vastral Gam",
              "type": "route",
              "wikidata": "Q61990549",
              "wikipedia": "en:Blue Line (Ahmedabad Metro)"
            }
          }
        ]
      },
      "geometry": {
        "type": "Point",
        "coordinates": [
          72.586749,
          23.0287794
        ]
      },
      "id": "node/5622701055"
    },
    {
      "type": "Feature",
      "properties": {
        "@id": "node/5622701044",
        "@relations": [
          {
            "role": "stop",
            "rel": 9521935,
            "reltags": {
              "alt_name": "East-West Corridor",
              "colour": "blue",
              "duration": "00:43:46",
              "from": "Thaltej Gam",
              "interval": "00:18:00",
              "name": "Blue Line: Thaltej Gam → Vastral Gam",
              "name:gu": "પૂર્વ-પશ્ચિમ કોરિડોર: થલતેજ → વસ્ત્રાલ ગામ",
              "network": "Ahmedabad Metro",
              "network:wikidata": "Q1895288",
              "opening_hours": "06:20-22:00",
              "operator": "Gujarat Metro Rail Corporation Limited",
              "public_transport:version": "2",
              "ref": "1",
              "route": "subway",
              "source:interval": "https://www.gujaratmetrorail.com/passenger-information/time-table/",
              "to": "Vastral Gam",
              "type": "route",
              "wikidata": "Q61990549",
              "wikipedia": "en:Blue Line (Ahmedabad Metro)"
            }
          }
        ]
      },
      "geometry": {
        "type": "Point",
        "coordinates": [
          72.603093,
          23.0246945
        ]
      },
      "id": "node/5622701044"
    },
    {
      "type": "Feature",
      "properties": {
        "@id": "node/5622701037",
        "@relations": [
          {
            "role": "stop",
            "rel": 9521935,
            "reltags": {
              "alt_name": "East-West Corridor",
              "colour": "blue",
              "duration": "00:43:46",
              "from": "Thaltej Gam",
              "interval": "00:18:00",
              "name": "Blue Line: Thaltej Gam → Vastral Gam",
              "name:gu": "પૂર્વ-પશ્ચિમ કોરિડોર: થલતેજ → વસ્ત્રાલ ગામ",
              "network": "Ahmedabad Metro",
              "network:wikidata": "Q1895288",
              "opening_hours": "06:20-22:00",
              "operator": "Gujarat Metro Rail Corporation Limited",
              "public_transport:version": "2",
              "ref": "1",
              "route": "subway",
              "source:interval": "https://www.gujaratmetrorail.com/passenger-information/time-table/",
              "to": "Vastral Gam",
              "type": "route",
              "wikidata": "Q61990549",
              "wikipedia": "en:Blue Line (Ahmedabad Metro)"
            }
          }
        ]
      },
      "geometry": {
        "type": "Point",
        "coordinates": [
          72.6069352,
          23.0154543
        ]
      },
      "id": "node/5622701037"
    },
    {
      "type": "Feature",
      "properties": {
        "@id": "node/5622701027",
        "@relations": [
          {
            "role": "stop",
            "rel": 9521935,
            "reltags": {
              "alt_name": "East-West Corridor",
              "colour": "blue",
              "duration": "00:43:46",
              "from": "Thaltej Gam",
              "interval": "00:18:00",
              "name": "Blue Line: Thaltej Gam → Vastral Gam",
              "name:gu": "પૂર્વ-પશ્ચિમ કોરિડોર: થલતેજ → વસ્ત્રાલ ગામ",
              "network": "Ahmedabad Metro",
              "network:wikidata": "Q1895288",
              "opening_hours": "06:20-22:00",
              "operator": "Gujarat Metro Rail Corporation Limited",
              "public_transport:version": "2",
              "ref": "1",
              "route": "subway",
              "source:interval": "https://www.gujaratmetrorail.com/passenger-information/time-table/",
              "to": "Vastral Gam",
              "type": "route",
              "wikidata": "Q61990549",
              "wikipedia": "en:Blue Line (Ahmedabad Metro)"
            }
          }
        ]
      },
      "geometry": {
        "type": "Point",
        "coordinates": [
          72.6182366,
          23.0106557
        ]
      },
      "id": "node/5622701027"
    },
    {
      "type": "Feature",
      "properties": {
        "@id": "node/6432742906",
        "@relations": [
          {
            "role": "stop",
            "rel": 9521935,
            "reltags": {
              "alt_name": "East-West Corridor",
              "colour": "blue",
              "duration": "00:43:46",
              "from": "Thaltej Gam",
              "interval": "00:18:00",
              "name": "Blue Line: Thaltej Gam → Vastral Gam",
              "name:gu": "પૂર્વ-પશ્ચિમ કોરિડોર: થલતેજ → વસ્ત્રાલ ગામ",
              "network": "Ahmedabad Metro",
              "network:wikidata": "Q1895288",
              "opening_hours": "06:20-22:00",
              "operator": "Gujarat Metro Rail Corporation Limited",
              "public_transport:version": "2",
              "ref": "1",
              "route": "subway",
              "source:interval": "https://www.gujaratmetrorail.com/passenger-information/time-table/",
              "to": "Vastral Gam",
              "type": "route",
              "wikidata": "Q61990549",
              "wikipedia": "en:Blue Line (Ahmedabad Metro)"
            }
          }
        ]
      },
      "geometry": {
        "type": "Point",
        "coordinates": [
          72.6283735,
          23.0078462
        ]
      },
      "id": "node/6432742906"
    }
  ]
}