{
  "type": "FeatureCollection",
  "generator": "overpass-turbo",
  "copyright": "The data included in this document is from www.openstreetmap.org. The data is made available under ODbL.",
  "timestamp": "2026-01-08T19:13:14Z",
  "features": [
    {
      "type": "Feature",
      "properties": {
        "@id": "way/588756998",
        "bridge": "yes",
        "electrified": "rail",
        "gauge": "1435",
        "layer": "1",
        "name": "Blue Line, Ahmedabad Metro",
        "railway": "subway",
        "start_date": "2019-03-04",
        "usage": "main",
        "voltage": "750"
      },
      "geometry": {
        "type": "LineString",
        "coordinates": [
          [
            72.6476943,
            23.0034916
          ],
          [
            72.6470129,
            23.0036576
          ],
          [
            72.6468981,
            23.0036871
          ],
          [
            72.646463,
            23.0037704
          ],
          [
            72.6463231,
            23.0037913
          ],
          [
            72.6456018,
            23.0039846
          ],
          [
            72.6454322,
            23.0040111
          ],
          [
            72.645217,
            23.0040451
          ],
          [
            72.6448106,
            23.004092
          ],
          [
            72.6444565,
            23.0041174
          ],
          [
            72.6442312,
            23.0041414
          ],
          [
            72.6440864,
            23.0041643
          ],
          [
            72.6439053,
            23.0042031
          ],
          [
            72.6437095,
            23.0042618
          ],
          [
            72.6434581,
            23.004363
          ],
          [
            72.6431597,
            23.0044951
          ],
          [
            72.64264,
            23.004713
          ],
          [
            72.6423584,
            23.0048136
          ],
          [
            72.6421672,
            23.0048648
          ],
          [
            72.6419406,
            23.0049074
          ],
          [
            72.6417455,
            23.0049154
          ],
          [
            72.6414031,
            23.0049236
          ],
          [
            72.6413089,
            23.0049259
          ],
          [
            72.6409167,
            23.0049124
          ],
          [
            72.6404319,
            23.0048938
          ],
          [
            72.6396057,
            23.0048272
          ],
          [
            72.6390695,
            23.0047668
          ],
          [
            72.6386033,
            23.0047142
          ],
          [
            72.6382901,
            23.004679
          ],
          [
            72.6380802,
            23.0046759
          ],
          [
            72.6379106,
            23.0046741
          ],
          [
            72.6377798,
            23.0046827
          ],
          [
            72.6376719,
            23.0047006
          ],
          [
            72.6375062,
            23.0047383
          ],
          [
            72.6373332,
            23.0047852
          ],
          [
            72.6371006,
            23.0048617
          ],
          [
            72.63677,
            23.0049895
          ],
          [
            72.6364763,
            23.0051012
          ],
          [
            72.6355917,
            23.005413
          ]
        ]
      },
      "id": "way/588756998"
    },
    {
      "type": "Feature",
      "properties": {
        "@id": "way/588757000",
        "electrified": "rail",
        "gauge": "1435",
        "layer": "-1",
        "name": "Blue Line, Ahmedabad Metro",
        "railway": "subway",
        "start_date": "2022-09-30",
        "tunnel": "yes",
        "usage": "main",
        "voltage": "750"
      },
      "geometry": {
        "type": "LineString",
        "coordinates": [
          [
            72.5765854,
            23.0383316
          ],
          [
            72.5769753,
            23.0386972
          ],
          [
            72.5772209,
            23.0388997
          ],
          [
            72.5773776,
            23.0389891
          ],
          [
            72.57776,
            23.0391002
          ],
          [
            72.5780988,
            23.0392304
          ],
          [
            72.5786782,
            23.0393219
          ],
          [
            72.5787902,
            23.039332
          ],
          [
            72.5790421,
            23.0393546
          ],
          [
            72.5793177,
            23.0393288
          ],
          [
            72.5799718,
            23.0392365
          ],
          [
            72.5810285,
            23.0391575
          ],
          [
            72.5819391,
            23.0390778
          ],
          [
            72.5824442,
            23.0389515
          ],
          [
            72.5827432,
            23.0387644
          ],
          [
            72.5830405,
            23.0384421
          ],
          [
            72.583204,
            23.0380748
          ],
          [
            72.5848274,
            23.0335263
          ],
          [
            72.586749,
            23.0287794
          ],
          [
            72.5870277,
            23.0281254
          ],
          [
            72.587195,
            23.0278992
          ],
          [
            72.5874913,
            23.0277668
          ],
          [
            72.5879369,
            23.027731
          ],
          [
            72.588547,
            23.0277571
          ],
          [
            72.5957767,
            23.0302236
          ],
          [
            72.5969871,
            23.030204
          ],
          [
            72.5998701,
            23.0302054
          ],
          [
            72.6011777,
            23.0301495
          ],
          [
            72.6016849,
            23.0301162
          ],
          [
            72.602086,
            23.0299835
          ],
          [
            72.6024174,
            23.0296683
          ],
          [
            72.6027067,
            23.0292323
          ],
          [
            72.6028833,
            23.0286827
          ],
          [
            72.6030459,
            23.0278581
          ],
          [
            72.6030765,
            23.0270471
          ],
          [
            72.603093,
            23.0246945
          ],
          [
            72.6031034,
            23.0234902
          ],
          [
            72.6031451,
            23.0227136
          ],
          [
            72.6032165,
            23.0223435
          ],
          [
            72.6034059,
            23.0219733
          ],
          [
            72.6039404,
            23.0212973
          ],
          [
            72.6042405,
            23.0209986
          ],
          [
            72.6046962,
            23.0207246
          ],
          [
            72.6058815,
            23.02008
          ],
          [
            72.6063157,
            23.019707
          ],
          [
            72.6066595,
            23.0192553
          ],
          [
            72.6067992,
            23.0188048
          ],
          [
            72.6068531,
            23.0183444
          ],
          [
            72.606941,
            23.0165648
          ],
          [
            72.6069352,
            23.0154543
          ],
          [
            72.6069453,
            23.0146167
          ],
          [
            72.6069637,
            23.0136924
          ],
          [
            72.6070339,
            23.0129094
          ],
          [
            72.6071739,
            23.0120881
          ],
          [
            72.6072866,
            23.0115676
          ],
          [
            72.6075389,
            23.0110848
          ],
          [
            72.6078153,
            23.0106267
          ],
          [
            72.60806,
            23.0103966
          ],
          [
            72.6082534,
            23.0102872
          ],
          [
            72.6084789,
            23.0102519
          ],
          [
            72.6087577,
            23.0102447
          ],
          [
            72.6094703,
            23.0102771
          ],
          [
            72.6109124,
            23.0103611
          ],
          [
            72.6117554,
            23.010432
          ]
        ]
      },
      "id": "way/588757000"
    },
    {
      "type": "Feature",
      "properties": {
        "@id": "way/588757001",
        "bridge": "yes",
        "electrified": "rail",
        "gauge": "1435",
        "layer": "1",
        "name": "Blue Line, Ahmedabad Metro",
        "railway": "subway",
        "start_date": "2022-09-30",
        "usage": "main",
        "voltage": "750"
      },
      "geometry": {
        "type": "LineString",
        "coordinates": [
          [
            72.5423149,
            23.0450536
          ],
          [
            72.5426659,
            23.04499
          ],
          [
            72.5435125,
            23.0448371
          ],
          [
            72.5445056,
            23.0446566
          ],
          [
            72.5450543,
            23.0445676
          ],
          [
            72.5456459,
            23.0444534
          ],
          [
            72.5461073,
            23.0443597
          ],
          [
            72.546382,
            23.0442791
          ],
          [
            72.5466519,
            23.0441674
          ],
          [
            72.5467967,
            23.0441113
          ],
          [
            72.5470075,
            23.0439884
          ],
          [
            72.5488638,
            23.0428233
          ],
          [
            72.5493899,
            23.0424974
          ],
          [
            72.5499231,
            23.0422259
          ],
          [
            72.5505776,
            23.0418874
          ],
          [
            72.5514458,
            23.0415358
          ],
          [
            72.5517366,
            23.0413982
          ],
          [
            72.5520369,
            23.0412346
          ],
          [
            72.5530608,
            23.040679
          ],
          [
            72.5539608,
            23.0401164
          ],
          [
            72.5541418,
            23.0400325
          ],
          [
            72.5542766,
            23.0399819
          ],
          [
            72.5544551,
            23.0399407
          ],
          [
            72.5546336,
            23.0399248
          ],
          [
            72.5554455,
            23.0399289
          ],
          [
            72.5569848,
            23.04001
          ],
          [
            72.557279,
            23.0400326
          ],
          [
            72.5579107,
            23.040025
          ],
          [
            72.5591126,
            23.0399768
          ],
          [
            72.5596949,
            23.0399441
          ],
          [
            72.5603992,
            23.0399246
          ],
          [
            72.5609019,
            23.0398922
          ],
          [
            72.5616387,
            23.0398351
          ],
          [
            72.5624514,
            23.0397658
          ],
          [
            72.5628084,
            23.0397501
          ],
          [
            72.5630327,
            23.0397014
          ],
          [
            72.5632289,
            23.0396528
          ],
          [
            72.5634105,
            23.0395901
          ],
          [
            72.5636845,
            23.0394509
          ],
          [
            72.5638437,
            23.0393375
          ],
          [
            72.5640797,
            23.0391655
          ],
          [
            72.5643853,
            23.0388614
          ],
          [
            72.5646786,
            23.0386011
          ],
          [
            72.5649703,
            23.0383407
          ],
          [
            72.5652212,
            23.0381303
          ],
          [
            72.5654029,
            23.0379925
          ],
          [
            72.5655978,
            23.0378714
          ],
          [
            72.5656947,
            23.0378308
          ],
          [
            72.5658604,
            23.0377615
          ],
          [
            72.566247,
            23.0376469
          ],
          [
            72.5670608,
            23.0375426
          ],
          [
            72.5679045,
            23.0374406
          ],
          [
            72.5684594,
            23.0373695
          ],
          [
            72.5686939,
            23.0373537
          ],
          [
            72.5689205,
            23.037345
          ],
          [
            72.5691878,
            23.0373591
          ],
          [
            72.5694427,
            23.0373881
          ],
          [
            72.56986,
            23.037446
          ],
          [
            72.5707385,
            23.0375623
          ],
          [
            72.5712539,
            23.0376406
          ],
          [
            72.5720645,
            23.0376867
          ],
          [
            72.5733072,
            23.0377306
          ],
          [
            72.5746879,
            23.0378038
          ],
          [
            72.5751957,
            23.0378333
          ],
          [
            72.5756635,
            23.0378731
          ],
          [
            72.5759743,
            23.0379685
          ],
          [
            72.5762161,
            23.0380779
          ],
          [
            72.5764575,
            23.0382269
          ],
          [
            72.5765854,
            23.0383316
          ]
        ]
      },
      "id": "way/588757001"
    },
    {
      "type": "Feature",
      "properties": {
        "@id": "way/686304389",
        "bridge": "yes",
        "electrified": "rail",
        "gauge": "1435",
        "layer": "1",
        "name": "Blue Line, Ahmedabad Metro",
        "railway": "subway",
        "start_date": "2019-03-04",
        "usage": "main",
        "voltage": "750"
      },
      "geometry": {
        "type": "LineString",
        "coordinates": [
          [
            72.6283735,
            23.0078462
          ],
          [
            72.6273836,
            23.0082729
          ],
          [
            72.6269273,
            23.0084606
          ],
          [
            72.6265157,
            23.0086159
          ],
          [
            72.6261534,
            23.008712
          ],
          [
            72.6258005,
            23.0088022
          ],
          [
            72.6252421,
            23.0088577
          ],
          [
            72.6248656,
            23.0088891
          ],
          [
            72.62462,
            23.0089075
          ],
          [
            72.6243479,
            23.0089616
          ],
          [
            72.6241535,
            23.0090035
          ],
          [
            72.6238804,
            23.0090925
          ],
          [
            72.6235598,
            23.0092156
          ],
          [
            72.6233362,
            23.0093045
          ],
          [
            72.6228561,
            23.0094985
          ],
          [
            72.6222265,
            23.0097297
          ],
          [
            72.6217089,
            23.0099282
          ],
          [
            72.6215295,
            23.0099939
          ],
          [
            72.6210116,
            23.0101837
          ],
          [
            72.6203343,
            23.0104244
          ],
          [
            72.6198699,
            23.0105553
          ],
          [
            72.6196187,
            23.0106164
          ],
          [
            72.6194524,
            23.0106387
          ],
          [
            72.6191961,
            23.0106523
          ],
          [
            72.6182366,
            23.0106557
          ]
        ]
      },
      "id": "way/686304389"
    },
    {
      "type": "Feature",
      "properties": {
        "@id": "way/686304390",
        "bridge": "yes",
        "electrified": "rail",
        "gauge": "1435",
        "layer": "1",
        "name": "Blue Line, Ahmedabad Metro",
        "railway": "subway",
        "start_date": "2019-03-04",
        "usage": "main",
        "voltage": "750"
      },
      "geometry": {
        "type": "LineString",
        "coordinates": [
          [
            72.6355917,
            23.005413
          ],
          [
            72.6347054,
            23.0057088
          ],
          [
            72.6346011,
            23.0057608
          ],
          [
            72.633246,
            23.0061712
          ],
          [
            72.6320619,
            23.0065245
          ],
          [
            72.630818,
            23.0068821
          ],
          [
            72.6302421,
            23.007051
          ],
          [
            72.629876,
            23.0071979
          ],
          [
            72.629298,
            23.0074164
          ],
          [
            72.6287032,
            23.0076725
          ],
          [
            72.6283735,
            23.0078462
          ]
        ]
      },
      "id": "way/686304390"
    },
    {
      "type": "Feature",
      "properties": {
        "@id": "way/686304391",
        "bridge": "yes",
        "electrified": "rail",
        "gauge": "1435",
        "layer": "1",
        "name": "Blue Line, Ahmedabad Metro",
        "railway": "subway",
        "start_date": "2019-03-04",
        "usage": "main",
        "voltage": "750"
      },
      "geometry": {
        "type": "LineString",
        "coordinates": [
          [
            72.6585088,
            22.9998991
          ],
          [
            72.6576429,
            23.0002849
          ],
          [
            72.6567543,
            23.0006378
          ],
          [
            72.656173,
            23.0008631
          ],
          [
            72.6554039,
            23.0011616
          ],
          [
            72.6549184,
            23.0013309
          ],
          [
            72.6542584,
            23.0015431
          ],
          [
            72.6534732,
            23.00177
          ],
          [
            72.6527325,
            23.0019882
          ],
          [
            72.6520811,
            23.0021777
          ],
          [
            72.6513897,
            23.0023767
          ],
          [
            72.65111,
            23.0024622
          ],
          [
            72.6504964,
            23.0026447
          ],
          [
            72.6502226,
            23.002736
          ],
          [
            72.6499445,
            23.0028359
          ],
          [
            72.6492244,
            23.0030618
          ],
          [
            72.6487169,
            23.0032172
          ],
          [
            72.6476943,
            23.0034916
          ]
        ]
      },
      "id": "way/686304391"
    },
    {
      "type": "Feature",
      "properties": {
        "@id": "way/686304394",
        "bridge": "yes",
        "electrified": "rail",
        "gauge": "1435",
        "layer": "1",
        "name": "Blue Line, Ahmedabad Metro",
        "railway": "subway",
        "start_date": "2019-03-04",
        "usage": "main",
        "voltage": "750"
      },
      "geometry": {
        "type": "LineString",
        "coordinates": [
          [
            72.6182366,
            23.0106557
          ],
          [
            72.6177346,
            23.0106613
          ],
          [
            72.6162414,
            23.0106624
          ],
          [
            72.6158249,
            23.0106783
          ],
          [
            72.6146712,
            23.0107007
          ],
          [
            72.6144713,
            23.0106953
          ],
          [
            72.6141835,
            23.0106639
          ],
          [
            72.6125798,
            23.010487
          ],
          [
            72.6122583,
            23.0104598
          ],
          [
            72.6117554,
            23.010432
          ]
        ]
      },
      "id": "way/686304394"
    },
    {
      "type": "Feature",
      "properties": {
        "@id": "way/823921078",
        "electrified": "rail",
        "gauge": "1435",
        "railway": "subway",
        "service": "yard"
      },
      "geometry": {
        "type": "LineString",
        "coordinates": [
          [
            72.6091431,
            23.0121546
          ],
          [
            72.6092942,
            23.0121475
          ],
          [
            72.6099424,
            23.0121148
          ],
          [
            72.6107029,
            23.0120673
          ],
          [
            72.6124717,
            23.0119511
          ],
          [
            72.613145,
            23.0119086
          ],
          [
            72.6136533,
            23.0118981
          ],
          [
            72.613886,
            23.0119035
          ],
          [
            72.6149058,
            23.0120215
          ],
          [
            72.6158751,
            23.0121493
          ],
          [
            72.616424,
            23.0122108
          ],
          [
            72.6169058,
            23.0122225
          ],
          [
            72.617297,
            23.0122073
          ],
          [
            72.6175018,
            23.0121837
          ]
        ]
      },
      "id": "way/823921078"
    },
    {
      "type": "Feature",
      "properties": {
        "@id": "way/823921079",
        "electrified": "rail",
        "gauge": "1435",
        "railway": "subway",
        "service": "yard"
      },
      "geometry": {
        "type": "LineString",
        "coordinates": [
          [
            72.6112428,
            23.0106379
          ],
          [
            72.6112569,
            23.0106381
          ],
          [
            72.6112905,
            23.010644
          ],
          [
            72.6113543,
            23.0106592
          ],
          [
            72.6114275,
            23.0106812
          ],
          [
            72.6115097,
            23.0107105
          ],
          [
            72.6117033,
            23.010786
          ]
        ]
      },
      "id": "way/823921079"
    },
    {
      "type": "Feature",
      "properties": {
        "@id": "way/823921080",
        "electrified": "rail",
        "gauge": "1435",
        "railway": "subway",
        "service": "yard"
      },
      "geometry": {
        "type": "LineString",
        "coordinates": [
          [
            72.611241,
            23.0106772
          ],
          [
            72.6112611,
            23.0106774
          ],
          [
            72.6113148,
            23.0106834
          ],
          [
            72.6113953,
            23.0106987
          ],
          [
            72.6114802,
            23.0107178
          ],
          [
            72.6115738,
            23.0107449
          ],
          [
            72.6117033,
            23.010786
          ],
          [
            72.6118075,
            23.0108257
          ],
          [
            72.6118619,
            23.0108435
          ],
          [
            72.6119358,
            23.0108642
          ]
        ]
      },
      "id": "way/823921080"
    },
    {
      "type": "Feature",
      "properties": {
        "@id": "way/823921081",
        "electrified": "rail",
        "gauge": "1435",
        "railway": "subway",
        "service": "yard"
      },
      "geometry": {
        "type": "LineString",
        "coordinates": [
          [
            72.6112433,
            23.0107134
          ],
          [
            72.6112599,
            23.0107147
          ],
          [
            72.6113136,
            23.0107214
          ],
          [
            72.611411,
            23.0107378
          ],
          [
            72.6115287,
            23.0107649
          ],
          [
            72.6116699,
            23.0108009
          ],
          [
            72.6119358,
            23.0108642
          ],
          [
            72.6120808,
            23.0108904
          ],
          [
            72.6121608,
            23.0108982
          ],
          [
            72.6122814,
            23.010904
          ]
        ]
      },
      "id": "way/823921081"
    },
    {
      "type": "Feature",
      "properties": {
        "@id": "way/823921082",
        "electrified": "rail",
        "gauge": "1435",
        "railway": "subway",
        "service": "yard"
      },
      "geometry": {
        "type": "LineString",
        "coordinates": [
          [
            72.6112436,
            23.0107586
          ],
          [
            72.6112607,
            23.0107583
          ],
          [
            72.6114032,
            23.0107638
          ],
          [
            72.6115134,
            23.0107751
          ],
          [
            72.6116699,
            23.0108009
          ]
        ]
      },
      "id": "way/823921082"
    },
    {
      "type": "Feature",
      "properties": {
        "@id": "way/823921083",
        "electrified": "rail",
        "gauge": "1435",
        "railway": "subway",
        "service": "yard"
      },
      "geometry": {
        "type": "LineString",
        "coordinates": [
          [
            72.611244,
            23.0107978
          ],
          [
            72.6112624,
            23.0107995
          ],
          [
            72.6113308,
            23.0108029
          ],
          [
            72.6114167,
            23.010815
          ],
          [
            72.6114898,
            23.0108317
          ],
          [
            72.611574,
            23.0108521
          ],
          [
            72.6116416,
            23.0108693
          ],
          [
            72.6117423,
            23.0108873
          ]
        ]
      },
      "id": "way/823921083"
    },
    {
      "type": "Feature",
      "properties": {
        "@id": "way/823921084",
        "electrified": "rail",
        "gauge": "1435",
        "railway": "subway",
        "service": "yard"
      },
      "geometry": {
        "type": "LineString",
        "coordinates": [
          [
            72.6112442,
            23.0108413
          ],
          [
            72.6112625,
            23.0108394
          ],
          [
            72.6113213,
            23.0108414
          ],
          [
            72.6115672,
            23.0108657
          ],
          [
            72.6117423,
            23.0108873
          ],
          [
            72.6118267,
            23.0108964
          ],
          [
            72.6120181,
            23.0109082
          ]
        ]
      },
      "id": "way/823921084"
    },
    {
      "type": "Feature",
      "properties": {
        "@id": "way/823921085",
        "electrified": "rail",
        "gauge": "1435",
        "railway": "subway",
        "service": "yard"
      },
      "geometry": {
        "type": "LineString",
        "coordinates": [
          [
            72.6112439,
            23.0108748
          ],
          [
            72.6112655,
            23.0108757
          ],
          [
            72.6113385,
            23.0108773
          ],
          [
            72.6114254,
            23.010885
          ],
          [
            72.6115443,
            23.0108978
          ],
          [
            72.6116155,
            23.0109045
          ],
          [
            72.6117378,
            23.0109094
          ]
        ]
      },
      "id": "way/823921085"
    },
    {
      "type": "Feature",
      "properties": {
        "@id": "way/823921086",
        "electrified": "rail",
        "gauge": "1435",
        "railway": "subway",
        "service": "yard"
      },
      "geometry": {
        "type": "LineString",
        "coordinates": [
          [
            72.6112455,
            23.0109179
          ],
          [
            72.6112664,
            23.0109167
          ],
          [
            72.6117378,
            23.0109094
          ],
          [
            72.6120181,
            23.0109082
          ],
          [
            72.6122814,
            23.010904
          ],
          [
            72.6125367,
            23.0109008
          ],
          [
            72.6127533,
            23.0108966
          ],
          [
            72.6128968,
            23.0108929
          ],
          [
            72.6130927,
            23.0108756
          ],
          [
            72.6133087,
            23.0108668
          ],
          [
            72.6139872,
            23.0108601
          ],
          [
            72.6143248,
            23.0108554
          ]
        ]
      },
      "id": "way/823921086"
    },
    {
      "type": "Feature",
      "properties": {
        "@id": "way/823921087",
        "electrified": "rail",
        "gauge": "1435",
        "railway": "subway",
        "service": "yard"
      },
      "geometry": {
        "type": "LineString",
        "coordinates": [
          [
            72.6112452,
            23.0109616
          ],
          [
            72.6112672,
            23.0109627
          ],
          [
            72.611675,
            23.0109555
          ],
          [
            72.6119475,
            23.0109516
          ]
        ]
      },
      "id": "way/823921087"
    },
    {
      "type": "Feature",
      "properties": {
        "@id": "way/823921088",
        "electrified": "rail",
        "gauge": "1435",
        "railway": "subway",
        "service": "yard"
      },
      "geometry": {
        "type": "LineString",
        "coordinates": [
          [
            72.6112455,
            23.0110048
          ],
          [
            72.6112683,
            23.0110046
          ],
          [
            72.6113268,
            23.0110011
          ],
          [
            72.6113973,
            23.0109918
          ],
          [
            72.6114927,
            23.0109757
          ],
          [
            72.6115586,
            23.0109668
          ],
          [
            72.611675,
            23.0109555
          ]
        ]
      },
      "id": "way/823921088"
    },
    {
      "type": "Feature",
      "properties": {
        "@id": "way/823921089",
        "electrified": "rail",
        "gauge": "1435",
        "railway": "subway",
        "service": "yard"
      },
      "geometry": {
        "type": "LineString",
        "coordinates": [
          [
            72.6112458,
            23.0110395
          ],
          [
            72.6112695,
            23.0110404
          ],
          [
            72.6114305,
            23.01102
          ],
          [
            72.6116766,
            23.0109797
          ],
          [
            72.6117441,
            23.0109705
          ],
          [
            72.6118242,
            23.0109622
          ],
          [
            72.6119475,
            23.0109516
          ],
          [
            72.612227,
            23.0109514
          ]
        ]
      },
      "id": "way/823921089"
    },
    {
      "type": "Feature",
      "properties": {
        "@id": "way/823921090",
        "electrified": "rail",
        "gauge": "1435",
        "railway": "subway",
        "service": "yard"
      },
      "geometry": {
        "type": "LineString",
        "coordinates": [
          [
            72.6112461,
            23.0110792
          ],
          [
            72.61127,
            23.011079
          ],
          [
            72.6113216,
            23.0110734
          ],
          [
            72.6113917,
            23.0110562
          ],
          [
            72.6115056,
            23.0110172
          ],
          [
            72.6116766,
            23.0109797
          ]
        ]
      },
      "id": "way/823921090"
    },
    {
      "type": "Feature",
      "properties": {
        "@id": "way/823921091",
        "electrified": "rail",
        "gauge": "1435",
        "railway": "subway",
        "service": "yard"
      },
      "geometry": {
        "type": "LineString",
        "coordinates": [
          [
            72.6111875,
            23.0111518
          ],
          [
            72.6112046,
            23.0111515
          ],
          [
            72.6112821,
            23.0111466
          ],
          [
            72.6113571,
            23.0111365
          ],
          [
            72.6114345,
            23.0111234
          ],
          [
            72.6115142,
            23.0111056
          ],
          [
            72.6116163,
            23.0110785
          ]
        ]
      },
      "id": "way/823921091"
    },
    {
      "type": "Feature",
      "properties": {
        "@id": "way/823921092",
        "electrified": "rail",
        "gauge": "1435",
        "railway": "subway",
        "service": "yard"
      },
      "geometry": {
        "type": "LineString",
        "coordinates": [
          [
            72.6110337,
            23.0112084
          ],
          [
            72.611054,
            23.0112087
          ],
          [
            72.6111044,
            23.0112079
          ],
          [
            72.6111589,
            23.011204
          ],
          [
            72.611247,
            23.0111918
          ],
          [
            72.6113336,
            23.0111722
          ],
          [
            72.6114224,
            23.0111435
          ],
          [
            72.6116163,
            23.0110785
          ],
          [
            72.6118582,
            23.0109992
          ],
          [
            72.6119281,
            23.0109815
          ],
          [
            72.6120151,
            23.0109672
          ],
          [
            72.6120898,
            23.01096
          ],
          [
            72.612227,
            23.0109514
          ],
          [
            72.6125008,
            23.0109452
          ]
        ]
      },
      "id": "way/823921092"
    },
    {
      "type": "Feature",
      "properties": {
        "@id": "way/823921093",
        "electrified": "rail",
        "gauge": "1435",
        "railway": "subway",
        "service": "yard"
      },
      "geometry": {
        "type": "LineString",
        "coordinates": [
          [
            72.6110336,
            23.0112552
          ],
          [
            72.6110587,
            23.0112555
          ],
          [
            72.6111212,
            23.0112529
          ],
          [
            72.6112205,
            23.0112392
          ],
          [
            72.6113128,
            23.0112194
          ],
          [
            72.6113901,
            23.0111978
          ],
          [
            72.611826,
            23.0110475
          ]
        ]
      },
      "id": "way/823921093"
    },
    {
      "type": "Feature",
      "properties": {
        "@id": "way/823921094",
        "electrified": "rail",
        "gauge": "1435",
        "railway": "subway",
        "service": "yard"
      },
      "geometry": {
        "type": "LineString",
        "coordinates": [
          [
            72.6110387,
            23.0112965
          ],
          [
            72.611064,
            23.0112967
          ],
          [
            72.6111363,
            23.0112928
          ],
          [
            72.611241,
            23.0112766
          ],
          [
            72.6113443,
            23.0112505
          ],
          [
            72.6114589,
            23.0112111
          ],
          [
            72.6115419,
            23.0111745
          ],
          [
            72.6116229,
            23.0111323
          ],
          [
            72.6116961,
            23.0111004
          ],
          [
            72.611826,
            23.0110475
          ],
          [
            72.6118996,
            23.0110229
          ],
          [
            72.6119775,
            23.0110043
          ],
          [
            72.6120432,
            23.0109943
          ],
          [
            72.6122287,
            23.0109734
          ]
        ]
      },
      "id": "way/823921094"
    },
    {
      "type": "Feature",
      "properties": {
        "@id": "way/823921095",
        "electrified": "rail",
        "gauge": "1435",
        "railway": "subway",
        "service": "yard"
      },
      "geometry": {
        "type": "LineString",
        "coordinates": [
          [
            72.6110403,
            23.0113427
          ],
          [
            72.6110645,
            23.011342
          ],
          [
            72.6111067,
            23.0113385
          ],
          [
            72.6111928,
            23.0113244
          ],
          [
            72.6112857,
            23.0113029
          ],
          [
            72.611385,
            23.011273
          ],
          [
            72.6114731,
            23.0112454
          ],
          [
            72.6115954,
            23.0112027
          ]
        ]
      },
      "id": "way/823921095"
    },
    {
      "type": "Feature",
      "properties": {
        "@id": "way/823921096",
        "electrified": "rail",
        "gauge": "1435",
        "railway": "subway",
        "service": "yard"
      },
      "geometry": {
        "type": "LineString",
        "coordinates": [
          [
            72.6110507,
            23.0113813
          ],
          [
            72.6110638,
            23.0113772
          ],
          [
            72.6110967,
            23.0113754
          ],
          [
            72.611184,
            23.0113602
          ],
          [
            72.6112675,
            23.0113403
          ],
          [
            72.6113894,
            23.0112903
          ],
          [
            72.6115954,
            23.0112027
          ],
          [
            72.6118442,
            23.0110859
          ]
        ]
      },
      "id": "way/823921096"
    },
    {
      "type": "Feature",
      "properties": {
        "@id": "way/823921097",
        "electrified": "rail",
        "gauge": "1435",
        "railway": "subway",
        "service": "yard"
      },
      "geometry": {
        "type": "LineString",
        "coordinates": [
          [
            72.611051,
            23.0114251
          ],
          [
            72.6110622,
            23.0114234
          ],
          [
            72.6111296,
            23.0114162
          ],
          [
            72.6111996,
            23.0114065
          ],
          [
            72.6112896,
            23.0113838
          ],
          [
            72.6113791,
            23.0113556
          ],
          [
            72.6114584,
            23.0113185
          ],
          [
            72.6115266,
            23.011282
          ],
          [
            72.6116099,
            23.011229
          ],
          [
            72.6116961,
            23.0111709
          ],
          [
            72.6118442,
            23.0110859
          ],
          [
            72.6119159,
            23.0110557
          ],
          [
            72.6120043,
            23.0110245
          ],
          [
            72.6120782,
            23.0110039
          ],
          [
            72.6122287,
            23.0109734
          ],
          [
            72.6123463,
            23.0109575
          ],
          [
            72.6125008,
            23.0109452
          ],
          [
            72.6127696,
            23.0109434
          ]
        ]
      },
      "id": "way/823921097"
    },
    {
      "type": "Feature",
      "properties": {
        "@id": "way/823921098",
        "electrified": "rail",
        "gauge": "1435",
        "railway": "subway",
        "service": "yard"
      },
      "geometry": {
        "type": "LineString",
        "coordinates": [
          [
            72.6108489,
            23.0115232
          ],
          [
            72.6108826,
            23.0115226
          ],
          [
            72.6109675,
            23.011521
          ],
          [
            72.6110685,
            23.0115099
          ],
          [
            72.6111585,
            23.0114915
          ],
          [
            72.6112527,
            23.0114627
          ],
          [
            72.6116347,
            23.0113148
          ]
        ]
      },
      "id": "way/823921098"
    },
    {
      "type": "Feature",
      "properties": {
        "@id": "way/823921099",
        "electrified": "rail",
        "gauge": "1435",
        "railway": "subway",
        "service": "yard"
      },
      "geometry": {
        "type": "LineString",
        "coordinates": [
          [
            72.6108486,
            23.0115853
          ],
          [
            72.6108826,
            23.0115833
          ],
          [
            72.6109683,
            23.0115779
          ],
          [
            72.6110739,
            23.0115617
          ],
          [
            72.6111697,
            23.0115342
          ],
          [
            72.6112776,
            23.0114918
          ],
          [
            72.611393,
            23.0114398
          ],
          [
            72.6116347,
            23.0113148
          ],
          [
            72.6118826,
            23.0111965
          ]
        ]
      },
      "id": "way/823921099"
    },
    {
      "type": "Feature",
      "properties": {
        "@id": "way/823921100",
        "electrified": "rail",
        "gauge": "1435",
        "railway": "subway",
        "service": "yard"
      },
      "geometry": {
        "type": "LineString",
        "coordinates": [
          [
            72.6108503,
            23.0116386
          ],
          [
            72.610881,
            23.0116381
          ],
          [
            72.6110123,
            23.0116249
          ],
          [
            72.6111359,
            23.0115964
          ],
          [
            72.6112318,
            23.0115629
          ],
          [
            72.611323,
            23.0115194
          ],
          [
            72.6114564,
            23.0114474
          ],
          [
            72.6118826,
            23.0111965
          ],
          [
            72.6119687,
            23.011149
          ],
          [
            72.6120705,
            23.0111067
          ],
          [
            72.6121542,
            23.0110763
          ],
          [
            72.6123112,
            23.0110259
          ]
        ]
      },
      "id": "way/823921100"
    },
    {
      "type": "Feature",
      "properties": {
        "@id": "way/823921101",
        "electrified": "rail",
        "gauge": "1435",
        "railway": "subway",
        "service": "yard"
      },
      "geometry": {
        "type": "LineString",
        "coordinates": [
          [
            72.610804,
            23.0118325
          ],
          [
            72.6108265,
            23.0118338
          ],
          [
            72.6109158,
            23.0118299
          ],
          [
            72.6110145,
            23.0118141
          ],
          [
            72.6111019,
            23.0117903
          ],
          [
            72.611211,
            23.0117479
          ],
          [
            72.6113029,
            23.0117041
          ],
          [
            72.6114004,
            23.0116415
          ],
          [
            72.6116936,
            23.0114063
          ]
        ]
      },
      "id": "way/823921101"
    },
    {
      "type": "Feature",
      "properties": {
        "@id": "way/823921102",
        "electrified": "rail",
        "gauge": "1435",
        "railway": "subway",
        "service": "yard"
      },
      "geometry": {
        "type": "LineString",
        "coordinates": [
          [
            72.610806,
            23.0118808
          ],
          [
            72.6108286,
            23.0118798
          ],
          [
            72.610858,
            23.0118787
          ],
          [
            72.6109621,
            23.0118671
          ],
          [
            72.6110699,
            23.011844
          ],
          [
            72.6111659,
            23.0118117
          ],
          [
            72.6112711,
            23.0117634
          ],
          [
            72.611384,
            23.0116926
          ],
          [
            72.6114804,
            23.0116153
          ],
          [
            72.6116936,
            23.0114063
          ],
          [
            72.6119031,
            23.0112444
          ]
        ]
      },
      "id": "way/823921102"
    },
    {
      "type": "Feature",
      "properties": {
        "@id": "way/823921103",
        "electrified": "rail",
        "gauge": "1435",
        "railway": "subway",
        "service": "yard"
      },
      "geometry": {
        "type": "LineString",
        "coordinates": [
          [
            72.6117115,
            23.0114255
          ],
          [
            72.611529,
            23.0116195
          ],
          [
            72.6114354,
            23.0117032
          ],
          [
            72.6113372,
            23.0117739
          ],
          [
            72.6112592,
            23.0118198
          ],
          [
            72.6111791,
            23.0118632
          ],
          [
            72.6110949,
            23.0118958
          ],
          [
            72.611008,
            23.0119207
          ],
          [
            72.6109111,
            23.0119367
          ],
          [
            72.6108222,
            23.011945
          ],
          [
            72.6099166,
            23.0119549
          ],
          [
            72.6093195,
            23.0119679
          ]
        ]
      },
      "id": "way/823921103"
    },
    {
      "type": "Feature",
      "properties": {
        "@id": "way/823921104",
        "electrified": "rail",
        "gauge": "1435",
        "railway": "subway",
        "service": "yard"
      },
      "geometry": {
        "type": "LineString",
        "coordinates": [
          [
            72.6169466,
            23.0120895
          ],
          [
            72.6161086,
            23.0120045
          ],
          [
            72.6155309,
            23.011938
          ],
          [
            72.6154389,
            23.0119201
          ],
          [
            72.6153292,
            23.0118816
          ],
          [
            72.6152547,
            23.0118496
          ],
          [
            72.6151786,
            23.0118046
          ],
          [
            72.6150716,
            23.0117331
          ],
          [
            72.6148254,
            23.0114918
          ],
          [
            72.6146791,
            23.0113592
          ],
          [
            72.6145999,
            23.0112838
          ],
          [
            72.6145179,
            23.011222
          ],
          [
            72.6144196,
            23.0111587
          ],
          [
            72.6143265,
            23.011108
          ],
          [
            72.6141998,
            23.0110477
          ]
        ]
      },
      "id": "way/823921104"
    },
    {
      "type": "Feature",
      "properties": {
        "@id": "way/823921105",
        "electrified": "rail",
        "gauge": "1435",
        "railway": "subway",
        "service": "yard"
      },
      "geometry": {
        "type": "LineString",
        "coordinates": [
          [
            72.6155096,
            23.0116718
          ],
          [
            72.6154174,
            23.0116526
          ],
          [
            72.6153252,
            23.011624
          ],
          [
            72.6152361,
            23.0115911
          ],
          [
            72.6151578,
            23.0115561
          ],
          [
            72.6150644,
            23.0115001
          ],
          [
            72.6149505,
            23.0114223
          ],
          [
            72.6148754,
            23.0113766
          ],
          [
            72.6146938,
            23.011274
          ]
        ]
      },
      "id": "way/823921105"
    },
    {
      "type": "Feature",
      "properties": {
        "@id": "way/823921106",
        "electrified": "rail",
        "gauge": "1435",
        "railway": "subway",
        "service": "yard"
      },
      "geometry": {
        "type": "LineString",
        "coordinates": [
          [
            72.6155196,
            23.0115501
          ],
          [
            72.6154028,
            23.0115227
          ],
          [
            72.6153242,
            23.0114996
          ],
          [
            72.6149673,
            23.0113579
          ]
        ]
      },
      "id": "way/823921106"
    },
    {
      "type": "Feature",
      "properties": {
        "@id": "way/823921107",
        "electrified": "rail",
        "gauge": "1435",
        "railway": "subway",
        "service": "yard"
      },
      "geometry": {
        "type": "LineString",
        "coordinates": [
          [
            72.6155283,
            23.0114784
          ],
          [
            72.6153506,
            23.0114574
          ],
          [
            72.615239,
            23.0114384
          ],
          [
            72.6151233,
            23.0114076
          ],
          [
            72.6149673,
            23.0113579
          ],
          [
            72.6147086,
            23.0112547
          ]
        ]
      },
      "id": "way/823921107"
    },
    {
      "type": "Feature",
      "properties": {
        "@id": "way/823921108",
        "electrified": "rail",
        "gauge": "1435",
        "railway": "subway",
        "service": "yard"
      },
      "geometry": {
        "type": "LineString",
        "coordinates": [
          [
            72.615568,
            23.0113575
          ],
          [
            72.6155407,
            23.0113536
          ],
          [
            72.6154542,
            23.0113473
          ],
          [
            72.615239,
            23.0113465
          ],
          [
            72.6151256,
            23.0113474
          ],
          [
            72.615024,
            23.0113397
          ],
          [
            72.6149412,
            23.0113285
          ],
          [
            72.6148441,
            23.0113001
          ],
          [
            72.6147086,
            23.0112547
          ],
          [
            72.6144576,
            23.0111484
          ]
        ]
      },
      "id": "way/823921108"
    },
    {
      "type": "Feature",
      "properties": {
        "@id": "way/823921109",
        "electrified": "rail",
        "gauge": "1435",
        "railway": "subway",
        "service": "yard"
      },
      "geometry": {
        "type": "LineString",
        "coordinates": [
          [
            72.6155019,
            23.0117428
          ],
          [
            72.6153523,
            23.011704
          ],
          [
            72.6151825,
            23.0116219
          ],
          [
            72.6150638,
            23.0115479
          ],
          [
            72.6146938,
            23.011274
          ],
          [
            72.6146317,
            23.0112398
          ],
          [
            72.6144576,
            23.0111484
          ],
          [
            72.6141998,
            23.0110477
          ],
          [
            72.6140877,
            23.0110092
          ],
          [
            72.6139724,
            23.0109806
          ],
          [
            72.6138458,
            23.0109563
          ],
          [
            72.6137605,
            23.0109471
          ],
          [
            72.6136946,
            23.0109418
          ],
          [
            72.6135721,
            23.0109358
          ],
          [
            72.6133021,
            23.0109348
          ],
          [
            72.6130506,
            23.0109396
          ],
          [
            72.6127696,
            23.0109434
          ],
          [
            72.6126376,
            23.0109539
          ],
          [
            72.6125281,
            23.0109674
          ],
          [
            72.6124136,
            23.0109957
          ],
          [
            72.6123112,
            23.0110259
          ],
          [
            72.6121679,
            23.0110845
          ],
          [
            72.6120718,
            23.0111298
          ],
          [
            72.6119871,
            23.0111806
          ],
          [
            72.6119031,
            23.0112444
          ],
          [
            72.6117854,
            23.011352
          ],
          [
            72.6117115,
            23.0114255
          ],
          [
            72.6116029,
            23.0115571
          ],
          [
            72.6115515,
            23.0116253
          ],
          [
            72.6114916,
            23.0117058
          ],
          [
            72.6114347,
            23.0117695
          ],
          [
            72.611339,
            23.0118507
          ],
          [
            72.6112463,
            23.011914
          ],
          [
            72.6111155,
            23.0119787
          ],
          [
            72.6109754,
            23.0120213
          ],
          [
            72.6108446,
            23.0120469
          ],
          [
            72.6107029,
            23.0120673
          ]
        ]
      },
      "id": "way/823921109"
    },
    {
      "type": "Feature",
      "properties": {
        "@id": "way/847089554",
        "bridge": "yes",
        "electrified": "rail",
        "gauge": "1435",
        "layer": "1",
        "name": "Blue Line, Ahmedabad Metro",
        "railway": "subway",
        "service": "yard",
        "start_date": "2019-03-04",
        "voltage": "750"
      },
      "geometry": {
        "type": "LineString",
        "coordinates": [
          [
            72.6188868,
            23.0108123
          ],
          [
            72.6191961,
            23.0108175
          ],
          [
            72.6194218,
            23.0107712
          ],
          [
            72.6196513,
            23.0107206
          ]
        ]
      },
      "id": "way/847089554"
    },
    {
      "type": "Feature",
      "properties": {
        "@id": "way/847089555",
        "bridge": "yes",
        "electrified": "rail",
        "gauge": "1435",
        "layer": "1",
        "name": "Blue Line, Ahmedabad Metro",
        "railway": "subway",
        "service": "yard",
        "start_date": "2019-03-04",
        "voltage": "750"
      },
      "geometry": {
        "type": "LineString",
        "coordinates": [
          [
            72.6143315,
            23.0109263
          ],
          [
            72.6154807,
            23.0109118
          ],
          [
            72.6157832,
            23.0109092
          ],
          [
            72.6161265,
            23.0108777
          ],
          [
            72.616429,
            23.0108542
          ],
          [
            72.6167837,
            23.0108358
          ],
          [
            72.6172891,
            23.0108323
          ],
          [
            72.6188868,
            23.0108123
          ],
          [
            72.6190729,
            23.0107853
          ],
          [
            72.6196196,
            23.0106491
          ]
        ]
      },
      "id": "way/847089555"
    },
    {
      "type": "Feature",
      "properties": {
        "@id": "way/847089556",
        "bridge": "yes",
        "electrified": "rail",
        "gauge": "1435",
        "layer": "1",
        "name": "Blue Line, Ahmedabad Metro",
        "railway": "subway",
        "service": "yard",
        "start_date": "2019-03-04",
        "voltage": "750"
      },
      "geometry": {
        "type": "LineString",
        "coordinates": [
          [
            72.6143248,
            23.0108554
          ],
          [
            72.6158572,
            23.0108489
          ],
          [
            72.616041,
            23.0108344
          ],
          [
            72.6165615,
            23.010768
          ],
          [
            72.616992,
            23.0107078
          ]
        ]
      },
      "id": "way/847089556"
    },
    {
      "type": "Feature",
      "properties": {
        "@id": "way/847089557",
        "bridge": "yes",
        "electrified": "rail",
        "gauge": "1435",
        "layer": "1",
        "name": "Blue Line, Ahmedabad Metro",
        "railway": "subway",
        "service": "yard",
        "start_date": "2019-03-04",
        "voltage": "750"
      },
      "geometry": {
        "type": "LineString",
        "coordinates": [
          [
            72.6162414,
            23.0106624
          ],
          [
            72.6167791,
            23.0107052
          ]
        ]
      },
      "id": "way/847089557"
    },
    {
      "type": "Feature",
      "properties": {
        "@id": "way/847089565",
        "electrified": "rail",
        "gauge": "1435",
        "railway": "subway",
        "service": "yard",
        "tunnel": "building_passage"
      },
      "geometry": {
        "type": "LineString",
        "coordinates": [
          [
            72.6101005,
            23.0118853
          ],
          [
            72.610806,
            23.0118808
          ]
        ]
      },
      "id": "way/847089565"
    },
    {
      "type": "Feature",
      "properties": {
        "@id": "way/847089566",
        "electrified": "rail",
        "gauge": "1435",
        "railway": "subway",
        "service": "yard",
        "tunnel": "building_passage"
      },
      "geometry": {
        "type": "LineString",
        "coordinates": [
          [
            72.6093505,
            23.0116524
          ],
          [
            72.6108503,
            23.0116386
          ]
        ]
      },
      "id": "way/847089566"
    },
    {
      "type": "Feature",
      "properties": {
        "@id": "way/847089567",
        "electrified": "rail",
        "gauge": "1435",
        "railway": "subway",
        "service": "yard",
        "tunnel": "building_passage"
      },
      "geometry": {
        "type": "LineString",
        "coordinates": [
          [
            72.6093499,
            23.0115998
          ],
          [
            72.6108486,
            23.0115853
          ]
        ]
      },
      "id": "way/847089567"
    },
    {
      "type": "Feature",
      "properties": {
        "@id": "way/847089568",
        "electrified": "rail",
        "gauge": "1435",
        "railway": "subway",
        "service": "yard",
        "tunnel": "building_passage"
      },
      "geometry": {
        "type": "LineString",
        "coordinates": [
          [
            72.6093492,
            23.0115348
          ],
          [
            72.6108489,
            23.0115232
          ]
        ]
      },
      "id": "way/847089568"
    },
    {
      "type": "Feature",
      "properties": {
        "@id": "way/847089569",
        "electrified": "rail",
        "gauge": "1435",
        "railway": "subway",
        "service": "yard",
        "tunnel": "building_passage"
      },
      "geometry": {
        "type": "LineString",
        "coordinates": [
          [
            72.60956,
            23.0114384
          ],
          [
            72.611051,
            23.0114251
          ]
        ]
      },
      "id": "way/847089569"
    },
    {
      "type": "Feature",
      "properties": {
        "@id": "way/847089570",
        "electrified": "rail",
        "gauge": "1435",
        "railway": "subway",
        "service": "yard",
        "tunnel": "building_passage"
      },
      "geometry": {
        "type": "LineString",
        "coordinates": [
          [
            72.6095595,
            23.0113946
          ],
          [
            72.6110507,
            23.0113813
          ]
        ]
      },
      "id": "way/847089570"
    },
    {
      "type": "Feature",
      "properties": {
        "@id": "way/847089571",
        "electrified": "rail",
        "gauge": "1435",
        "railway": "subway",
        "service": "yard",
        "tunnel": "building_passage"
      },
      "geometry": {
        "type": "LineString",
        "coordinates": [
          [
            72.609559,
            23.0113518
          ],
          [
            72.6110403,
            23.0113427
          ]
        ]
      },
      "id": "way/847089571"
    },
    {
      "type": "Feature",
      "properties": {
        "@id": "way/847089572",
        "electrified": "rail",
        "gauge": "1435",
        "railway": "subway",
        "service": "yard",
        "tunnel": "building_passage"
      },
      "geometry": {
        "type": "LineString",
        "coordinates": [
          [
            72.6095586,
            23.0113142
          ],
          [
            72.6110387,
            23.0112965
          ]
        ]
      },
      "id": "way/847089572"
    },
    {
      "type": "Feature",
      "properties": {
        "@id": "way/847089573",
        "electrified": "rail",
        "gauge": "1435",
        "railway": "subway",
        "service": "yard",
        "tunnel": "building_passage"
      },
      "geometry": {
        "type": "LineString",
        "coordinates": [
          [
            72.609558,
            23.0112661
          ],
          [
            72.6110336,
            23.0112552
          ]
        ]
      },
      "id": "way/847089573"
    },
    {
      "type": "Feature",
      "properties": {
        "@id": "way/847089574",
        "electrified": "rail",
        "gauge": "1435",
        "railway": "subway",
        "service": "yard",
        "tunnel": "building_passage"
      },
      "geometry": {
        "type": "LineString",
        "coordinates": [
          [
            72.6095575,
            23.0112199
          ],
          [
            72.6110337,
            23.0112084
          ]
        ]
      },
      "id": "way/847089574"
    },
    {
      "type": "Feature",
      "properties": {
        "@id": "way/847089575",
        "electrified": "rail",
        "gauge": "1435",
        "railway": "subway",
        "service": "yard",
        "tunnel": "building_passage"
      },
      "geometry": {
        "type": "LineString",
        "coordinates": [
          [
            72.6096672,
            23.0111642
          ],
          [
            72.6111875,
            23.0111518
          ]
        ]
      },
      "id": "way/847089575"
    },
    {
      "type": "Feature",
      "properties": {
        "@id": "way/847089576",
        "electrified": "rail",
        "gauge": "1435",
        "railway": "subway",
        "service": "yard"
      },
      "geometry": {
        "type": "LineString",
        "coordinates": [
          [
            72.6125367,
            23.0109008
          ],
          [
            72.6126421,
            23.0109052
          ],
          [
            72.6127263,
            23.0109141
          ],
          [
            72.6128404,
            23.0109268
          ],
          [
            72.6129301,
            23.0109346
          ],
          [
            72.6130506,
            23.0109396
          ]
        ]
      },
      "id": "way/847089576"
    },
    {
      "type": "Feature",
      "properties": {
        "@id": "way/847089577",
        "electrified": "rail",
        "gauge": "1435",
        "railway": "subway",
        "service": "yard",
        "tunnel": "building_passage"
      },
      "geometry": {
        "type": "LineString",
        "coordinates": [
          [
            72.6096755,
            23.0110883
          ],
          [
            72.6112461,
            23.0110792
          ]
        ]
      },
      "id": "way/847089577"
    },
    {
      "type": "Feature",
      "properties": {
        "@id": "way/847089578",
        "electrified": "rail",
        "gauge": "1435",
        "railway": "subway",
        "service": "yard",
        "tunnel": "building_passage"
      },
      "geometry": {
        "type": "LineString",
        "coordinates": [
          [
            72.6096751,
            23.0110583
          ],
          [
            72.6112458,
            23.0110395
          ]
        ]
      },
      "id": "way/847089578"
    },
    {
      "type": "Feature",
      "properties": {
        "@id": "way/847089579",
        "electrified": "rail",
        "gauge": "1435",
        "railway": "subway",
        "service": "yard",
        "tunnel": "building_passage"
      },
      "geometry": {
        "type": "LineString",
        "coordinates": [
          [
            72.6096745,
            23.0110137
          ],
          [
            72.6112455,
            23.0110048
          ]
        ]
      },
      "id": "way/847089579"
    },
    {
      "type": "Feature",
      "properties": {
        "@id": "way/847089580",
        "electrified": "rail",
        "gauge": "1435",
        "railway": "subway",
        "service": "yard",
        "tunnel": "building_passage"
      },
      "geometry": {
        "type": "LineString",
        "coordinates": [
          [
            72.6096741,
            23.0109805
          ],
          [
            72.6112452,
            23.0109616
          ]
        ]
      },
      "id": "way/847089580"
    },
    {
      "type": "Feature",
      "properties": {
        "@id": "way/847089581",
        "electrified": "rail",
        "gauge": "1435",
        "railway": "subway",
        "service": "yard",
        "tunnel": "building_passage"
      },
      "geometry": {
        "type": "LineString",
        "coordinates": [
          [
            72.6096734,
            23.0109263
          ],
          [
            72.6112455,
            23.0109179
          ]
        ]
      },
      "id": "way/847089581"
    },
    {
      "type": "Feature",
      "properties": {
        "@id": "way/847089582",
        "electrified": "rail",
        "gauge": "1435",
        "railway": "subway",
        "service": "yard",
        "tunnel": "building_passage"
      },
      "geometry": {
        "type": "LineString",
        "coordinates": [
          [
            72.609673,
            23.0108974
          ],
          [
            72.6112439,
            23.0108748
          ]
        ]
      },
      "id": "way/847089582"
    },
    {
      "type": "Feature",
      "properties": {
        "@id": "way/847089583",
        "electrified": "rail",
        "gauge": "1435",
        "railway": "subway",
        "service": "yard",
        "tunnel": "building_passage"
      },
      "geometry": {
        "type": "LineString",
        "coordinates": [
          [
            72.6096723,
            23.0108459
          ],
          [
            72.6112442,
            23.0108413
          ]
        ]
      },
      "id": "way/847089583"
    },
    {
      "type": "Feature",
      "properties": {
        "@id": "way/847089584",
        "electrified": "rail",
        "gauge": "1435",
        "railway": "subway",
        "service": "yard",
        "tunnel": "building_passage"
      },
      "geometry": {
        "type": "LineString",
        "coordinates": [
          [
            72.6096719,
            23.0108166
          ],
          [
            72.611244,
            23.0107978
          ]
        ]
      },
      "id": "way/847089584"
    },
    {
      "type": "Feature",
      "properties": {
        "@id": "way/847089585",
        "electrified": "rail",
        "gauge": "1435",
        "railway": "subway",
        "service": "yard",
        "tunnel": "building_passage"
      },
      "geometry": {
        "type": "LineString",
        "coordinates": [
          [
            72.6096712,
            23.010762
          ],
          [
            72.6112436,
            23.0107586
          ]
        ]
      },
      "id": "way/847089585"
    },
    {
      "type": "Feature",
      "properties": {
        "@id": "way/847089586",
        "electrified": "rail",
        "gauge": "1435",
        "railway": "subway",
        "service": "yard",
        "tunnel": "building_passage"
      },
      "geometry": {
        "type": "LineString",
        "coordinates": [
          [
            72.6096708,
            23.0107323
          ],
          [
            72.6112433,
            23.0107134
          ]
        ]
      },
      "id": "way/847089586"
    },
    {
      "type": "Feature",
      "properties": {
        "@id": "way/847089587",
        "electrified": "rail",
        "gauge": "1435",
        "railway": "subway",
        "service": "yard",
        "tunnel": "building_passage"
      },
      "geometry": {
        "type": "LineString",
        "coordinates": [
          [
            72.6096702,
            23.0106824
          ],
          [
            72.611241,
            23.0106772
          ]
        ]
      },
      "id": "way/847089587"
    },
    {
      "type": "Feature",
      "properties": {
        "@id": "way/847089588",
        "electrified": "rail",
        "gauge": "1435",
        "railway": "subway",
        "service": "yard",
        "tunnel": "building_passage"
      },
      "geometry": {
        "type": "LineString",
        "coordinates": [
          [
            72.6096698,
            23.0106567
          ],
          [
            72.6112428,
            23.0106379
          ]
        ]
      },
      "id": "way/847089588"
    },
    {
      "type": "Feature",
      "properties": {
        "@id": "way/911898474",
        "bridge": "viaduct",
        "layer": "1",
        "name": "Violet Line",
        "railway": "subway",
        "start_date": "2024-09-17"
      },
      "geometry": {
        "type": "LineString",
        "coordinates": [
          [
            72.6481207,
            23.1561697
          ],
          [
            72.6482878,
            23.1564628
          ],
          [
            72.6486077,
            23.1570238
          ],
          [
            72.6487239,
            23.1571654
          ],
          [
            72.6488192,
            23.1572618
          ],
          [
            72.6490409,
            23.1574515
          ],
          [
            72.6491826,
            23.1575443
          ],
          [
            72.6491918,
            23.157548
          ],
          [
            72.649473,
            23.1576622
          ],
          [
            72.6496755,
            23.1577151
          ],
          [
            72.6498784,
            23.1577482
          ],
          [
            72.6500548,
            23.1577627
          ],
          [
            72.6502212,
            23.1577577
          ],
          [
            72.6504281,
            23.1577227
          ],
          [
            72.6511275,
            23.1575667
          ],
          [
            72.653421,
            23.1570043
          ],
          [
            72.6556956,
            23.156447
          ],
          [
            72.6595629,
            23.1555174
          ],
          [
            72.6599345,
            23.1554145
          ],
          [
            72.6602593,
            23.1552987
          ],
          [
            72.6612483,
            23.154954
          ],
          [
            72.6626879,
            23.154453
          ],
          [
            72.6656299,
            23.1536758
          ],
          [
            72.6685991,
            23.1529183
          ],
          [
            72.6709392,
            23.1523251
          ],
          [
            72.6719491,
            23.1519995
          ],
          [
            72.6728688,
            23.1517304
          ],
          [
            72.6736341,
            23.1515572
          ],
          [
            72.6796308,
            23.1507238
          ],
          [
            72.68258,
            23.1502771
          ],
          [
            72.683009,
            23.1502007
          ],
          [
            72.6832188,
            23.1501937
          ],
          [
            72.6834357,
            23.1502232
          ],
          [
            72.6837038,
            23.1503097
          ],
          [
            72.6839358,
            23.1504401
          ],
          [
            72.6841351,
            23.1506349
          ],
          [
            72.684272,
            23.1508229
          ],
          [
            72.6843921,
            23.151086
          ],
          [
            72.6850013,
            23.1523187
          ],
          [
            72.6855201,
            23.1533672
          ]
        ]
      },
      "id": "way/911898474"
    },
    {
      "type": "Feature",
      "properties": {
        "@id": "way/911898475",
        "bridge": "viaduct",
        "layer": "1",
        "railway": "subway",
        "start_date": "2024-09-17"
      },
      "geometry": {
        "type": "LineString",
        "coordinates": [
          [
            72.6481207,
            23.1561697
          ],
          [
            72.648395,
            23.1568382
          ],
          [
            72.6485852,
            23.1573655
          ],
          [
            72.648652,
            23.1576459
          ],
          [
            72.6487045,
            23.1579319
          ],
          [
            72.648727,
            23.1581721
          ],
          [
            72.6487496,
            23.1584236
          ],
          [
            72.6487275,
            23.1589359
          ],
          [
            72.6486457,
            23.1600004
          ],
          [
            72.6485974,
            23.1610978
          ],
          [
            72.6485518,
            23.1618056
          ],
          [
            72.6484583,
            23.1634838
          ],
          [
            72.6483104,
            23.1663935
          ],
          [
            72.6482434,
            23.1677855
          ],
          [
            72.6482809,
            23.1685549
          ],
          [
            72.6482085,
            23.1697484
          ],
          [
            72.6480047,
            23.1718542
          ],
          [
            72.6477418,
            23.1742017
          ],
          [
            72.6474055,
            23.1781514
          ],
          [
            72.6472583,
            23.1790845
          ],
          [
            72.6471088,
            23.1803339
          ],
          [
            72.6470176,
            23.1814114
          ],
          [
            72.6472463,
            23.183747
          ],
          [
            72.6473225,
            23.1844265
          ],
          [
            72.647336,
            23.1846889
          ],
          [
            72.6473372,
            23.1849154
          ],
          [
            72.6473226,
            23.1850934
          ],
          [
            72.6472753,
            23.1852757
          ],
          [
            72.6472008,
            23.1854399
          ],
          [
            72.6471006,
            23.1855998
          ],
          [
            72.6469981,
            23.1857051
          ],
          [
            72.6468629,
            23.1858319
          ],
          [
            72.6467102,
            23.1859172
          ],
          [
            72.6464664,
            23.1860026
          ],
          [
            72.646301,
            23.1860273
          ],
          [
            72.6459535,
            23.1860389
          ],
          [
            72.6454121,
            23.1860182
          ],
          [
            72.6444788,
            23.1859829
          ],
          [
            72.6433126,
            23.1859326
          ],
          [
            72.6420984,
            23.1858895
          ],
          [
            72.6405182,
            23.1858168
          ],
          [
            72.6401897,
            23.1858551
          ],
          [
            72.639906,
            23.1859344
          ],
          [
            72.6397749,
            23.1859994
          ],
          [
            72.6396561,
            23.1860757
          ],
          [
            72.6394571,
            23.1862716
          ],
          [
            72.6393314,
            23.1864302
          ],
          [
            72.6392481,
            23.1865849
          ],
          [
            72.6391912,
            23.1867359
          ],
          [
            72.6391635,
            23.1869362
          ],
          [
            72.6391603,
            23.1871329
          ],
          [
            72.639286,
            23.1882837
          ],
          [
            72.6395557,
            23.1908201
          ],
          [
            72.6396918,
            23.192258
          ],
          [
            72.6397917,
            23.1930439
          ],
          [
            72.6400117,
            23.1947919
          ],
          [
            72.6401273,
            23.1956303
          ],
          [
            72.6402707,
            23.1973991
          ],
          [
            72.6402987,
            23.1987464
          ],
          [
            72.6404423,
            23.1997876
          ],
          [
            72.6406671,
            23.2005445
          ],
          [
            72.640929,
            23.2012782
          ],
          [
            72.641326,
            23.2019932
          ],
          [
            72.6418195,
            23.2027944
          ],
          [
            72.642313,
            23.2035931
          ],
          [
            72.6431224,
            23.2049065
          ]
        ]
      },
      "id": "way/911898475"
    },
    {
      "type": "Feature",
      "properties": {
        "@id": "way/917835845",
        "electrified": "rail",
        "gauge": "1435",
        "railway": "subway",
        "service": "yard"
      },
      "geometry": {
        "type": "LineString",
        "coordinates": [
          [
            72.6135721,
            23.0109358
          ],
          [
            72.6143315,
            23.0109263
          ]
        ]
      },
      "id": "way/917835845"
    },
    {
      "type": "Feature",
      "properties": {
        "@id": "way/917835846",
        "electrified": "rail",
        "gauge": "1435",
        "railway": "subway",
        "service": "yard"
      },
      "geometry": {
        "type": "LineString",
        "coordinates": [
          [
            72.6133021,
            23.0109348
          ],
          [
            72.6134581,
            23.0109271
          ],
          [
            72.6135709,
            23.0109134
          ],
          [
            72.613741,
            23.010887
          ],
          [
            72.6138495,
            23.0108708
          ],
          [
            72.6139872,
            23.0108601
          ]
        ]
      },
      "id": "way/917835846"
    },
    {
      "type": "Feature",
      "properties": {
        "@id": "way/1050722701",
        "bridge": "yes",
        "electrified": "rail",
        "gauge": "1435",
        "layer": "1",
        "name": "Blue Line, Ahmedabad Metro",
        "railway": "subway",
        "start_date": "2019-03-04",
        "usage": "main",
        "voltage": "750"
      },
      "geometry": {
        "type": "LineString",
        "coordinates": [
          [
            72.6182378,
            23.0107028
          ],
          [
            72.6177369,
            23.0107172
          ],
          [
            72.616992,
            23.0107078
          ],
          [
            72.6167791,
            23.0107052
          ],
          [
            72.6166192,
            23.0107125
          ],
          [
            72.6162692,
            23.0107152
          ],
          [
            72.6158313,
            23.0107124
          ],
          [
            72.6146653,
            23.0107349
          ],
          [
            72.614468,
            23.0107271
          ],
          [
            72.6141744,
            23.0106995
          ],
          [
            72.6125772,
            23.0105207
          ],
          [
            72.6122573,
            23.010498
          ],
          [
            72.6117528,
            23.0105128
          ]
        ]
      },
      "id": "way/1050722701"
    },
    {
      "type": "Feature",
      "properties": {
        "@id": "way/1050722702",
        "bridge": "yes",
        "electrified": "rail",
        "gauge": "1435",
        "layer": "1",
        "name": "Blue Line, Ahmedabad Metro",
        "railway": "subway",
        "start_date": "2019-03-04",
        "usage": "main",
        "voltage": "750"
      },
      "geometry": {
        "type": "LineString",
        "coordinates": [
          [
            72.6284005,
            23.0078943
          ],
          [
            72.627388,
            23.0083002
          ],
          [
            72.6269303,
            23.0084885
          ],
          [
            72.6265127,
            23.008646
          ],
          [
            72.626143,
            23.0087441
          ],
          [
            72.6257837,
            23.0088356
          ],
          [
            72.6252192,
            23.0088919
          ],
          [
            72.62484,
            23.0089235
          ],
          [
            72.6246001,
            23.0089415
          ],
          [
            72.6243348,
            23.0089943
          ],
          [
            72.6241461,
            23.0090349
          ],
          [
            72.6238802,
            23.0091216
          ],
          [
            72.6235617,
            23.0092439
          ],
          [
            72.6232468,
            23.0093626
          ],
          [
            72.6228585,
            23.0095266
          ],
          [
            72.622229,
            23.0097577
          ],
          [
            72.6217104,
            23.0099566
          ],
          [
            72.6215303,
            23.0100226
          ],
          [
            72.6210119,
            23.0102125
          ],
          [
            72.6203328,
            23.0104539
          ],
          [
            72.6198619,
            23.0105869
          ],
          [
            72.6196196,
            23.0106491
          ],
          [
            72.6193839,
            23.0106764
          ],
          [
            72.6191768,
            23.0106859
          ],
          [
            72.6182378,
            23.0107028
          ]
        ]
      },
      "id": "way/1050722702"
    },
    {
      "type": "Feature",
      "properties": {
        "@id": "way/1050722703",
        "bridge": "yes",
        "electrified": "rail",
        "gauge": "1435",
        "layer": "1",
        "name": "Blue Line, Ahmedabad Metro",
        "railway": "subway",
        "start_date": "2019-03-04",
        "usage": "main",
        "voltage": "750"
      },
      "geometry": {
        "type": "LineString",
        "coordinates": [
          [
            72.6477227,
            23.0035358
          ],
          [
            72.6470419,
            23.0037017
          ],
          [
            72.6464914,
            23.0038147
          ],
          [
            72.6463323,
            23.0038458
          ],
          [
            72.6456257,
            23.0040299
          ],
          [
            72.6452338,
            23.0040916
          ],
          [
            72.644823,
            23.0041387
          ],
          [
            72.6444701,
            23.0041641
          ],
          [
            72.6442491,
            23.0041876
          ],
          [
            72.6441095,
            23.0042097
          ],
          [
            72.6439349,
            23.0042471
          ],
          [
            72.6437472,
            23.0043034
          ],
          [
            72.6435015,
            23.0044023
          ],
          [
            72.6432037,
            23.0045341
          ],
          [
            72.6426807,
            23.0047534
          ],
          [
            72.6423929,
            23.0048562
          ],
          [
            72.6421942,
            23.0049094
          ],
          [
            72.6419567,
            23.0049541
          ],
          [
            72.6417535,
            23.0049624
          ],
          [
            72.6414103,
            23.0049706
          ],
          [
            72.6413131,
            23.004973
          ],
          [
            72.6409177,
            23.0049594
          ],
          [
            72.6404306,
            23.0049407
          ],
          [
            72.6396007,
            23.0048738
          ],
          [
            72.6390629,
            23.0048132
          ],
          [
            72.6385968,
            23.0047606
          ],
          [
            72.6382884,
            23.004726
          ],
          [
            72.6380836,
            23.0047229
          ],
          [
            72.6379181,
            23.0047212
          ],
          [
            72.6377961,
            23.0047292
          ],
          [
            72.637696,
            23.0047458
          ],
          [
            72.6375351,
            23.0047824
          ],
          [
            72.6373666,
            23.0048281
          ],
          [
            72.6371389,
            23.004903
          ],
          [
            72.6368104,
            23.00503
          ],
          [
            72.6365086,
            23.0051237
          ],
          [
            72.635628,
            23.0054549
          ],
          [
            72.634741,
            23.005751
          ],
          [
            72.634652,
            23.0057792
          ],
          [
            72.6332796,
            23.006214
          ],
          [
            72.6320796,
            23.006559
          ],
          [
            72.6308314,
            23.0069113
          ],
          [
            72.6302742,
            23.0070733
          ],
          [
            72.6299168,
            23.0072382
          ],
          [
            72.62934,
            23.0074563
          ],
          [
            72.6287468,
            23.0077117
          ],
          [
            72.6284005,
            23.0078943
          ]
        ]
      },
      "id": "way/1050722703"
    },
    {
      "type": "Feature",
      "properties": {
        "@id": "way/1050722705",
        "bridge": "yes",
        "electrified": "rail",
        "gauge": "1435",
        "layer": "1",
        "name": "Blue Line, Ahmedabad Metro",
        "railway": "subway",
        "start_date": "2019-03-04",
        "usage": "main",
        "voltage": "750"
      },
      "geometry": {
        "type": "LineString",
        "coordinates": [
          [
            72.6585492,
            22.9999759
          ],
          [
            72.6576654,
            23.0003378
          ],
          [
            72.65678,
            23.0006916
          ],
          [
            72.6561983,
            23.0009219
          ],
          [
            72.6554276,
            23.0012075
          ],
          [
            72.6549367,
            23.0013778
          ],
          [
            72.6542755,
            23.0015945
          ],
          [
            72.6534905,
            23.0018242
          ],
          [
            72.6527579,
            23.0020312
          ],
          [
            72.6521022,
            23.0022221
          ],
          [
            72.6514114,
            23.0024258
          ],
          [
            72.6511349,
            23.002505
          ],
          [
            72.6505211,
            23.0026933
          ],
          [
            72.6502512,
            23.0027776
          ],
          [
            72.649979,
            23.002883
          ],
          [
            72.6492562,
            23.003142
          ],
          [
            72.6487422,
            23.0032993
          ],
          [
            72.6477227,
            23.0035358
          ]
        ]
      },
      "id": "way/1050722705"
    },
    {
      "type": "Feature",
      "properties": {
        "@id": "way/1101021712",
        "electrified": "rail",
        "gauge": "1435",
        "layer": "-1",
        "name": "Blue Line, Ahmedabad Metro",
        "railway": "subway",
        "start_date": "2022-09-30",
        "tunnel": "yes",
        "usage": "main",
        "voltage": "750"
      },
      "geometry": {
        "type": "LineString",
        "coordinates": [
          [
            72.6117528,
            23.0105128
          ],
          [
            72.6109078,
            23.0104443
          ],
          [
            72.6094731,
            23.0103528
          ],
          [
            72.6087555,
            23.0103172
          ],
          [
            72.6084776,
            23.0103172
          ],
          [
            72.6082842,
            23.0103722
          ],
          [
            72.6081013,
            23.0104597
          ],
          [
            72.6078656,
            23.0106831
          ],
          [
            72.6076229,
            23.0111234
          ],
          [
            72.6073696,
            23.0115993
          ],
          [
            72.6072817,
            23.0120979
          ],
          [
            72.6071304,
            23.0129235
          ],
          [
            72.607046,
            23.0137005
          ],
          [
            72.607046,
            23.0146199
          ],
          [
            72.6070566,
            23.0154585
          ],
          [
            72.6070425,
            23.0165592
          ],
          [
            72.6069467,
            23.0183394
          ],
          [
            72.6068852,
            23.0188422
          ],
          [
            72.606735,
            23.0192978
          ],
          [
            72.6063731,
            23.0197754
          ],
          [
            72.605919,
            23.0201462
          ],
          [
            72.6047275,
            23.0208092
          ],
          [
            72.6042904,
            23.0210638
          ],
          [
            72.6040071,
            23.0213529
          ],
          [
            72.6034676,
            23.0220253
          ],
          [
            72.6032935,
            23.0223772
          ],
          [
            72.6032423,
            23.0227292
          ],
          [
            72.6031911,
            23.0235022
          ],
          [
            72.603211,
            23.0246998
          ],
          [
            72.603166,
            23.0270546
          ],
          [
            72.6031379,
            23.0278541
          ],
          [
            72.6029608,
            23.0287003
          ],
          [
            72.6027611,
            23.0292669
          ],
          [
            72.6024575,
            23.0297275
          ],
          [
            72.6021032,
            23.0300484
          ],
          [
            72.6017012,
            23.0301829
          ],
          [
            72.601181,
            23.0302192
          ],
          [
            72.5998708,
            23.0302683
          ],
          [
            72.5969913,
            23.0302778
          ],
          [
            72.5958067,
            23.030298
          ],
          [
            72.5885509,
            23.0277999
          ],
          [
            72.587926,
            23.0277792
          ],
          [
            72.5875036,
            23.0278149
          ],
          [
            72.587231,
            23.0279408
          ],
          [
            72.5870846,
            23.0281589
          ],
          [
            72.5868045,
            23.0287972
          ],
          [
            72.584877,
            23.0335761
          ],
          [
            72.5833141,
            23.0381101
          ],
          [
            72.5831381,
            23.0384957
          ],
          [
            72.5828394,
            23.0388115
          ],
          [
            72.5824979,
            23.0390087
          ],
          [
            72.5819443,
            23.0391718
          ],
          [
            72.5810332,
            23.0392509
          ],
          [
            72.5799783,
            23.0393185
          ],
          [
            72.5790531,
            23.0394508
          ],
          [
            72.5786608,
            23.0394336
          ],
          [
            72.5780935,
            23.0393372
          ],
          [
            72.5777199,
            23.0392051
          ],
          [
            72.5772138,
            23.0389388
          ],
          [
            72.5769706,
            23.0387262
          ],
          [
            72.5765511,
            23.0383486
          ]
        ]
      },
      "id": "way/1101021712"
    },
    {
      "type": "Feature",
      "properties": {
        "@id": "way/1101021714",
        "bridge": "yes",
        "electrified": "rail",
        "gauge": "1435",
        "layer": "1",
        "railway": "subway",
        "start_date": "2022-09-30",
        "usage": "main",
        "voltage": "750"
      },
      "geometry": {
        "type": "LineString",
        "coordinates": [
          [
            72.5421097,
            23.0451771
          ],
          [
            72.5418154,
            23.0452713
          ],
          [
            72.541404,
            23.045445
          ],
          [
            72.5408875,
            23.0456848
          ],
          [
            72.540358,
            23.0458217
          ],
          [
            72.5401762,
            23.0458556
          ],
          [
            72.5398804,
            23.0458696
          ],
          [
            72.5392426,
            23.0458753
          ],
          [
            72.5383439,
            23.0459009
          ],
          [
            72.5371432,
            23.0459216
          ],
          [
            72.5365831,
            23.0459256
          ],
          [
            72.5348776,
            23.045928
          ],
          [
            72.533519,
            23.0459137
          ],
          [
            72.5328825,
            23.0459173
          ],
          [
            72.5322262,
            23.0459668
          ],
          [
            72.5313931,
            23.0460376
          ],
          [
            72.5305734,
            23.0461346
          ],
          [
            72.5302651,
            23.0461541
          ],
          [
            72.5300289,
            23.0461932
          ],
          [
            72.529705,
            23.0462647
          ],
          [
            72.529367,
            23.046391
          ],
          [
            72.529062,
            23.0465194
          ],
          [
            72.5279903,
            23.0471365
          ],
          [
            72.5273548,
            23.0474654
          ],
          [
            72.526921,
            23.0476627
          ],
          [
            72.5264841,
            23.047795
          ],
          [
            72.5260876,
            23.0478846
          ],
          [
            72.5253999,
            23.0480211
          ],
          [
            72.5245109,
            23.0481838
          ],
          [
            72.5234624,
            23.0484013
          ],
          [
            72.5230271,
            23.0484894
          ],
          [
            72.5226295,
            23.0486035
          ],
          [
            72.5220339,
            23.0488348
          ],
          [
            72.5213259,
            23.0491368
          ],
          [
            72.520379,
            23.0495132
          ],
          [
            72.5200692,
            23.0496228
          ],
          [
            72.51961,
            23.049766
          ],
          [
            72.5193298,
            23.0498166
          ],
          [
            72.5189055,
            23.049876
          ],
          [
            72.5183813,
            23.0499251
          ],
          [
            72.5176793,
            23.0498898
          ],
          [
            72.5169058,
            23.0498366
          ],
          [
            72.5160136,
            23.049782
          ],
          [
            72.5151751,
            23.0497378
          ],
          [
            72.5150743,
            23.0497447
          ],
          [
            72.5150076,
            23.0497592
          ],
          [
            72.5145003,
            23.0499649
          ],
          [
            72.5143043,
            23.0500033
          ]
        ]
      },
      "id": "way/1101021714"
    },
    {
      "type": "Feature",
      "properties": {
        "@id": "way/1101021715",
        "bridge": "yes",
        "electrified": "rail",
        "gauge": "1435",
        "layer": "2",
        "railway": "subway",
        "start_date": "2022-09-30",
        "usage": "main",
        "voltage": "750"
      },
      "geometry": {
        "type": "LineString",
        "coordinates": [
          [
            72.5143192,
            23.0499618
          ],
          [
            72.5145167,
            23.0499038
          ],
          [
            72.5149952,
            23.0497207
          ],
          [
            72.5150719,
            23.0497092
          ],
          [
            72.5151942,
            23.049704
          ],
          [
            72.5159937,
            23.0497505
          ],
          [
            72.5169011,
            23.0497921
          ],
          [
            72.5176858,
            23.0498489
          ],
          [
            72.5183823,
            23.049879
          ],
          [
            72.5188917,
            23.0498369
          ],
          [
            72.5193295,
            23.0497711
          ],
          [
            72.519601,
            23.0497108
          ],
          [
            72.5200473,
            23.0495801
          ],
          [
            72.5203665,
            23.0494582
          ],
          [
            72.5213061,
            23.0490982
          ],
          [
            72.5220158,
            23.0487982
          ],
          [
            72.5226161,
            23.0485581
          ],
          [
            72.5230142,
            23.0484512
          ],
          [
            72.5234537,
            23.0483657
          ],
          [
            72.5245036,
            23.04814
          ],
          [
            72.5253879,
            23.0479877
          ],
          [
            72.526018,
            23.0478679
          ],
          [
            72.526471,
            23.0477592
          ],
          [
            72.5269062,
            23.0476252
          ],
          [
            72.5273374,
            23.0474316
          ],
          [
            72.5279655,
            23.0471005
          ],
          [
            72.5290334,
            23.0464816
          ],
          [
            72.5293451,
            23.046351
          ],
          [
            72.5296856,
            23.0462298
          ],
          [
            72.5300264,
            23.0461483
          ],
          [
            72.5302637,
            23.0461138
          ],
          [
            72.5305682,
            23.0460982
          ],
          [
            72.5313978,
            23.0459933
          ],
          [
            72.5322221,
            23.0459188
          ],
          [
            72.5328779,
            23.0458627
          ],
          [
            72.5335209,
            23.0458718
          ],
          [
            72.5348755,
            23.0458688
          ],
          [
            72.5365845,
            23.0459058
          ],
          [
            72.5371172,
            23.0458933
          ],
          [
            72.5383275,
            23.0458815
          ],
          [
            72.5392367,
            23.0458578
          ],
          [
            72.5400172,
            23.0458247
          ],
          [
            72.5402475,
            23.0458153
          ],
          [
            72.5404113,
            23.0457862
          ],
          [
            72.5406388,
            23.0457107
          ],
          [
            72.5408711,
            23.0456196
          ],
          [
            72.5413977,
            23.0453923
          ],
          [
            72.541787,
            23.0452078
          ],
          [
            72.5420802,
            23.0451049
          ]
        ]
      },
      "id": "way/1101021715"
    },
    {
      "type": "Feature",
      "properties": {
        "@id": "way/1101021716",
        "bridge": "yes",
        "electrified": "rail",
        "gauge": "1435",
        "layer": "1",
        "name": "Blue Line, Ahmedabad Metro",
        "railway": "subway",
        "start_date": "2022-09-30",
        "usage": "main",
        "voltage": "750"
      },
      "geometry": {
        "type": "LineString",
        "coordinates": [
          [
            72.5765511,
            23.0383486
          ],
          [
            72.5764174,
            23.0382451
          ],
          [
            72.5762137,
            23.0381108
          ],
          [
            72.5759553,
            23.0380018
          ],
          [
            72.5756574,
            23.0379234
          ],
          [
            72.5752036,
            23.0378739
          ],
          [
            72.5746866,
            23.0378537
          ],
          [
            72.5733133,
            23.037781
          ],
          [
            72.5720706,
            23.0377343
          ],
          [
            72.5712511,
            23.0376853
          ],
          [
            72.5707344,
            23.037607
          ],
          [
            72.569869,
            23.0374843
          ],
          [
            72.569442,
            23.0374282
          ],
          [
            72.5691832,
            23.0374034
          ],
          [
            72.568922,
            23.0373911
          ],
          [
            72.5687008,
            23.0373982
          ],
          [
            72.5684701,
            23.0374157
          ],
          [
            72.567905,
            23.0374888
          ],
          [
            72.5670605,
            23.0375956
          ],
          [
            72.5662623,
            23.0376904
          ],
          [
            72.5658733,
            23.0378126
          ],
          [
            72.5656197,
            23.0379213
          ],
          [
            72.5654271,
            23.0380389
          ],
          [
            72.5652384,
            23.0381687
          ],
          [
            72.5649886,
            23.0383951
          ],
          [
            72.5647255,
            23.0386442
          ],
          [
            72.5641196,
            23.0392078
          ],
          [
            72.5638908,
            23.0393727
          ],
          [
            72.5637173,
            23.0394973
          ],
          [
            72.5634315,
            23.0396324
          ],
          [
            72.5632466,
            23.0396991
          ],
          [
            72.5630426,
            23.0397588
          ],
          [
            72.5628138,
            23.0397991
          ],
          [
            72.5624556,
            23.0398192
          ],
          [
            72.5616387,
            23.0398916
          ],
          [
            72.5609088,
            23.0399366
          ],
          [
            72.5603955,
            23.0399725
          ],
          [
            72.5597067,
            23.0399993
          ],
          [
            72.559119,
            23.0400318
          ],
          [
            72.5579207,
            23.0400917
          ],
          [
            72.5572828,
            23.0400935
          ],
          [
            72.5569819,
            23.040069
          ],
          [
            72.5554444,
            23.0399787
          ],
          [
            72.5546405,
            23.0399724
          ],
          [
            72.5544625,
            23.0399903
          ],
          [
            72.5542874,
            23.040033
          ],
          [
            72.5541542,
            23.0400853
          ],
          [
            72.5539956,
            23.040161
          ],
          [
            72.5530873,
            23.0407242
          ],
          [
            72.5520628,
            23.0412839
          ],
          [
            72.5517635,
            23.0414574
          ],
          [
            72.5514717,
            23.041591
          ],
          [
            72.5505986,
            23.0419328
          ],
          [
            72.5499511,
            23.0422606
          ],
          [
            72.5494124,
            23.0425346
          ],
          [
            72.5488886,
            23.0428582
          ],
          [
            72.5470406,
            23.0440475
          ],
          [
            72.5468238,
            23.0441704
          ],
          [
            72.5466694,
            23.0442189
          ],
          [
            72.5463995,
            23.0443242
          ],
          [
            72.5461141,
            23.044409
          ],
          [
            72.5456544,
            23.0445029
          ],
          [
            72.5450608,
            23.0446187
          ],
          [
            72.5445173,
            23.0447199
          ],
          [
            72.5435282,
            23.0448892
          ],
          [
            72.5426841,
            23.0450404
          ],
          [
            72.5423337,
            23.0451116
          ]
        ]
      },
      "id": "way/1101021716"
    },
    {
      "type": "Feature",
      "properties": {
        "@id": "way/1101028018",
        "bridge": "viaduct",
        "electrified": "rail",
        "gauge": "1435",
        "layer": "1",
        "railway": "subway"
      },
      "geometry": {
        "type": "LineString",
        "coordinates": [
          [
            72.5612547,
            23.0606542
          ],
          [
            72.5612359,
            23.0609107
          ],
          [
            72.5611755,
            23.0613548
          ],
          [
            72.5611219,
            23.0617028
          ],
          [
            72.5610722,
            23.0621877
          ],
          [
            72.5610643,
            23.0627369
          ],
          [
            72.5611083,
            23.0632383
          ]
        ]
      },
      "id": "way/1101028018"
    },
    {
      "type": "Feature",
      "properties": {
        "@id": "way/1101028019",
        "bridge": "viaduct",
        "electrified": "rail",
        "gauge": "1435",
        "layer": "3",
        "name": "Red Line, Ahmedabad Metro",
        "railway": "subway",
        "start_date": "2022-09-30"
      },
      "geometry": {
        "type": "LineString",
        "coordinates": [
          [
            72.5967207,
            23.0967601
          ],
          [
            72.596405,
            23.0962767
          ],
          [
            72.5958472,
            23.0954392
          ],
          [
            72.5940232,
            23.0926173
          ],
          [
            72.5927226,
            23.0906451
          ],
          [
            72.5923993,
            23.0901522
          ],
          [
            72.5918542,
            23.0894494
          ],
          [
            72.5916763,
            23.0892092
          ],
          [
            72.5915348,
            23.0889977
          ],
          [
            72.5914629,
            23.0887972
          ],
          [
            72.5913975,
            23.0885711
          ],
          [
            72.5913907,
            23.0882848
          ],
          [
            72.5914671,
            23.0879169
          ],
          [
            72.5915997,
            23.0875101
          ],
          [
            72.5917957,
            23.0869451
          ],
          [
            72.5919907,
            23.0863704
          ],
          [
            72.5922247,
            23.0856327
          ],
          [
            72.5928235,
            23.083866
          ],
          [
            72.5931823,
            23.0827569
          ],
          [
            72.5935477,
            23.0816372
          ],
          [
            72.5937091,
            23.0811081
          ],
          [
            72.5938799,
            23.0807091
          ],
          [
            72.5940466,
            23.0803942
          ],
          [
            72.594337,
            23.0799636
          ],
          [
            72.5949766,
            23.0790173
          ],
          [
            72.5951107,
            23.0787849
          ],
          [
            72.5951922,
            23.0785743
          ],
          [
            72.5952493,
            23.0783457
          ],
          [
            72.5952498,
            23.0781294
          ],
          [
            72.5952423,
            23.0778604
          ],
          [
            72.5951837,
            23.0776437
          ],
          [
            72.5950915,
            23.0774306
          ],
          [
            72.5948953,
            23.0771526
          ],
          [
            72.5944049,
            23.0765246
          ],
          [
            72.5937241,
            23.0756702
          ],
          [
            72.5933161,
            23.0750932
          ],
          [
            72.5930897,
            23.0748167
          ],
          [
            72.5930853,
            23.0748113
          ],
          [
            72.5927147,
            23.0743585
          ],
          [
            72.5916859,
            23.0731266
          ],
          [
            72.5911139,
            23.0724566
          ],
          [
            72.5904454,
            23.0717475
          ],
          [
            72.5902265,
            23.0714924
          ],
          [
            72.5900146,
            23.0712124
          ],
          [
            72.5896552,
            23.0706627
          ],
          [
            72.5894732,
            23.0704233
          ],
          [
            72.5892773,
            23.0702866
          ],
          [
            72.5889875,
            23.0700846
          ],
          [
            72.5888227,
            23.0700037
          ],
          [
            72.5886675,
            23.0699344
          ],
          [
            72.5884348,
            23.0698667
          ],
          [
            72.5882661,
            23.0698365
          ],
          [
            72.5875498,
            23.069803
          ],
          [
            72.5854963,
            23.0696291
          ],
          [
            72.5848365,
            23.0695626
          ],
          [
            72.5833625,
            23.0693755
          ],
          [
            72.5825892,
            23.0692742
          ],
          [
            72.5822226,
            23.0692144
          ],
          [
            72.5818234,
            23.0691096
          ],
          [
            72.5814295,
            23.0689606
          ],
          [
            72.5807074,
            23.0686549
          ],
          [
            72.5803628,
            23.0685511
          ],
          [
            72.5796365,
            23.0683639
          ],
          [
            72.5775882,
            23.0678825
          ],
          [
            72.5769582,
            23.0677563
          ],
          [
            72.576555,
            23.0677016
          ],
          [
            72.5754755,
            23.0676748
          ],
          [
            72.5748694,
            23.0676643
          ],
          [
            72.5741529,
            23.0676615
          ],
          [
            72.5734176,
            23.0676386
          ],
          [
            72.5719345,
            23.0676194
          ],
          [
            72.5713049,
            23.0676033
          ],
          [
            72.5709133,
            23.0675972
          ],
          [
            72.569857,
            23.0676408
          ],
          [
            72.5677687,
            23.0676643
          ],
          [
            72.565892,
            23.0676478
          ],
          [
            72.5642333,
            23.0676471
          ],
          [
            72.5635782,
            23.0675726
          ],
          [
            72.5631416,
            23.0674725
          ],
          [
            72.5629592,
            23.0674182
          ],
          [
            72.5626601,
            23.0672529
          ],
          [
            72.5624818,
            23.0670851
          ],
          [
            72.5623619,
            23.0669362
          ],
          [
            72.5622645,
            23.0667667
          ],
          [
            72.5619139,
            23.0658805
          ],
          [
            72.5614974,
            23.0650023
          ],
          [
            72.5612788,
            23.0644039
          ],
          [
            72.5611179,
            23.0639349
          ],
          [
            72.5610294,
            23.0635031
          ],
          [
            72.5609663,
            23.0629688
          ],
          [
            72.560961,
            23.0625616
          ],
          [
            72.5609891,
            23.0621076
          ],
          [
            72.5610092,
            23.0617744
          ],
          [
            72.5610883,
            23.0613141
          ],
          [
            72.5612547,
            23.0606542
          ],
          [
            72.5614425,
            23.0598385
          ],
          [
            72.5618681,
            23.058153
          ],
          [
            72.5623294,
            23.0564531
          ],
          [
            72.5627484,
            23.0547269
          ],
          [
            72.5631638,
            23.0530022
          ],
          [
            72.5632556,
            23.0526677
          ],
          [
            72.5634194,
            23.0519671
          ],
          [
            72.5636539,
            23.0510536
          ],
          [
            72.5638658,
            23.0501887
          ],
          [
            72.564061,
            23.0494262
          ],
          [
            72.5643566,
            23.048277
          ],
          [
            72.5646355,
            23.0473438
          ],
          [
            72.5649953,
            23.045936
          ],
          [
            72.5653651,
            23.0444168
          ],
          [
            72.5657138,
            23.0429902
          ],
          [
            72.5661631,
            23.041179
          ],
          [
            72.5665459,
            23.0396316
          ],
          [
            72.5666715,
            23.0390817
          ],
          [
            72.5668575,
            23.0382665
          ],
          [
            72.5670541,
            23.0374805
          ],
          [
            72.5674062,
            23.0360905
          ],
          [
            72.5678427,
            23.0344772
          ],
          [
            72.5680513,
            23.0336936
          ],
          [
            72.5685503,
            23.0316952
          ],
          [
            72.5687286,
            23.030965
          ],
          [
            72.5688347,
            23.0305081
          ],
          [
            72.568872,
            23.0302219
          ],
          [
            72.5689135,
            23.0295108
          ],
          [
            72.5689094,
            23.0279836
          ],
          [
            72.5688973,
            23.0271728
          ],
          [
            72.5688498,
            23.0246641
          ],
          [
            72.5688052,
            23.0238756
          ],
          [
            72.5687361,
            23.0231301
          ],
          [
            72.568626,
            23.0225557
          ],
          [
            72.5685167,
            23.0221987
          ],
          [
            72.5683047,
            23.0217035
          ],
          [
            72.5681381,
            23.0213782
          ],
          [
            72.5679041,
            23.0210689
          ],
          [
            72.5675842,
            23.0207339
          ],
          [
            72.5672442,
            23.0204124
          ],
          [
            72.5667702,
            23.0200952
          ],
          [
            72.5663062,
            23.0198541
          ],
          [
            72.5659445,
            23.0197085
          ],
          [
            72.5650075,
            23.0193508
          ],
          [
            72.5636901,
            23.0189124
          ],
          [
            72.5623806,
            23.0184541
          ],
          [
            72.5612027,
            23.0180016
          ],
          [
            72.5599958,
            23.0175461
          ],
          [
            72.5567729,
            23.0163751
          ],
          [
            72.554082,
            23.0154009
          ],
          [
            72.5520894,
            23.0146472
          ],
          [
            72.5508996,
            23.0142044
          ],
          [
            72.5506139,
            23.0140873
          ],
          [
            72.5498946,
            23.0138315
          ],
          [
            72.5492643,
            23.0136045
          ],
          [
            72.5486087,
            23.0133607
          ],
          [
            72.5468543,
            23.0127149
          ],
          [
            72.5454035,
            23.0121934
          ],
          [
            72.5427371,
            23.011227
          ],
          [
            72.540006,
            23.010222
          ],
          [
            72.5392375,
            23.0100535
          ],
          [
            72.5387331,
            23.0099542
          ],
          [
            72.5382174,
            23.009882
          ],
          [
            72.5375222,
            23.0098134
          ],
          [
            72.5367627,
            23.009732
          ],
          [
            72.5360931,
            23.0096603
          ],
          [
            72.5341565,
            23.0094845
          ],
          [
            72.5335536,
            23.0094197
          ],
          [
            72.5334034,
            23.0093941
          ],
          [
            72.5332795,
            23.0093673
          ],
          [
            72.5331735,
            23.0093374
          ],
          [
            72.5330707,
            23.0092994
          ],
          [
            72.5329716,
            23.0092536
          ],
          [
            72.5328772,
            23.0092003
          ],
          [
            72.5327879,
            23.0091399
          ],
          [
            72.5327044,
            23.0090727
          ],
          [
            72.5326274,
            23.0089993
          ],
          [
            72.5325574,
            23.0089203
          ],
          [
            72.5324949,
            23.0088361
          ],
          [
            72.5324402,
            23.0087473
          ],
          [
            72.5323939,
            23.0086546
          ],
          [
            72.5323562,
            23.0085587
          ],
          [
            72.5323269,
            23.008458
          ],
          [
            72.5323071,
            23.0083553
          ],
          [
            72.5322969,
            23.0082514
          ],
          [
            72.5322965,
            23.0081471
          ],
          [
            72.5323059,
            23.0080431
          ],
          [
            72.5323249,
            23.0079403
          ],
          [
            72.5323535,
            23.0078394
          ],
          [
            72.5325072,
            23.0074837
          ],
          [
            72.5328162,
            23.0068894
          ],
          [
            72.5335036,
            23.0055517
          ],
          [
            72.5337912,
            23.0050015
          ],
          [
            72.5346936,
            23.0031556
          ],
          [
            72.5356169,
            23.0011328
          ],
          [
            72.5360969,
            22.9999992
          ],
          [
            72.5364616,
            22.999175
          ],
          [
            72.5368797,
            22.9983706
          ],
          [
            72.5371148,
            22.9978578
          ],
          [
            72.5371344,
            22.9978151
          ]
        ]
      },
      "id": "way/1101028019"
    },
    {
      "type": "Feature",
      "properties": {
        "@id": "way/1101058045",
        "bridge": "viaduct",
        "electrified": "rail",
        "gauge": "1435",
        "layer": "3",
        "name": "Red Line, Ahmedabad Metro",
        "railway": "subway",
        "start_date": "2022-09-30"
      },
      "geometry": {
        "type": "LineString",
        "coordinates": [
          [
            72.5966689,
            23.0967876
          ],
          [
            72.5957945,
            23.0954515
          ],
          [
            72.5952873,
            23.0946445
          ],
          [
            72.5939773,
            23.0926372
          ],
          [
            72.5926935,
            23.090674
          ],
          [
            72.5923618,
            23.090176
          ],
          [
            72.5918333,
            23.0894731
          ],
          [
            72.5916343,
            23.0892267
          ],
          [
            72.5914811,
            23.0890082
          ],
          [
            72.5914097,
            23.088804
          ],
          [
            72.591352,
            23.0885721
          ],
          [
            72.5913435,
            23.0882882
          ],
          [
            72.5914242,
            23.0878997
          ],
          [
            72.591562,
            23.0875028
          ],
          [
            72.5917532,
            23.0869305
          ],
          [
            72.5919426,
            23.0863592
          ],
          [
            72.5921818,
            23.0856228
          ],
          [
            72.5927723,
            23.0838488
          ],
          [
            72.5931448,
            23.0827458
          ],
          [
            72.5934994,
            23.0816278
          ],
          [
            72.5936634,
            23.0810949
          ],
          [
            72.5938331,
            23.0806871
          ],
          [
            72.5940086,
            23.080373
          ],
          [
            72.5943017,
            23.0799376
          ],
          [
            72.5949453,
            23.0789742
          ],
          [
            72.5950671,
            23.0787658
          ],
          [
            72.5951504,
            23.0785553
          ],
          [
            72.5952019,
            23.0783265
          ],
          [
            72.5952048,
            23.0781309
          ],
          [
            72.5951922,
            23.0778601
          ],
          [
            72.5951286,
            23.0776413
          ],
          [
            72.5950393,
            23.0774369
          ],
          [
            72.5948504,
            23.0771663
          ],
          [
            72.5943643,
            23.076542
          ],
          [
            72.5936933,
            23.0756999
          ],
          [
            72.5932705,
            23.0751227
          ],
          [
            72.5926692,
            23.0743923
          ],
          [
            72.591653,
            23.0731597
          ],
          [
            72.5910395,
            23.0725113
          ],
          [
            72.5904019,
            23.071775
          ],
          [
            72.5901943,
            23.0715393
          ],
          [
            72.5899838,
            23.0712444
          ],
          [
            72.5896129,
            23.070702
          ],
          [
            72.5894261,
            23.0704601
          ],
          [
            72.5892842,
            23.0703365
          ],
          [
            72.5889826,
            23.0701278
          ],
          [
            72.5888537,
            23.0700602
          ],
          [
            72.5886367,
            23.0699548
          ],
          [
            72.5884064,
            23.0698983
          ],
          [
            72.5881234,
            23.0698665
          ],
          [
            72.5875418,
            23.0698352
          ],
          [
            72.5854838,
            23.0696689
          ],
          [
            72.5848312,
            23.0696075
          ],
          [
            72.5833442,
            23.0694097
          ],
          [
            72.5825833,
            23.0693122
          ],
          [
            72.5822106,
            23.0692495
          ],
          [
            72.5817965,
            23.0691436
          ],
          [
            72.5813974,
            23.0690026
          ],
          [
            72.5806842,
            23.0686972
          ],
          [
            72.580338,
            23.0685884
          ],
          [
            72.5796259,
            23.0683975
          ],
          [
            72.5775714,
            23.0679251
          ],
          [
            72.5769394,
            23.0678019
          ],
          [
            72.5765489,
            23.0677376
          ],
          [
            72.5754671,
            23.0677273
          ],
          [
            72.5748648,
            23.0677262
          ],
          [
            72.5741509,
            23.0677222
          ],
          [
            72.5734223,
            23.0676985
          ],
          [
            72.5719282,
            23.0676616
          ],
          [
            72.5712972,
            23.0676362
          ],
          [
            72.5698523,
            23.067684
          ],
          [
            72.5677669,
            23.0677133
          ],
          [
            72.5658899,
            23.067695
          ],
          [
            72.5642237,
            23.0676724
          ],
          [
            72.5635624,
            23.067611
          ],
          [
            72.5631222,
            23.0675106
          ],
          [
            72.5629393,
            23.0674488
          ],
          [
            72.5626454,
            23.0672834
          ],
          [
            72.5624372,
            23.0671076
          ],
          [
            72.5623208,
            23.066944
          ],
          [
            72.5622277,
            23.0667696
          ],
          [
            72.5618742,
            23.0658842
          ],
          [
            72.5614585,
            23.065022
          ],
          [
            72.5612285,
            23.0644022
          ],
          [
            72.5610803,
            23.0639399
          ],
          [
            72.5609914,
            23.063499
          ],
          [
            72.5609368,
            23.062998
          ],
          [
            72.5609033,
            23.0625518
          ],
          [
            72.5609125,
            23.0621012
          ],
          [
            72.5609435,
            23.0617744
          ],
          [
            72.561036,
            23.0613005
          ],
          [
            72.5611514,
            23.0608218
          ],
          [
            72.5612629,
            23.0604694
          ],
          [
            72.5613928,
            23.0598321
          ],
          [
            72.5618199,
            23.0581566
          ],
          [
            72.5622541,
            23.0564338
          ],
          [
            72.5626869,
            23.0547188
          ],
          [
            72.5631094,
            23.0529938
          ],
          [
            72.5631885,
            23.0527306
          ],
          [
            72.5633228,
            23.0521251
          ],
          [
            72.5633937,
            23.0518742
          ],
          [
            72.5635359,
            23.0512967
          ],
          [
            72.5636941,
            23.0506649
          ],
          [
            72.5640087,
            23.0493992
          ],
          [
            72.5645655,
            23.047325
          ],
          [
            72.564927,
            23.0459092
          ],
          [
            72.5652537,
            23.0446504
          ],
          [
            72.56567,
            23.0429193
          ],
          [
            72.5661019,
            23.0411622
          ],
          [
            72.5663422,
            23.0402688
          ],
          [
            72.5665064,
            23.0396187
          ],
          [
            72.5666017,
            23.0390581
          ],
          [
            72.5666287,
            23.0388186
          ],
          [
            72.5667203,
            23.0382258
          ],
          [
            72.5668751,
            23.0374696
          ],
          [
            72.5670283,
            23.0367855
          ],
          [
            72.5672295,
            23.0360456
          ],
          [
            72.5674467,
            23.035389
          ],
          [
            72.5677247,
            23.0346527
          ],
          [
            72.5680014,
            23.0336847
          ],
          [
            72.5684998,
            23.0316833
          ],
          [
            72.5686843,
            23.0309574
          ],
          [
            72.5687852,
            23.0304982
          ],
          [
            72.5688172,
            23.0302106
          ],
          [
            72.5688474,
            23.0295109
          ],
          [
            72.5688662,
            23.0279833
          ],
          [
            72.5688202,
            23.0271754
          ],
          [
            72.56879,
            23.024661
          ],
          [
            72.5687421,
            23.0238834
          ],
          [
            72.56867,
            23.0231319
          ],
          [
            72.5685763,
            23.0225511
          ],
          [
            72.5684782,
            23.0221986
          ],
          [
            72.5682649,
            23.021708
          ],
          [
            72.5680961,
            23.0213929
          ],
          [
            72.5678719,
            23.0210902
          ],
          [
            72.5675528,
            23.0207559
          ],
          [
            72.5672134,
            23.0204371
          ],
          [
            72.5667419,
            23.0201164
          ],
          [
            72.5662884,
            23.0198851
          ],
          [
            72.5659234,
            23.0197444
          ],
          [
            72.5649839,
            23.0193976
          ],
          [
            72.564596,
            23.0192985
          ],
          [
            72.5636411,
            23.0190383
          ],
          [
            72.5623281,
            23.0185472
          ],
          [
            72.5615854,
            23.0183024
          ],
          [
            72.5611138,
            23.0181116
          ],
          [
            72.5604259,
            23.0178085
          ],
          [
            72.5599823,
            23.0175763
          ],
          [
            72.556762,
            23.0164064
          ],
          [
            72.5540659,
            23.0154374
          ],
          [
            72.5520803,
            23.0146861
          ],
          [
            72.5514092,
            23.0144436
          ],
          [
            72.5501213,
            23.0139544
          ],
          [
            72.5498752,
            23.0138708
          ],
          [
            72.5492445,
            23.0136478
          ],
          [
            72.5485889,
            23.0134082
          ],
          [
            72.5468407,
            23.0127686
          ],
          [
            72.5453886,
            23.0122376
          ],
          [
            72.5427061,
            23.0112713
          ],
          [
            72.53999,
            23.0102607
          ],
          [
            72.5392286,
            23.0100928
          ],
          [
            72.5387297,
            23.0099893
          ],
          [
            72.538209,
            23.0099177
          ],
          [
            72.5375177,
            23.0098465
          ],
          [
            72.5367573,
            23.0097711
          ],
          [
            72.5360915,
            23.0097051
          ],
          [
            72.5341435,
            23.0095351
          ],
          [
            72.5335547,
            23.0094731
          ],
          [
            72.5333838,
            23.0094449
          ],
          [
            72.5332714,
            23.0094212
          ],
          [
            72.5331615,
            23.009389
          ],
          [
            72.5330549,
            23.0093485
          ],
          [
            72.5329523,
            23.0093
          ],
          [
            72.5328545,
            23.0092439
          ],
          [
            72.532762,
            23.0091805
          ],
          [
            72.5326755,
            23.0091102
          ],
          [
            72.5325957,
            23.0090336
          ],
          [
            72.532523,
            23.0089512
          ],
          [
            72.5324571,
            23.0088622
          ],
          [
            72.5323996,
            23.0087684
          ],
          [
            72.5323508,
            23.0086705
          ],
          [
            72.5323112,
            23.0085692
          ],
          [
            72.532281,
            23.0084652
          ],
          [
            72.5322603,
            23.0083592
          ],
          [
            72.5322495,
            23.0082519
          ],
          [
            72.5322484,
            23.0081442
          ],
          [
            72.5322572,
            23.0080368
          ],
          [
            72.5322758,
            23.0079305
          ],
          [
            72.532304,
            23.007826
          ],
          [
            72.5324735,
            23.0074661
          ],
          [
            72.5327791,
            23.0068734
          ],
          [
            72.5331838,
            23.0061036
          ],
          [
            72.5334739,
            23.0055338
          ],
          [
            72.5337558,
            23.00498
          ],
          [
            72.5346565,
            23.003137
          ],
          [
            72.5355722,
            23.0011122
          ],
          [
            72.5360594,
            22.9999811
          ],
          [
            72.5364187,
            22.9991553
          ],
          [
            72.5368253,
            22.9983466
          ],
          [
            72.5370953,
            22.9978001
          ]
        ]
      },
      "id": "way/1101058045"
    },
    {
      "type": "Feature",
      "properties": {
        "@id": "way/1101058048",
        "bridge": "viaduct",
        "electrified": "rail",
        "gauge": "1435",
        "layer": "3",
        "railway": "subway",
        "service": "crossover"
      },
      "geometry": {
        "type": "LineString",
        "coordinates": [
          [
            72.5501213,
            23.0139544
          ],
          [
            72.5506139,
            23.0140873
          ]
        ]
      },
      "id": "way/1101058048"
    },
    {
      "type": "Feature",
      "properties": {
        "@id": "way/1101058049",
        "bridge": "viaduct",
        "electrified": "rail",
        "gauge": "1435",
        "layer": "3",
        "railway": "subway",
        "service": "crossover"
      },
      "geometry": {
        "type": "LineString",
        "coordinates": [
          [
            72.5508996,
            23.0142044
          ],
          [
            72.5514092,
            23.0144436
          ]
        ]
      },
      "id": "way/1101058049"
    },
    {
      "type": "Feature",
      "properties": {
        "@id": "way/1197819227",
        "bridge": "yes",
        "electrified": "rail",
        "gauge": "1435",
        "layer": "2",
        "name": "Blue Line, Ahmedabad Metro",
        "railway": "subway",
        "start_date": "2022-09-30",
        "usage": "main",
        "voltage": "750"
      },
      "geometry": {
        "type": "LineString",
        "coordinates": [
          [
            72.5423337,
            23.0451116
          ],
          [
            72.5421886,
            23.0451509
          ],
          [
            72.5421097,
            23.0451771
          ]
        ]
      },
      "id": "way/1197819227"
    },
    {
      "type": "Feature",
      "properties": {
        "@id": "way/1197819228",
        "bridge": "yes",
        "electrified": "rail",
        "gauge": "1435",
        "layer": "2",
        "name": "Blue Line, Ahmedabad Metro",
        "railway": "subway",
        "start_date": "2022-09-30",
        "usage": "main",
        "voltage": "750"
      },
      "geometry": {
        "type": "LineString",
        "coordinates": [
          [
            72.5420802,
            23.0451049
          ],
          [
            72.5421645,
            23.0450867
          ],
          [
            72.5423149,
            23.0450536
          ]
        ]
      },
      "id": "way/1197819228"
    },
    {
      "type": "Feature",
      "properties": {
        "@id": "way/1198134741",
        "bridge": "viaduct",
        "layer": "1",
        "name": "Violet Line",
        "railway": "subway",
        "start_date": "2024-09-17"
      },
      "geometry": {
        "type": "LineString",
        "coordinates": [
          [
            72.6855844,
            23.153345
          ],
          [
            72.6850478,
            23.1522934
          ],
          [
            72.6844631,
            23.1510897
          ],
          [
            72.6842303,
            23.1506854
          ],
          [
            72.684074,
            23.1504867
          ],
          [
            72.6838089,
            23.1503038
          ],
          [
            72.6835848,
            23.150225
          ],
          [
            72.6833359,
            23.1501635
          ],
          [
            72.6830315,
            23.1501612
          ],
          [
            72.6825924,
            23.1502296
          ],
          [
            72.6796933,
            23.1506444
          ],
          [
            72.6736163,
            23.1515217
          ],
          [
            72.6729973,
            23.1516426
          ],
          [
            72.6719354,
            23.1519605
          ],
          [
            72.6709201,
            23.1522914
          ],
          [
            72.6685948,
            23.1528887
          ],
          [
            72.6656302,
            23.1536378
          ],
          [
            72.6626808,
            23.1544095
          ],
          [
            72.6612326,
            23.1549205
          ],
          [
            72.6602347,
            23.155268
          ],
          [
            72.6595381,
            23.1554668
          ],
          [
            72.6556962,
            23.1564027
          ],
          [
            72.6533936,
            23.1569542
          ],
          [
            72.6511032,
            23.1575258
          ],
          [
            72.6505731,
            23.1576567
          ],
          [
            72.6503527,
            23.1576969
          ],
          [
            72.6501324,
            23.1577185
          ],
          [
            72.6499254,
            23.1577167
          ],
          [
            72.6496696,
            23.1576868
          ],
          [
            72.6494219,
            23.1576038
          ],
          [
            72.6492007,
            23.1575058
          ],
          [
            72.6490735,
            23.1574195
          ],
          [
            72.648759,
            23.1571423
          ],
          [
            72.6486581,
            23.1570191
          ],
          [
            72.6484867,
            23.1567355
          ],
          [
            72.6481224,
            23.1560413
          ]
        ]
      },
      "id": "way/1198134741"
    },
    {
      "type": "Feature",
      "properties": {
        "@id": "way/1198134742",
        "bridge": "viaduct",
        "layer": "1",
        "railway": "subway",
        "start_date": "2024-09-17"
      },
      "geometry": {
        "type": "LineString",
        "coordinates": [
          [
            72.6431693,
            23.2048991
          ],
          [
            72.6423384,
            23.2035797
          ],
          [
            72.641845,
            23.2027811
          ],
          [
            72.6413518,
            23.2019804
          ],
          [
            72.6409561,
            23.2012678
          ],
          [
            72.6406952,
            23.2005369
          ],
          [
            72.640496,
            23.1997851
          ],
          [
            72.6403478,
            23.1987417
          ],
          [
            72.6403193,
            23.1973622
          ],
          [
            72.6402445,
            23.196277
          ],
          [
            72.6401702,
            23.1956368
          ],
          [
            72.6401507,
            23.1954204
          ],
          [
            72.6401491,
            23.1954028
          ],
          [
            72.6400651,
            23.1947736
          ],
          [
            72.6398209,
            23.193041
          ],
          [
            72.6397321,
            23.192258
          ],
          [
            72.6396033,
            23.1908102
          ],
          [
            72.6396024,
            23.1908002
          ],
          [
            72.6393152,
            23.1882809
          ],
          [
            72.6392059,
            23.1870723
          ],
          [
            72.6392019,
            23.1869424
          ],
          [
            72.6392304,
            23.1867471
          ],
          [
            72.6392704,
            23.1866085
          ],
          [
            72.6393592,
            23.1864625
          ],
          [
            72.6394933,
            23.1862959
          ],
          [
            72.6396682,
            23.1861254
          ],
          [
            72.6399428,
            23.1859725
          ],
          [
            72.6401795,
            23.1859024
          ],
          [
            72.6405434,
            23.1858588
          ],
          [
            72.6421096,
            23.1859258
          ],
          [
            72.6433074,
            23.1859759
          ],
          [
            72.644459,
            23.186027
          ],
          [
            72.645407,
            23.1860622
          ],
          [
            72.6460281,
            23.1860873
          ],
          [
            72.6462896,
            23.186078
          ],
          [
            72.6464478,
            23.1860599
          ],
          [
            72.6465827,
            23.1860031
          ],
          [
            72.6468432,
            23.1859025
          ],
          [
            72.6469389,
            23.1858307
          ],
          [
            72.6470999,
            23.1856732
          ],
          [
            72.6472052,
            23.185537
          ],
          [
            72.6473012,
            23.1853493
          ],
          [
            72.6473582,
            23.1851661
          ],
          [
            72.6473966,
            23.1849401
          ],
          [
            72.6473977,
            23.1847448
          ],
          [
            72.6473743,
            23.1844957
          ],
          [
            72.6473299,
            23.1841558
          ],
          [
            72.6472958,
            23.1837375
          ],
          [
            72.647047,
            23.1814116
          ],
          [
            72.6471379,
            23.1803369
          ],
          [
            72.6473227,
            23.1790869
          ],
          [
            72.6474346,
            23.1781541
          ],
          [
            72.647771,
            23.174204
          ],
          [
            72.6480338,
            23.1718568
          ],
          [
            72.6482377,
            23.1697503
          ],
          [
            72.6483103,
            23.168555
          ],
          [
            72.6482727,
            23.1677854
          ],
          [
            72.6483397,
            23.1663946
          ],
          [
            72.6484876,
            23.1634852
          ],
          [
            72.6485811,
            23.1618071
          ],
          [
            72.6486267,
            23.1610992
          ],
          [
            72.648675,
            23.1600016
          ],
          [
            72.6487592,
            23.1589488
          ],
          [
            72.6487922,
            23.158473
          ],
          [
            72.6487854,
            23.1582258
          ],
          [
            72.6487623,
            23.157986
          ],
          [
            72.6487088,
            23.1576406
          ],
          [
            72.6485986,
            23.15728
          ],
          [
            72.6484227,
            23.1568063
          ],
          [
            72.6482878,
            23.1564628
          ],
          [
            72.6481224,
            23.1560413
          ]
        ]
      },
      "id": "way/1198134742"
    },
    {
      "type": "Feature",
      "properties": {
        "@id": "way/1198208641",
        "bridge": "yes",
        "electrified": "rail",
        "gauge": "1435",
        "layer": "1",
        "name": "Blue Line, Ahmedabad Metro",
        "railway": "subway",
        "start_date": "2022-09-30",
        "usage": "main",
        "voltage": "750"
      },
      "geometry": {
        "type": "LineString",
        "coordinates": [
          [
            72.5070211,
            23.0501817
          ],
          [
            72.5077735,
            23.0503478
          ],
          [
            72.5084174,
            23.0504342
          ],
          [
            72.5086453,
            23.0504378
          ],
          [
            72.5092172,
            23.0504155
          ],
          [
            72.5100203,
            23.0503843
          ],
          [
            72.5101721,
            23.0503801
          ],
          [
            72.5104728,
            23.0503127
          ],
          [
            72.5107662,
            23.0502108
          ],
          [
            72.5109511,
            23.0501331
          ],
          [
            72.5111006,
            23.0500836
          ],
          [
            72.5112431,
            23.0500501
          ],
          [
            72.5113571,
            23.0500363
          ],
          [
            72.5115203,
            23.0500277
          ],
          [
            72.5121464,
            23.0500694
          ],
          [
            72.5123508,
            23.0500803
          ],
          [
            72.5127006,
            23.0500831
          ],
          [
            72.5129681,
            23.0500597
          ],
          [
            72.5132192,
            23.0500231
          ],
          [
            72.5134202,
            23.0500077
          ],
          [
            72.5136166,
            23.0499964
          ],
          [
            72.5141791,
            23.0499864
          ],
          [
            72.5143192,
            23.0499618
          ]
        ]
      },
      "id": "way/1198208641"
    },
    {
      "type": "Feature",
      "properties": {
        "@id": "way/1198208642",
        "bridge": "yes",
        "electrified": "rail",
        "gauge": "1435",
        "layer": "1",
        "name": "Blue Line, Ahmedabad Metro",
        "railway": "subway",
        "start_date": "2022-09-30",
        "usage": "main",
        "voltage": "750"
      },
      "geometry": {
        "type": "LineString",
        "coordinates": [
          [
            72.5143043,
            23.0500033
          ],
          [
            72.5142119,
            23.0500132
          ],
          [
            72.514106,
            23.0500127
          ],
          [
            72.5137756,
            23.0500116
          ],
          [
            72.5132249,
            23.050051
          ],
          [
            72.5128909,
            23.0500973
          ],
          [
            72.5127008,
            23.0501115
          ],
          [
            72.5125261,
            23.0501193
          ],
          [
            72.51233,
            23.0501141
          ],
          [
            72.5121248,
            23.0501085
          ],
          [
            72.51166,
            23.0500717
          ],
          [
            72.5115277,
            23.0500691
          ],
          [
            72.5113775,
            23.0500797
          ],
          [
            72.511239,
            23.0500963
          ],
          [
            72.5111309,
            23.0501244
          ],
          [
            72.5107853,
            23.0502388
          ],
          [
            72.5104846,
            23.0503466
          ],
          [
            72.5102273,
            23.0504035
          ],
          [
            72.5101293,
            23.0504141
          ],
          [
            72.5099692,
            23.0504276
          ],
          [
            72.5088474,
            23.0504616
          ],
          [
            72.5086502,
            23.0504676
          ],
          [
            72.5082799,
            23.0504535
          ],
          [
            72.5077563,
            23.0503967
          ],
          [
            72.5070056,
            23.050233
          ]
        ]
      },
      "id": "way/1198208642"
    },
    {
      "type": "Feature",
      "properties": {
        "@id": "way/1317340807",
        "bridge": "viaduct",
        "layer": "1",
        "name": "Line 3: GIFT City-GNLU: 5.416 km",
        "railway": "subway",
        "start_date": "2024-09-17"
      },
      "geometry": {
        "type": "LineString",
        "coordinates": [
          [
            72.6874285,
            23.1569538
          ],
          [
            72.6863918,
            23.154916
          ],
          [
            72.6855844,
            23.153345
          ]
        ]
      },
      "id": "way/1317340807"
    },
    {
      "type": "Feature",
      "properties": {
        "@id": "way/1317340808",
        "bridge": "viaduct",
        "layer": "1",
        "name": "Line 3: GNLU–GIFT City: 5.416 km",
        "railway": "subway",
        "start_date": "2024-09-17"
      },
      "geometry": {
        "type": "LineString",
        "coordinates": [
          [
            72.6855201,
            23.1533672
          ],
          [
            72.6863328,
            23.1549456
          ],
          [
            72.6873755,
            23.1569558
          ]
        ]
      },
      "id": "way/1317340808"
    },
    {
      "type": "Feature",
      "properties": {
        "@id": "way/1317340809",
        "bridge": "viaduct",
        "layer": "1",
        "name": "Red Line, Ahmedabad Metro",
        "railway": "subway",
        "start_date": "2024-09-17"
      },
      "geometry": {
        "type": "LineString",
        "coordinates": [
          [
            72.6463737,
            23.1519355
          ],
          [
            72.6453699,
            23.1501604
          ],
          [
            72.6443621,
            23.1483761
          ],
          [
            72.6439246,
            23.147591
          ],
          [
            72.6428817,
            23.1457685
          ],
          [
            72.6426338,
            23.1453865
          ],
          [
            72.6423852,
            23.1451077
          ],
          [
            72.6403167,
            23.1433188
          ],
          [
            72.6392036,
            23.1424215
          ],
          [
            72.6386326,
            23.1419589
          ],
          [
            72.637782,
            23.1412576
          ],
          [
            72.6374926,
            23.1409593
          ],
          [
            72.6373127,
            23.1407324
          ],
          [
            72.6371789,
            23.1404622
          ],
          [
            72.637106,
            23.1401948
          ],
          [
            72.6368704,
            23.1390489
          ],
          [
            72.6362233,
            23.1361931
          ],
          [
            72.6361984,
            23.1361145
          ],
          [
            72.6361669,
            23.1360379
          ],
          [
            72.6361292,
            23.1359638
          ],
          [
            72.6360853,
            23.1358926
          ],
          [
            72.6360348,
            23.1358237
          ],
          [
            72.6359786,
            23.1357587
          ],
          [
            72.635917,
            23.135698
          ],
          [
            72.635853,
            23.135644
          ],
          [
            72.6330207,
            23.1338037
          ],
          [
            72.631702,
            23.1327563
          ],
          [
            72.6310536,
            23.1322412
          ],
          [
            72.6221083,
            23.1251343
          ],
          [
            72.6181397,
            23.1219812
          ],
          [
            72.6158135,
            23.1201105
          ],
          [
            72.6132473,
            23.1180342
          ],
          [
            72.6083924,
            23.114189
          ],
          [
            72.6076758,
            23.1136395
          ],
          [
            72.6073134,
            23.1133579
          ],
          [
            72.6071672,
            23.1132126
          ],
          [
            72.6069848,
            23.1129646
          ],
          [
            72.6067754,
            23.1126268
          ],
          [
            72.6062593,
            23.1116488
          ],
          [
            72.6053166,
            23.1097783
          ],
          [
            72.6038173,
            23.1066596
          ],
          [
            72.6030649,
            23.1050992
          ],
          [
            72.6023432,
            23.1035368
          ],
          [
            72.602153,
            23.1031046
          ],
          [
            72.6015972,
            23.1020203
          ],
          [
            72.6014214,
            23.1016354
          ],
          [
            72.6012425,
            23.1012645
          ],
          [
            72.6008386,
            23.1008023
          ],
          [
            72.6001689,
            23.1001994
          ],
          [
            72.5990712,
            23.0991893
          ],
          [
            72.5985224,
            23.0986762
          ],
          [
            72.5979343,
            23.0982224
          ],
          [
            72.5976174,
            23.0979993
          ],
          [
            72.5974293,
            23.0978303
          ],
          [
            72.5972659,
            23.0976316
          ],
          [
            72.5971454,
            23.0974742
          ],
          [
            72.5970447,
            23.0972992
          ],
          [
            72.5968328,
            23.0969417
          ],
          [
            72.5967207,
            23.0967601
          ]
        ]
      },
      "id": "way/1317340809"
    },
    {
      "type": "Feature",
      "properties": {
        "@id": "way/1317340810",
        "bridge": "viaduct",
        "layer": "1",
        "name": "Red Line, Ahmedabad Metro",
        "railway": "subway",
        "start_date": "2024-09-17"
      },
      "geometry": {
        "type": "LineString",
        "coordinates": [
          [
            72.5966689,
            23.0967876
          ],
          [
            72.5970192,
            23.0973126
          ],
          [
            72.5971203,
            23.0974883
          ],
          [
            72.5972423,
            23.0976477
          ],
          [
            72.5974068,
            23.0978476
          ],
          [
            72.5975972,
            23.0980189
          ],
          [
            72.5979156,
            23.0982431
          ],
          [
            72.5985026,
            23.098696
          ],
          [
            72.5990503,
            23.0992082
          ],
          [
            72.600148,
            23.1002182
          ],
          [
            72.6008176,
            23.1008211
          ],
          [
            72.6012189,
            23.1012808
          ],
          [
            72.6013979,
            23.1016573
          ],
          [
            72.6015702,
            23.102031
          ],
          [
            72.6021114,
            23.1031194
          ],
          [
            72.6023162,
            23.1035474
          ],
          [
            72.6030341,
            23.1051103
          ],
          [
            72.6037851,
            23.1066732
          ],
          [
            72.6052796,
            23.109788
          ],
          [
            72.6062329,
            23.1116605
          ],
          [
            72.606723,
            23.1126125
          ],
          [
            72.6068699,
            23.1128816
          ],
          [
            72.6070935,
            23.1131858
          ],
          [
            72.6072711,
            23.1133647
          ],
          [
            72.6076649,
            23.1136703
          ],
          [
            72.608378,
            23.1142071
          ],
          [
            72.6132281,
            23.1180546
          ],
          [
            72.615784,
            23.1201413
          ],
          [
            72.6181204,
            23.1220015
          ],
          [
            72.6220892,
            23.1251547
          ],
          [
            72.6310326,
            23.1322601
          ],
          [
            72.6316817,
            23.1327758
          ],
          [
            72.6330013,
            23.1338241
          ],
          [
            72.6357936,
            23.1357036
          ],
          [
            72.635855,
            23.1357554
          ],
          [
            72.6359119,
            23.1358115
          ],
          [
            72.6359639,
            23.1358716
          ],
          [
            72.6360105,
            23.1359352
          ],
          [
            72.636051,
            23.1360009
          ],
          [
            72.6360859,
            23.1360694
          ],
          [
            72.6361149,
            23.1361401
          ],
          [
            72.6361379,
            23.1362127
          ],
          [
            72.6367843,
            23.1390651
          ],
          [
            72.6371209,
            23.1404514
          ],
          [
            72.637213,
            23.1406486
          ],
          [
            72.6374345,
            23.1409517
          ],
          [
            72.6376723,
            23.1412204
          ],
          [
            72.6378081,
            23.1413165
          ],
          [
            72.6385841,
            23.1420026
          ],
          [
            72.6391897,
            23.1424888
          ],
          [
            72.6402578,
            23.1433788
          ],
          [
            72.6423365,
            23.1451201
          ],
          [
            72.6425677,
            23.1453828
          ],
          [
            72.6428344,
            23.1457848
          ],
          [
            72.643885,
            23.1476221
          ],
          [
            72.6443354,
            23.1483873
          ],
          [
            72.6453439,
            23.1501729
          ],
          [
            72.6463473,
            23.1519472
          ]
        ]
      },
      "id": "way/1317340810"
    },
    {
      "type": "Feature",
      "properties": {
        "@id": "way/1317809672",
        "bridge": "viaduct",
        "layer": "1",
        "name": "Red Line, Ahmedabad Metro",
        "railway": "subway",
        "start_date": "2024-09-17"
      },
      "geometry": {
        "type": "LineString",
        "coordinates": [
          [
            72.6474811,
            23.1544678
          ],
          [
            72.6463737,
            23.1519355
          ]
        ]
      },
      "id": "way/1317809672"
    },
    {
      "type": "Feature",
      "properties": {
        "@id": "way/1317809673",
        "bridge": "viaduct",
        "layer": "1",
        "name": "Red Line, Ahmedabad Metro",
        "railway": "subway",
        "start_date": "2024-09-17"
      },
      "geometry": {
        "type": "LineString",
        "coordinates": [
          [
            72.6463473,
            23.1519472
          ],
          [
            72.6474537,
            23.1544774
          ]
        ]
      },
      "id": "way/1317809673"
    },
    {
      "type": "Feature",
      "properties": {
        "@id": "way/1339195350",
        "electrified": "rail",
        "gauge": "1435",
        "railway": "subway",
        "service": "yard"
      },
      "geometry": {
        "type": "LineString",
        "coordinates": [
          [
            72.6146791,
            23.0113592
          ],
          [
            72.6147575,
            23.0114459
          ],
          [
            72.614805,
            23.0115063
          ],
          [
            72.6148488,
            23.0115703
          ],
          [
            72.6148957,
            23.0116238
          ],
          [
            72.6149594,
            23.0116963
          ],
          [
            72.6150302,
            23.011758
          ],
          [
            72.6151411,
            23.0118308
          ],
          [
            72.6152448,
            23.011888
          ],
          [
            72.6153251,
            23.0119205
          ],
          [
            72.6154118,
            23.0119537
          ],
          [
            72.6155185,
            23.0119764
          ],
          [
            72.6163275,
            23.0120742
          ]
        ]
      },
      "id": "way/1339195350"
    },
    {
      "type": "Feature",
      "properties": {
        "@id": "way/1340959904",
        "bridge": "viaduct",
        "layer": "1",
        "name": "Red Line, Ahmedabad Metro",
        "railway": "subway",
        "start_date": "2024-09-17"
      },
      "geometry": {
        "type": "LineString",
        "coordinates": [
          [
            72.6474537,
            23.1544774
          ],
          [
            72.6480605,
            23.1560292
          ],
          [
            72.6481207,
            23.1561697
          ]
        ]
      },
      "id": "way/1340959904"
    },
    {
      "type": "Feature",
      "properties": {
        "@id": "way/1340959905",
        "bridge": "viaduct",
        "layer": "1",
        "name": "Red Line, Ahmedabad Metro",
        "railway": "subway",
        "start_date": "2024-09-17"
      },
      "geometry": {
        "type": "LineString",
        "coordinates": [
          [
            72.6481224,
            23.1560413
          ],
          [
            72.6474811,
            23.1544678
          ]
        ]
      },
      "id": "way/1340959905"
    },
    {
      "type": "Feature",
      "properties": {
        "@id": "way/1341271776",
        "bridge": "yes",
        "electrified": "rail",
        "gauge": "1435",
        "layer": "1",
        "name": "Blue Line, Ahmedabad Metro",
        "railway": "subway",
        "start_date": "2022-09-30",
        "usage": "main",
        "voltage": "750"
      },
      "geometry": {
        "type": "LineString",
        "coordinates": [
          [
            72.5012603,
            23.0501889
          ],
          [
            72.5034703,
            23.0500437
          ],
          [
            72.5044949,
            23.0499616
          ],
          [
            72.5053118,
            23.0498961
          ],
          [
            72.5056125,
            23.0498888
          ],
          [
            72.5058835,
            23.0499228
          ],
          [
            72.5070211,
            23.0501817
          ]
        ]
      },
      "id": "way/1341271776"
    },
    {
      "type": "Feature",
      "properties": {
        "@id": "way/1341271777",
        "bridge": "yes",
        "electrified": "rail",
        "gauge": "1435",
        "layer": "1",
        "name": "Blue Line, Ahmedabad Metro",
        "railway": "subway",
        "start_date": "2022-09-30",
        "usage": "main",
        "voltage": "750"
      },
      "geometry": {
        "type": "LineString",
        "coordinates": [
          [
            72.5070056,
            23.050233
          ],
          [
            72.5058751,
            23.0499761
          ],
          [
            72.5056091,
            23.0499338
          ],
          [
            72.5054133,
            23.0499366
          ],
          [
            72.5048449,
            23.0499705
          ],
          [
            72.5045209,
            23.0499899
          ],
          [
            72.5042482,
            23.050017
          ],
          [
            72.503736,
            23.0500565
          ],
          [
            72.5021173,
            23.0501663
          ],
          [
            72.501259,
            23.050228
          ]
        ]
      },
      "id": "way/1341271777"
    },
    {
      "type": "Feature",
      "properties": {
        "@id": "way/1342955750",
        "electrified": "rail",
        "gauge": "1435",
        "railway": "subway",
        "service": "yard",
        "tunnel": "building_passage"
      },
      "geometry": {
        "type": "LineString",
        "coordinates": [
          [
            72.6170532,
            23.0117066
          ],
          [
            72.6155412,
            23.0115551
          ],
          [
            72.6155196,
            23.0115501
          ]
        ]
      },
      "id": "way/1342955750"
    },
    {
      "type": "Feature",
      "properties": {
        "@id": "way/1342955755",
        "electrified": "rail",
        "gauge": "1435",
        "railway": "subway",
        "service": "yard",
        "tunnel": "building_passage"
      },
      "geometry": {
        "type": "LineString",
        "coordinates": [
          [
            72.61704,
            23.0118261
          ],
          [
            72.6155277,
            23.0116737
          ],
          [
            72.6155096,
            23.0116718
          ]
        ]
      },
      "id": "way/1342955755"
    },
    {
      "type": "Feature",
      "properties": {
        "@id": "way/1342955758",
        "electrified": "rail",
        "gauge": "1435",
        "railway": "subway",
        "service": "yard"
      },
      "geometry": {
        "type": "LineString",
        "coordinates": [
          [
            72.6169396,
            23.0115014
          ],
          [
            72.6159776,
            23.0113976
          ]
        ]
      },
      "id": "way/1342955758"
    },
    {
      "type": "Feature",
      "properties": {
        "@id": "way/1342955762",
        "electrified": "rail",
        "gauge": "1435",
        "railway": "subway",
        "service": "yard",
        "tunnel": "building_passage"
      },
      "geometry": {
        "type": "LineString",
        "coordinates": [
          [
            72.6159776,
            23.0113976
          ],
          [
            72.615568,
            23.0113575
          ]
        ]
      },
      "id": "way/1342955762"
    },
    {
      "type": "Feature",
      "properties": {
        "@id": "way/1342955763",
        "electrified": "rail",
        "gauge": "1435",
        "railway": "subway",
        "service": "yard",
        "tunnel": "building_passage"
      },
      "geometry": {
        "type": "LineString",
        "coordinates": [
          [
            72.6170304,
            23.0119125
          ],
          [
            72.6155186,
            23.0117446
          ],
          [
            72.6155019,
            23.0117428
          ]
        ]
      },
      "id": "way/1342955763"
    },
    {
      "type": "Feature",
      "properties": {
        "@id": "way/1342955764",
        "electrified": "rail",
        "gauge": "1435",
        "railway": "subway",
        "service": "yard",
        "tunnel": "building_passage"
      },
      "geometry": {
        "type": "LineString",
        "coordinates": [
          [
            72.610804,
            23.0118325
          ],
          [
            72.6101042,
            23.0118313
          ]
        ]
      },
      "id": "way/1342955764"
    },
    {
      "type": "Feature",
      "properties": {
        "@id": "way/1342955765",
        "electrified": "rail",
        "gauge": "1435",
        "railway": "subway",
        "service": "yard",
        "tunnel": "building_passage"
      },
      "geometry": {
        "type": "LineString",
        "coordinates": [
          [
            72.6170597,
            23.0116482
          ],
          [
            72.6155522,
            23.011481
          ],
          [
            72.6155283,
            23.0114784
          ]
        ]
      },
      "id": "way/1342955765"
    },
    {
      "type": "Feature",
      "properties": {
        "@id": "way/1347775214",
        "electrified": "rail",
        "gauge": "1435",
        "railway": "subway",
        "service": "yard"
      },
      "geometry": {
        "type": "LineString",
        "coordinates": [
          [
            72.614229,
            23.0110026
          ],
          [
            72.6138458,
            23.0109563
          ]
        ]
      },
      "id": "way/1347775214"
    },
    {
      "type": "Feature",
      "properties": {
        "@id": "way/1393067631",
        "bridge": "viaduct",
        "layer": "1",
        "railway": "subway",
        "start_date": "2024-09-17"
      },
      "geometry": {
        "type": "LineString",
        "coordinates": [
          [
            72.6396033,
            23.1908102
          ],
          [
            72.6396793,
            23.1910087
          ],
          [
            72.6397575,
            23.1913177
          ],
          [
            72.6398147,
            23.1916107
          ],
          [
            72.6398877,
            23.1922314
          ],
          [
            72.6401621,
            23.1948846
          ],
          [
            72.6401621,
            23.1951966
          ],
          [
            72.6401507,
            23.1954204
          ]
        ]
      },
      "id": "way/1393067631"
    },
    {
      "type": "Feature",
      "properties": {
        "@id": "way/1393067638",
        "bridge": "yes",
        "electrified": "rail",
        "gauge": "1435",
        "layer": "1",
        "name": "Blue Line, Ahmedabad Metro",
        "railway": "subway",
        "start_date": "2022-09-30",
        "usage": "main",
        "voltage": "750"
      },
      "geometry": {
        "type": "LineString",
        "coordinates": [
          [
            72.5088474,
            23.0504616
          ],
          [
            72.5092172,
            23.0504155
          ]
        ]
      },
      "id": "way/1393067638"
    },
    {
      "type": "Feature",
      "properties": {
        "@id": "way/1393067639",
        "bridge": "yes",
        "electrified": "rail",
        "gauge": "1435",
        "layer": "1",
        "name": "Blue Line, Ahmedabad Metro",
        "railway": "subway",
        "start_date": "2022-09-30",
        "usage": "main",
        "voltage": "750"
      },
      "geometry": {
        "type": "LineString",
        "coordinates": [
          [
            72.5048449,
            23.0499705
          ],
          [
            72.5044949,
            23.0499616
          ]
        ]
      },
      "id": "way/1393067639"
    }
  ]
}