{
  "type": "FeatureCollection",
  "generator": "overpass-turbo",
  "copyright": "The data included in this document is from www.openstreetmap.org. The data is made available under ODbL.",
  "timestamp": "2026-01-21T21:05:30Z",
  "features": [
    {
      "type": "Feature",
      "properties": {
        "@id": "relation/8312443",
        "alt_name": "Line 2",
        "colour": "red",
        "from": "APMC",
        "name": "Red Line: APMC → Motera Stadium",
        "network": "Ahmedabad Metro",
        "network:wikidata": "Q1895288",
        "public_transport:version": "2",
        "ref": "2",
        "route": "subway",
        "source:interval": "https://www.gujaratmetrorail.com/passenger-information/time-table/",
        "to": "Motera Stadium",
        "type": "route",
        "wikidata": "Q65081142",
        "wikipedia": "en:Red Line (Ahmedabad Metro)"
      },
      "geometry": {
        "type": "LineString",
        "coordinates": [
          [
            72.5966689,
            23.0967876
          ],
          [
            72.5957945,
            23.0954515
          ],
          [
            72.5952873,
            23.0946445
          ],
          [
            72.5939773,
            23.0926372
          ],
          [
            72.5926935,
            23.090674
          ],
          [
            72.5923618,
            23.090176
          ],
          [
            72.5918333,
            23.0894731
          ],
          [
            72.5916343,
            23.0892267
          ],
          [
            72.5914811,
            23.0890082
          ],
          [
            72.5914097,
            23.088804
          ],
          [
            72.591352,
            23.0885721
          ],
          [
            72.5913435,
            23.0882882
          ],
          [
            72.5914242,
            23.0878997
          ],
          [
            72.591562,
            23.0875028
          ],
          [
            72.5917532,
            23.0869305
          ],
          [
            72.5919426,
            23.0863592
          ],
          [
            72.5921818,
            23.0856228
          ],
          [
            72.5927723,
            23.0838488
          ],
          [
            72.5931448,
            23.0827458
          ],
          [
            72.5934994,
            23.0816278
          ],
          [
            72.5936634,
            23.0810949
          ],
          [
            72.5938331,
            23.0806871
          ],
          [
            72.5940086,
            23.080373
          ],
          [
            72.5943017,
            23.0799376
          ],
          [
            72.5949453,
            23.0789742
          ],
          [
            72.5950671,
            23.0787658
          ],
          [
            72.5951504,
            23.0785553
          ],
          [
            72.5952019,
            23.0783265
          ],
          [
            72.5952048,
            23.0781309
          ],
          [
            72.5951922,
            23.0778601
          ],
          [
            72.5951286,
            23.0776413
          ],
          [
            72.5950393,
            23.0774369
          ],
          [
            72.5948504,
            23.0771663
          ],
          [
            72.5943643,
            23.076542
          ],
          [
            72.5936933,
            23.0756999
          ],
          [
            72.5932705,
            23.0751227
          ],
          [
            72.5926692,
            23.0743923
          ],
          [
            72.591653,
            23.0731597
          ],
          [
            72.5910395,
            23.0725113
          ],
          [
            72.5904019,
            23.071775
          ],
          [
            72.5901943,
            23.0715393
          ],
          [
            72.5899838,
            23.0712444
          ],
          [
            72.5896129,
            23.070702
          ],
          [
            72.5894261,
            23.0704601
          ],
          [
            72.5892842,
            23.0703365
          ],
          [
            72.5889826,
            23.0701278
          ],
          [
            72.5888537,
            23.0700602
          ],
          [
            72.5886367,
            23.0699548
          ],
          [
            72.5884064,
            23.0698983
          ],
          [
            72.5881234,
            23.0698665
          ],
          [
            72.5875418,
            23.0698352
          ],
          [
            72.5854838,
            23.0696689
          ],
          [
            72.5848312,
            23.0696075
          ],
          [
            72.5833442,
            23.0694097
          ],
          [
            72.5825833,
            23.0693122
          ],
          [
            72.5822106,
            23.0692495
          ],
          [
            72.5817965,
            23.0691436
          ],
          [
            72.5813974,
            23.0690026
          ],
          [
            72.5806842,
            23.0686972
          ],
          [
            72.580338,
            23.0685884
          ],
          [
            72.5796259,
            23.0683975
          ],
          [
            72.5775714,
            23.0679251
          ],
          [
            72.5769394,
            23.0678019
          ],
          [
            72.5765489,
            23.0677376
          ],
          [
            72.5754671,
            23.0677273
          ],
          [
            72.5748648,
            23.0677262
          ],
          [
            72.5741509,
            23.0677222
          ],
          [
            72.5734223,
            23.0676985
          ],
          [
            72.5719282,
            23.0676616
          ],
          [
            72.5712972,
            23.0676362
          ],
          [
            72.5698523,
            23.067684
          ],
          [
            72.5677669,
            23.0677133
          ],
          [
            72.5658899,
            23.067695
          ],
          [
            72.5642237,
            23.0676724
          ],
          [
            72.5635624,
            23.067611
          ],
          [
            72.5631222,
            23.0675106
          ],
          [
            72.5629393,
            23.0674488
          ],
          [
            72.5626454,
            23.0672834
          ],
          [
            72.5624372,
            23.0671076
          ],
          [
            72.5623208,
            23.066944
          ],
          [
            72.5622277,
            23.0667696
          ],
          [
            72.5618742,
            23.0658842
          ],
          [
            72.5614585,
            23.065022
          ],
          [
            72.5612285,
            23.0644022
          ],
          [
            72.5610803,
            23.0639399
          ],
          [
            72.5609914,
            23.063499
          ],
          [
            72.5609368,
            23.062998
          ],
          [
            72.5609033,
            23.0625518
          ],
          [
            72.5609125,
            23.0621012
          ],
          [
            72.5609435,
            23.0617744
          ],
          [
            72.561036,
            23.0613005
          ],
          [
            72.5611514,
            23.0608218
          ],
          [
            72.5612629,
            23.0604694
          ],
          [
            72.5613928,
            23.0598321
          ],
          [
            72.5618199,
            23.0581566
          ],
          [
            72.5622541,
            23.0564338
          ],
          [
            72.5626869,
            23.0547188
          ],
          [
            72.5631094,
            23.0529938
          ],
          [
            72.5631885,
            23.0527306
          ],
          [
            72.5633228,
            23.0521251
          ],
          [
            72.5633937,
            23.0518742
          ],
          [
            72.5635359,
            23.0512967
          ],
          [
            72.5636941,
            23.0506649
          ],
          [
            72.5640087,
            23.0493992
          ],
          [
            72.5645655,
            23.047325
          ],
          [
            72.564927,
            23.0459092
          ],
          [
            72.5652537,
            23.0446504
          ],
          [
            72.56567,
            23.0429193
          ],
          [
            72.5661019,
            23.0411622
          ],
          [
            72.5663422,
            23.0402688
          ],
          [
            72.5665064,
            23.0396187
          ],
          [
            72.5666017,
            23.0390581
          ],
          [
            72.5666287,
            23.0388186
          ],
          [
            72.5667203,
            23.0382258
          ],
          [
            72.5668751,
            23.0374696
          ],
          [
            72.5670283,
            23.0367855
          ],
          [
            72.5672295,
            23.0360456
          ],
          [
            72.5674467,
            23.035389
          ],
          [
            72.5677247,
            23.0346527
          ],
          [
            72.5680014,
            23.0336847
          ],
          [
            72.5684998,
            23.0316833
          ],
          [
            72.5686843,
            23.0309574
          ],
          [
            72.5687852,
            23.0304982
          ],
          [
            72.5688172,
            23.0302106
          ],
          [
            72.5688474,
            23.0295109
          ],
          [
            72.5688662,
            23.0279833
          ],
          [
            72.5688202,
            23.0271754
          ],
          [
            72.56879,
            23.024661
          ],
          [
            72.5687421,
            23.0238834
          ],
          [
            72.56867,
            23.0231319
          ],
          [
            72.5685763,
            23.0225511
          ],
          [
            72.5684782,
            23.0221986
          ],
          [
            72.5682649,
            23.021708
          ],
          [
            72.5680961,
            23.0213929
          ],
          [
            72.5678719,
            23.0210902
          ],
          [
            72.5675528,
            23.0207559
          ],
          [
            72.5672134,
            23.0204371
          ],
          [
            72.5667419,
            23.0201164
          ],
          [
            72.5662884,
            23.0198851
          ],
          [
            72.5659234,
            23.0197444
          ],
          [
            72.5649839,
            23.0193976
          ],
          [
            72.564596,
            23.0192985
          ],
          [
            72.5636411,
            23.0190383
          ],
          [
            72.5623281,
            23.0185472
          ],
          [
            72.5615854,
            23.0183024
          ],
          [
            72.5611138,
            23.0181116
          ],
          [
            72.5604259,
            23.0178085
          ],
          [
            72.5599823,
            23.0175763
          ],
          [
            72.556762,
            23.0164064
          ],
          [
            72.5540659,
            23.0154374
          ],
          [
            72.5520803,
            23.0146861
          ],
          [
            72.5514092,
            23.0144436
          ],
          [
            72.5501213,
            23.0139544
          ],
          [
            72.5498752,
            23.0138708
          ],
          [
            72.5492445,
            23.0136478
          ],
          [
            72.5485889,
            23.0134082
          ],
          [
            72.5468407,
            23.0127686
          ],
          [
            72.5453886,
            23.0122376
          ],
          [
            72.5427061,
            23.0112713
          ],
          [
            72.53999,
            23.0102607
          ],
          [
            72.5392286,
            23.0100928
          ],
          [
            72.5387297,
            23.0099893
          ],
          [
            72.538209,
            23.0099177
          ],
          [
            72.5375177,
            23.0098465
          ],
          [
            72.5367573,
            23.0097711
          ],
          [
            72.5360915,
            23.0097051
          ],
          [
            72.5341435,
            23.0095351
          ],
          [
            72.5335547,
            23.0094731
          ],
          [
            72.5333838,
            23.0094449
          ],
          [
            72.5332714,
            23.0094212
          ],
          [
            72.5331615,
            23.009389
          ],
          [
            72.5330549,
            23.0093485
          ],
          [
            72.5329523,
            23.0093
          ],
          [
            72.5328545,
            23.0092439
          ],
          [
            72.532762,
            23.0091805
          ],
          [
            72.5326755,
            23.0091102
          ],
          [
            72.5325957,
            23.0090336
          ],
          [
            72.532523,
            23.0089512
          ],
          [
            72.5324571,
            23.0088622
          ],
          [
            72.5323996,
            23.0087684
          ],
          [
            72.5323508,
            23.0086705
          ],
          [
            72.5323112,
            23.0085692
          ],
          [
            72.532281,
            23.0084652
          ],
          [
            72.5322603,
            23.0083592
          ],
          [
            72.5322495,
            23.0082519
          ],
          [
            72.5322484,
            23.0081442
          ],
          [
            72.5322572,
            23.0080368
          ],
          [
            72.5322758,
            23.0079305
          ],
          [
            72.532304,
            23.007826
          ],
          [
            72.5324735,
            23.0074661
          ],
          [
            72.5327791,
            23.0068734
          ],
          [
            72.5331838,
            23.0061036
          ],
          [
            72.5334739,
            23.0055338
          ],
          [
            72.5337558,
            23.00498
          ],
          [
            72.5346565,
            23.003137
          ],
          [
            72.5355722,
            23.0011122
          ],
          [
            72.5360594,
            22.9999811
          ],
          [
            72.5364187,
            22.9991553
          ],
          [
            72.5368253,
            22.9983466
          ],
          [
            72.5370953,
            22.9978001
          ]
        ]
      },
      "id": "relation/8312443"
    },
    {
      "type": "Feature",
      "properties": {
        "@id": "relation/14658372",
        "alt_name": "Line 2",
        "colour": "red",
        "from": "Sector-1",
        "name": "Red Line: Motera Stadium → APMC",
        "network": "Ahmedabad Metro",
        "network:wikidata": "Q1895288",
        "public_transport:version": "2",
        "ref": "2",
        "route": "subway",
        "source:interval": "https://www.gujaratmetrorail.com/passenger-information/time-table/",
        "to": "APMC",
        "type": "route",
        "wikidata": "Q65081142",
        "wikipedia": "en:Red Line (Ahmedabad Metro)"
      },
      "geometry": {
        "type": "LineString",
        "coordinates": [
          [
            72.5967207,
            23.0967601
          ],
          [
            72.596405,
            23.0962767
          ],
          [
            72.5958472,
            23.0954392
          ],
          [
            72.5940232,
            23.0926173
          ],
          [
            72.5927226,
            23.0906451
          ],
          [
            72.5923993,
            23.0901522
          ],
          [
            72.5918542,
            23.0894494
          ],
          [
            72.5916763,
            23.0892092
          ],
          [
            72.5915348,
            23.0889977
          ],
          [
            72.5914629,
            23.0887972
          ],
          [
            72.5913975,
            23.0885711
          ],
          [
            72.5913907,
            23.0882848
          ],
          [
            72.5914671,
            23.0879169
          ],
          [
            72.5915997,
            23.0875101
          ],
          [
            72.5917957,
            23.0869451
          ],
          [
            72.5919907,
            23.0863704
          ],
          [
            72.5922247,
            23.0856327
          ],
          [
            72.5928235,
            23.083866
          ],
          [
            72.5931823,
            23.0827569
          ],
          [
            72.5935477,
            23.0816372
          ],
          [
            72.5937091,
            23.0811081
          ],
          [
            72.5938799,
            23.0807091
          ],
          [
            72.5940466,
            23.0803942
          ],
          [
            72.594337,
            23.0799636
          ],
          [
            72.5949766,
            23.0790173
          ],
          [
            72.5951107,
            23.0787849
          ],
          [
            72.5951922,
            23.0785743
          ],
          [
            72.5952493,
            23.0783457
          ],
          [
            72.5952498,
            23.0781294
          ],
          [
            72.5952423,
            23.0778604
          ],
          [
            72.5951837,
            23.0776437
          ],
          [
            72.5950915,
            23.0774306
          ],
          [
            72.5948953,
            23.0771526
          ],
          [
            72.5944049,
            23.0765246
          ],
          [
            72.5937241,
            23.0756702
          ],
          [
            72.5933161,
            23.0750932
          ],
          [
            72.5930897,
            23.0748167
          ],
          [
            72.5930853,
            23.0748113
          ],
          [
            72.5927147,
            23.0743585
          ],
          [
            72.5916859,
            23.0731266
          ],
          [
            72.5911139,
            23.0724566
          ],
          [
            72.5904454,
            23.0717475
          ],
          [
            72.5902265,
            23.0714924
          ],
          [
            72.5900146,
            23.0712124
          ],
          [
            72.5896552,
            23.0706627
          ],
          [
            72.5894732,
            23.0704233
          ],
          [
            72.5892773,
            23.0702866
          ],
          [
            72.5889875,
            23.0700846
          ],
          [
            72.5888227,
            23.0700037
          ],
          [
            72.5886675,
            23.0699344
          ],
          [
            72.5884348,
            23.0698667
          ],
          [
            72.5882661,
            23.0698365
          ],
          [
            72.5875498,
            23.069803
          ],
          [
            72.5854963,
            23.0696291
          ],
          [
            72.5848365,
            23.0695626
          ],
          [
            72.5833625,
            23.0693755
          ],
          [
            72.5825892,
            23.0692742
          ],
          [
            72.5822226,
            23.0692144
          ],
          [
            72.5818234,
            23.0691096
          ],
          [
            72.5814295,
            23.0689606
          ],
          [
            72.5807074,
            23.0686549
          ],
          [
            72.5803628,
            23.0685511
          ],
          [
            72.5796365,
            23.0683639
          ],
          [
            72.5775882,
            23.0678825
          ],
          [
            72.5769582,
            23.0677563
          ],
          [
            72.576555,
            23.0677016
          ],
          [
            72.5754755,
            23.0676748
          ],
          [
            72.5748694,
            23.0676643
          ],
          [
            72.5741529,
            23.0676615
          ],
          [
            72.5734176,
            23.0676386
          ],
          [
            72.5719345,
            23.0676194
          ],
          [
            72.5713049,
            23.0676033
          ],
          [
            72.5709133,
            23.0675972
          ],
          [
            72.569857,
            23.0676408
          ],
          [
            72.5677687,
            23.0676643
          ],
          [
            72.565892,
            23.0676478
          ],
          [
            72.5642333,
            23.0676471
          ],
          [
            72.5635782,
            23.0675726
          ],
          [
            72.5631416,
            23.0674725
          ],
          [
            72.5629592,
            23.0674182
          ],
          [
            72.5626601,
            23.0672529
          ],
          [
            72.5624818,
            23.0670851
          ],
          [
            72.5623619,
            23.0669362
          ],
          [
            72.5622645,
            23.0667667
          ],
          [
            72.5619139,
            23.0658805
          ],
          [
            72.5614974,
            23.0650023
          ],
          [
            72.5612788,
            23.0644039
          ],
          [
            72.5611179,
            23.0639349
          ],
          [
            72.5610294,
            23.0635031
          ],
          [
            72.5609663,
            23.0629688
          ],
          [
            72.560961,
            23.0625616
          ],
          [
            72.5609891,
            23.0621076
          ],
          [
            72.5610092,
            23.0617744
          ],
          [
            72.5610883,
            23.0613141
          ],
          [
            72.5612547,
            23.0606542
          ],
          [
            72.5614425,
            23.0598385
          ],
          [
            72.5618681,
            23.058153
          ],
          [
            72.5623294,
            23.0564531
          ],
          [
            72.5627484,
            23.0547269
          ],
          [
            72.5631638,
            23.0530022
          ],
          [
            72.5632556,
            23.0526677
          ],
          [
            72.5634194,
            23.0519671
          ],
          [
            72.5636539,
            23.0510536
          ],
          [
            72.5638658,
            23.0501887
          ],
          [
            72.564061,
            23.0494262
          ],
          [
            72.5643566,
            23.048277
          ],
          [
            72.5646355,
            23.0473438
          ],
          [
            72.5649953,
            23.045936
          ],
          [
            72.5653651,
            23.0444168
          ],
          [
            72.5657138,
            23.0429902
          ],
          [
            72.5661631,
            23.041179
          ],
          [
            72.5665459,
            23.0396316
          ],
          [
            72.5666715,
            23.0390817
          ],
          [
            72.5668575,
            23.0382665
          ],
          [
            72.5670541,
            23.0374805
          ],
          [
            72.5674062,
            23.0360905
          ],
          [
            72.5678427,
            23.0344772
          ],
          [
            72.5680513,
            23.0336936
          ],
          [
            72.5685503,
            23.0316952
          ],
          [
            72.5687286,
            23.030965
          ],
          [
            72.5688347,
            23.0305081
          ],
          [
            72.568872,
            23.0302219
          ],
          [
            72.5689135,
            23.0295108
          ],
          [
            72.5689094,
            23.0279836
          ],
          [
            72.5688973,
            23.0271728
          ],
          [
            72.5688498,
            23.0246641
          ],
          [
            72.5688052,
            23.0238756
          ],
          [
            72.5687361,
            23.0231301
          ],
          [
            72.568626,
            23.0225557
          ],
          [
            72.5685167,
            23.0221987
          ],
          [
            72.5683047,
            23.0217035
          ],
          [
            72.5681381,
            23.0213782
          ],
          [
            72.5679041,
            23.0210689
          ],
          [
            72.5675842,
            23.0207339
          ],
          [
            72.5672442,
            23.0204124
          ],
          [
            72.5667702,
            23.0200952
          ],
          [
            72.5663062,
            23.0198541
          ],
          [
            72.5659445,
            23.0197085
          ],
          [
            72.5650075,
            23.0193508
          ],
          [
            72.5636901,
            23.0189124
          ],
          [
            72.5623806,
            23.0184541
          ],
          [
            72.5612027,
            23.0180016
          ],
          [
            72.5599958,
            23.0175461
          ],
          [
            72.5567729,
            23.0163751
          ],
          [
            72.554082,
            23.0154009
          ],
          [
            72.5520894,
            23.0146472
          ],
          [
            72.5508996,
            23.0142044
          ],
          [
            72.5506139,
            23.0140873
          ],
          [
            72.5498946,
            23.0138315
          ],
          [
            72.5492643,
            23.0136045
          ],
          [
            72.5486087,
            23.0133607
          ],
          [
            72.5468543,
            23.0127149
          ],
          [
            72.5454035,
            23.0121934
          ],
          [
            72.5427371,
            23.011227
          ],
          [
            72.540006,
            23.010222
          ],
          [
            72.5392375,
            23.0100535
          ],
          [
            72.5387331,
            23.0099542
          ],
          [
            72.5382174,
            23.009882
          ],
          [
            72.5375222,
            23.0098134
          ],
          [
            72.5367627,
            23.009732
          ],
          [
            72.5360931,
            23.0096603
          ],
          [
            72.5341565,
            23.0094845
          ],
          [
            72.5335536,
            23.0094197
          ],
          [
            72.5334034,
            23.0093941
          ],
          [
            72.5332795,
            23.0093673
          ],
          [
            72.5331735,
            23.0093374
          ],
          [
            72.5330707,
            23.0092994
          ],
          [
            72.5329716,
            23.0092536
          ],
          [
            72.5328772,
            23.0092003
          ],
          [
            72.5327879,
            23.0091399
          ],
          [
            72.5327044,
            23.0090727
          ],
          [
            72.5326274,
            23.0089993
          ],
          [
            72.5325574,
            23.0089203
          ],
          [
            72.5324949,
            23.0088361
          ],
          [
            72.5324402,
            23.0087473
          ],
          [
            72.5323939,
            23.0086546
          ],
          [
            72.5323562,
            23.0085587
          ],
          [
            72.5323269,
            23.008458
          ],
          [
            72.5323071,
            23.0083553
          ],
          [
            72.5322969,
            23.0082514
          ],
          [
            72.5322965,
            23.0081471
          ],
          [
            72.5323059,
            23.0080431
          ],
          [
            72.5323249,
            23.0079403
          ],
          [
            72.5323535,
            23.0078394
          ],
          [
            72.5325072,
            23.0074837
          ],
          [
            72.5328162,
            23.0068894
          ],
          [
            72.5335036,
            23.0055517
          ],
          [
            72.5337912,
            23.0050015
          ],
          [
            72.5346936,
            23.0031556
          ],
          [
            72.5356169,
            23.0011328
          ],
          [
            72.5360969,
            22.9999992
          ],
          [
            72.5364616,
            22.999175
          ],
          [
            72.5368797,
            22.9983706
          ],
          [
            72.5371148,
            22.9978578
          ],
          [
            72.5371344,
            22.9978151
          ]
        ]
      },
      "id": "relation/14658372"
    },
    {
      "type": "Feature",
      "properties": {
        "@id": "relation/18084555",
        "alt_name": "Line 4",
        "colour": "violet",
        "from": "GIFT City",
        "name": "Violet Line",
        "network": "Ahmedabad Metro",
        "network:wikidata": "Q1895288",
        "public_transport:version": "2",
        "ref": "4",
        "route": "subway",
        "source:interval": "https://www.gujaratmetrorail.com/ahmedabad/route-map/",
        "to": "GNLU",
        "type": "route",
        "wikidata": "Q131402172",
        "wikipedia": "en:Violet Line (Ahmedabad Metro)"
      },
      "geometry": {
        "type": "LineString",
        "coordinates": [
          [
            72.6855844,
            23.153345
          ],
          [
            72.6850478,
            23.1522934
          ],
          [
            72.6844631,
            23.1510897
          ],
          [
            72.6842303,
            23.1506854
          ],
          [
            72.684074,
            23.1504867
          ],
          [
            72.6838089,
            23.1503038
          ],
          [
            72.6835848,
            23.150225
          ],
          [
            72.6833359,
            23.1501635
          ],
          [
            72.6830315,
            23.1501612
          ],
          [
            72.6825924,
            23.1502296
          ],
          [
            72.6796933,
            23.1506444
          ],
          [
            72.6736163,
            23.1515217
          ],
          [
            72.6729973,
            23.1516426
          ],
          [
            72.6719354,
            23.1519605
          ],
          [
            72.6709201,
            23.1522914
          ],
          [
            72.6685948,
            23.1528887
          ],
          [
            72.6656302,
            23.1536378
          ],
          [
            72.6626808,
            23.1544095
          ],
          [
            72.6612326,
            23.1549205
          ],
          [
            72.6602347,
            23.155268
          ],
          [
            72.6595381,
            23.1554668
          ],
          [
            72.6556962,
            23.1564027
          ],
          [
            72.6533936,
            23.1569542
          ],
          [
            72.6511032,
            23.1575258
          ],
          [
            72.6505731,
            23.1576567
          ],
          [
            72.6503527,
            23.1576969
          ],
          [
            72.6501324,
            23.1577185
          ],
          [
            72.6499254,
            23.1577167
          ],
          [
            72.6496696,
            23.1576868
          ],
          [
            72.6494219,
            23.1576038
          ],
          [
            72.6492007,
            23.1575058
          ],
          [
            72.6490735,
            23.1574195
          ],
          [
            72.648759,
            23.1571423
          ],
          [
            72.6486581,
            23.1570191
          ],
          [
            72.6484867,
            23.1567355
          ],
          [
            72.6481224,
            23.1560413
          ],
          [
            72.6474811,
            23.1544678
          ]
        ]
      },
      "id": "relation/18084555"
    },
    {
      "type": "Feature",
      "properties": {
        "@id": "relation/18084556",
        "alt_name": "Line 4",
        "colour": "violet",
        "from": "GNLU",
        "name": "Violet Line",
        "network": "Ahmedabad Metro",
        "network:wikidata": "Q1895288",
        "public_transport:version": "2",
        "ref": "4",
        "route": "subway",
        "source:interval": "https://www.gujaratmetrorail.com/ahmedabad/route-map/",
        "to": "GIFT City",
        "type": "route",
        "wikidata": "Q131402172",
        "wikipedia": "en:Violet Line (Ahmedabad Metro)"
      },
      "geometry": {
        "type": "LineString",
        "coordinates": [
          [
            72.6474537,
            23.1544774
          ],
          [
            72.6480605,
            23.1560292
          ],
          [
            72.6481207,
            23.1561697
          ],
          [
            72.6482878,
            23.1564628
          ],
          [
            72.6486077,
            23.1570238
          ],
          [
            72.6487239,
            23.1571654
          ],
          [
            72.6488192,
            23.1572618
          ],
          [
            72.6490409,
            23.1574515
          ],
          [
            72.6491826,
            23.1575443
          ],
          [
            72.6491918,
            23.157548
          ],
          [
            72.649473,
            23.1576622
          ],
          [
            72.6496755,
            23.1577151
          ],
          [
            72.6498784,
            23.1577482
          ],
          [
            72.6500548,
            23.1577627
          ],
          [
            72.6502212,
            23.1577577
          ],
          [
            72.6504281,
            23.1577227
          ],
          [
            72.6511275,
            23.1575667
          ],
          [
            72.653421,
            23.1570043
          ],
          [
            72.6556956,
            23.156447
          ],
          [
            72.6595629,
            23.1555174
          ],
          [
            72.6599345,
            23.1554145
          ],
          [
            72.6602593,
            23.1552987
          ],
          [
            72.6612483,
            23.154954
          ],
          [
            72.6626879,
            23.154453
          ],
          [
            72.6656299,
            23.1536758
          ],
          [
            72.6685991,
            23.1529183
          ],
          [
            72.6709392,
            23.1523251
          ],
          [
            72.6719491,
            23.1519995
          ],
          [
            72.6728688,
            23.1517304
          ],
          [
            72.6736341,
            23.1515572
          ],
          [
            72.6796308,
            23.1507238
          ],
          [
            72.68258,
            23.1502771
          ],
          [
            72.683009,
            23.1502007
          ],
          [
            72.6832188,
            23.1501937
          ],
          [
            72.6834357,
            23.1502232
          ],
          [
            72.6837038,
            23.1503097
          ],
          [
            72.6839358,
            23.1504401
          ],
          [
            72.6841351,
            23.1506349
          ],
          [
            72.684272,
            23.1508229
          ],
          [
            72.6843921,
            23.151086
          ],
          [
            72.6850013,
            23.1523187
          ],
          [
            72.6855201,
            23.1533672
          ]
        ]
      },
      "id": "relation/18084556"
    },
    {
      "type": "Feature",
      "properties": {
        "@id": "relation/18391194",
        "alt_name": "Line 3",
        "colour": "#FFFF00",
        "from": "Mahatma Mandir",
        "name": "Yellow Line: Mahatma Mandir → Motera Stadium",
        "network": "Ahmedabad Metro",
        "network:wikidata": "Q1895288",
        "public_transport:version": "2",
        "ref": "3",
        "route": "subway",
        "source:interval": "https://www.gujaratmetrorail.com/passenger-information/time-table/",
        "to": "Motera Stadium",
        "type": "route",
        "wikidata": "Q131402105",
        "wikipedia": "en:Yellow Line (Ahmedabad Metro)"
      },
      "geometry": {
        "type": "LineString",
        "coordinates": [
          [
            72.6338608,
            23.2339454
          ],
          [
            72.6369191,
            23.2387812
          ],
          [
            72.6373273,
            23.2394345
          ],
          [
            72.6375894,
            23.2398694
          ],
          [
            72.6377604,
            23.2399567
          ],
          [
            72.6380438,
            23.2400419
          ],
          [
            72.6382544,
            23.2400531
          ],
          [
            72.6384237,
            23.2400484
          ],
          [
            72.6386275,
            23.2400086
          ],
          [
            72.6387705,
            23.2399601
          ],
          [
            72.6390458,
            23.239819
          ],
          [
            72.6414839,
            23.2385158
          ],
          [
            72.6457844,
            23.2362169
          ],
          [
            72.6467904,
            23.235693
          ],
          [
            72.650174,
            23.2338966
          ],
          [
            72.6512466,
            23.2333271
          ],
          [
            72.6546618,
            23.2315164
          ],
          [
            72.6594226,
            23.2289371
          ],
          [
            72.6625744,
            23.2272899
          ],
          [
            72.6633426,
            23.2268782
          ],
          [
            72.6646518,
            23.2261246
          ],
          [
            72.6649897,
            23.2257862
          ],
          [
            72.6650676,
            23.2255636
          ],
          [
            72.6650995,
            23.2253247
          ],
          [
            72.6650209,
            23.2250742
          ],
          [
            72.6649458,
            23.2249083
          ],
          [
            72.6647937,
            23.2246276
          ],
          [
            72.6641938,
            23.2236704
          ],
          [
            72.662326,
            23.2206898
          ],
          [
            72.6609095,
            23.2184386
          ],
          [
            72.6587702,
            23.215065
          ],
          [
            72.6575194,
            23.2130623
          ],
          [
            72.6559977,
            23.2106372
          ],
          [
            72.6553767,
            23.2096378
          ],
          [
            72.6553252,
            23.2095769
          ],
          [
            72.6552614,
            23.2095272
          ],
          [
            72.6551317,
            23.2094662
          ],
          [
            72.6550223,
            23.2094313
          ],
          [
            72.6548278,
            23.2093803
          ],
          [
            72.6546823,
            23.2093542
          ],
          [
            72.6544534,
            23.2093244
          ],
          [
            72.6542559,
            23.2093245
          ],
          [
            72.654027,
            23.209396
          ],
          [
            72.6527798,
            23.2100937
          ],
          [
            72.6510987,
            23.2109727
          ],
          [
            72.650186,
            23.2114712
          ],
          [
            72.6492525,
            23.2119738
          ],
          [
            72.6488909,
            23.2121334
          ],
          [
            72.6486882,
            23.2121849
          ],
          [
            72.6484607,
            23.2122103
          ],
          [
            72.6483412,
            23.2122016
          ],
          [
            72.6481933,
            23.2121669
          ],
          [
            72.6480004,
            23.2121084
          ],
          [
            72.6477968,
            23.2120142
          ],
          [
            72.6476274,
            23.2119
          ],
          [
            72.6475566,
            23.2118412
          ],
          [
            72.647507,
            23.2117759
          ],
          [
            72.6469877,
            23.2109539
          ],
          [
            72.6464771,
            23.2101544
          ],
          [
            72.6460024,
            23.2093755
          ],
          [
            72.6450742,
            23.2078962
          ],
          [
            72.6438189,
            23.2059043
          ],
          [
            72.6431693,
            23.2048991
          ],
          [
            72.6423384,
            23.2035797
          ],
          [
            72.641845,
            23.2027811
          ],
          [
            72.6413518,
            23.2019804
          ],
          [
            72.6409561,
            23.2012678
          ],
          [
            72.6406952,
            23.2005369
          ],
          [
            72.640496,
            23.1997851
          ],
          [
            72.6403478,
            23.1987417
          ],
          [
            72.6403193,
            23.1973622
          ],
          [
            72.6402445,
            23.196277
          ],
          [
            72.6401702,
            23.1956368
          ],
          [
            72.6401507,
            23.1954204
          ],
          [
            72.6401491,
            23.1954028
          ],
          [
            72.6400651,
            23.1947736
          ],
          [
            72.6398209,
            23.193041
          ],
          [
            72.6397321,
            23.192258
          ],
          [
            72.6396033,
            23.1908102
          ],
          [
            72.6396024,
            23.1908002
          ],
          [
            72.6393152,
            23.1882809
          ],
          [
            72.6392059,
            23.1870723
          ],
          [
            72.6392019,
            23.1869424
          ],
          [
            72.6392304,
            23.1867471
          ],
          [
            72.6392704,
            23.1866085
          ],
          [
            72.6393592,
            23.1864625
          ],
          [
            72.6394933,
            23.1862959
          ],
          [
            72.6396682,
            23.1861254
          ],
          [
            72.6399428,
            23.1859725
          ],
          [
            72.6401795,
            23.1859024
          ],
          [
            72.6405434,
            23.1858588
          ],
          [
            72.6421096,
            23.1859258
          ],
          [
            72.6433074,
            23.1859759
          ],
          [
            72.644459,
            23.186027
          ],
          [
            72.645407,
            23.1860622
          ],
          [
            72.6460281,
            23.1860873
          ],
          [
            72.6462896,
            23.186078
          ],
          [
            72.6464478,
            23.1860599
          ],
          [
            72.6465827,
            23.1860031
          ],
          [
            72.6468432,
            23.1859025
          ],
          [
            72.6469389,
            23.1858307
          ],
          [
            72.6470999,
            23.1856732
          ],
          [
            72.6472052,
            23.185537
          ],
          [
            72.6473012,
            23.1853493
          ],
          [
            72.6473582,
            23.1851661
          ],
          [
            72.6473966,
            23.1849401
          ],
          [
            72.6473977,
            23.1847448
          ],
          [
            72.6473743,
            23.1844957
          ],
          [
            72.6473299,
            23.1841558
          ],
          [
            72.6472958,
            23.1837375
          ],
          [
            72.647047,
            23.1814116
          ],
          [
            72.6471379,
            23.1803369
          ],
          [
            72.6473227,
            23.1790869
          ],
          [
            72.6474346,
            23.1781541
          ],
          [
            72.647771,
            23.174204
          ],
          [
            72.6480338,
            23.1718568
          ],
          [
            72.6482377,
            23.1697503
          ],
          [
            72.6483103,
            23.168555
          ],
          [
            72.6482727,
            23.1677854
          ],
          [
            72.6483397,
            23.1663946
          ],
          [
            72.6484876,
            23.1634852
          ],
          [
            72.6485811,
            23.1618071
          ],
          [
            72.6486267,
            23.1610992
          ],
          [
            72.648675,
            23.1600016
          ],
          [
            72.6487592,
            23.1589488
          ],
          [
            72.6487922,
            23.158473
          ],
          [
            72.6487854,
            23.1582258
          ],
          [
            72.6487623,
            23.157986
          ],
          [
            72.6487088,
            23.1576406
          ],
          [
            72.6485986,
            23.15728
          ],
          [
            72.6484227,
            23.1568063
          ],
          [
            72.6482878,
            23.1564628
          ],
          [
            72.6481224,
            23.1560413
          ],
          [
            72.6474811,
            23.1544678
          ],
          [
            72.6463737,
            23.1519355
          ],
          [
            72.6453699,
            23.1501604
          ],
          [
            72.6443621,
            23.1483761
          ],
          [
            72.6439246,
            23.147591
          ],
          [
            72.6428817,
            23.1457685
          ],
          [
            72.6426338,
            23.1453865
          ],
          [
            72.6423852,
            23.1451077
          ],
          [
            72.6403167,
            23.1433188
          ],
          [
            72.6392036,
            23.1424215
          ],
          [
            72.6386326,
            23.1419589
          ],
          [
            72.637782,
            23.1412576
          ],
          [
            72.6374926,
            23.1409593
          ],
          [
            72.6373127,
            23.1407324
          ],
          [
            72.6371789,
            23.1404622
          ],
          [
            72.637106,
            23.1401948
          ],
          [
            72.6368704,
            23.1390489
          ],
          [
            72.6362233,
            23.1361931
          ],
          [
            72.6361984,
            23.1361145
          ],
          [
            72.6361669,
            23.1360379
          ],
          [
            72.6361292,
            23.1359638
          ],
          [
            72.6360853,
            23.1358926
          ],
          [
            72.6360348,
            23.1358237
          ],
          [
            72.6359786,
            23.1357587
          ],
          [
            72.635917,
            23.135698
          ],
          [
            72.635853,
            23.135644
          ],
          [
            72.6330207,
            23.1338037
          ],
          [
            72.631702,
            23.1327563
          ],
          [
            72.6310536,
            23.1322412
          ],
          [
            72.6221083,
            23.1251343
          ],
          [
            72.6181397,
            23.1219812
          ],
          [
            72.6158135,
            23.1201105
          ],
          [
            72.6132473,
            23.1180342
          ],
          [
            72.6083924,
            23.114189
          ],
          [
            72.6076758,
            23.1136395
          ],
          [
            72.6073134,
            23.1133579
          ],
          [
            72.6071672,
            23.1132126
          ],
          [
            72.6069848,
            23.1129646
          ],
          [
            72.6067754,
            23.1126268
          ],
          [
            72.6062593,
            23.1116488
          ],
          [
            72.6053166,
            23.1097783
          ],
          [
            72.6038173,
            23.1066596
          ],
          [
            72.6030649,
            23.1050992
          ],
          [
            72.6023432,
            23.1035368
          ],
          [
            72.602153,
            23.1031046
          ],
          [
            72.6015972,
            23.1020203
          ],
          [
            72.6014214,
            23.1016354
          ],
          [
            72.6012425,
            23.1012645
          ],
          [
            72.6008386,
            23.1008023
          ],
          [
            72.6001689,
            23.1001994
          ],
          [
            72.5990712,
            23.0991893
          ],
          [
            72.5985224,
            23.0986762
          ],
          [
            72.5979343,
            23.0982224
          ],
          [
            72.5976174,
            23.0979993
          ],
          [
            72.5974293,
            23.0978303
          ],
          [
            72.5972659,
            23.0976316
          ],
          [
            72.5971454,
            23.0974742
          ],
          [
            72.5970447,
            23.0972992
          ],
          [
            72.5968328,
            23.0969417
          ],
          [
            72.5967207,
            23.0967601
          ],
          [
            72.596405,
            23.0962767
          ],
          [
            72.5958472,
            23.0954392
          ],
          [
            72.5940232,
            23.0926173
          ],
          [
            72.5927226,
            23.0906451
          ],
          [
            72.5923993,
            23.0901522
          ],
          [
            72.5918542,
            23.0894494
          ],
          [
            72.5916763,
            23.0892092
          ],
          [
            72.5915348,
            23.0889977
          ],
          [
            72.5914629,
            23.0887972
          ],
          [
            72.5913975,
            23.0885711
          ],
          [
            72.5913907,
            23.0882848
          ],
          [
            72.5914671,
            23.0879169
          ],
          [
            72.5915997,
            23.0875101
          ],
          [
            72.5917957,
            23.0869451
          ],
          [
            72.5919907,
            23.0863704
          ],
          [
            72.5922247,
            23.0856327
          ],
          [
            72.5928235,
            23.083866
          ],
          [
            72.5931823,
            23.0827569
          ],
          [
            72.5935477,
            23.0816372
          ],
          [
            72.5937091,
            23.0811081
          ],
          [
            72.5938799,
            23.0807091
          ],
          [
            72.5940466,
            23.0803942
          ],
          [
            72.594337,
            23.0799636
          ],
          [
            72.5949766,
            23.0790173
          ],
          [
            72.5951107,
            23.0787849
          ],
          [
            72.5951922,
            23.0785743
          ],
          [
            72.5952493,
            23.0783457
          ],
          [
            72.5952498,
            23.0781294
          ],
          [
            72.5952423,
            23.0778604
          ],
          [
            72.5951837,
            23.0776437
          ],
          [
            72.5950915,
            23.0774306
          ],
          [
            72.5948953,
            23.0771526
          ],
          [
            72.5944049,
            23.0765246
          ],
          [
            72.5937241,
            23.0756702
          ],
          [
            72.5933161,
            23.0750932
          ],
          [
            72.5930897,
            23.0748167
          ],
          [
            72.5930853,
            23.0748113
          ],
          [
            72.5927147,
            23.0743585
          ],
          [
            72.5916859,
            23.0731266
          ],
          [
            72.5911139,
            23.0724566
          ],
          [
            72.5904454,
            23.0717475
          ],
          [
            72.5902265,
            23.0714924
          ],
          [
            72.5900146,
            23.0712124
          ],
          [
            72.5896552,
            23.0706627
          ],
          [
            72.5894732,
            23.0704233
          ],
          [
            72.5892773,
            23.0702866
          ],
          [
            72.5889875,
            23.0700846
          ],
          [
            72.5888227,
            23.0700037
          ],
          [
            72.5886675,
            23.0699344
          ],
          [
            72.5884348,
            23.0698667
          ],
          [
            72.5882661,
            23.0698365
          ],
          [
            72.5875498,
            23.069803
          ],
          [
            72.5854963,
            23.0696291
          ],
          [
            72.5848365,
            23.0695626
          ],
          [
            72.5833625,
            23.0693755
          ],
          [
            72.5825892,
            23.0692742
          ],
          [
            72.5822226,
            23.0692144
          ],
          [
            72.5818234,
            23.0691096
          ],
          [
            72.5814295,
            23.0689606
          ],
          [
            72.5807074,
            23.0686549
          ],
          [
            72.5803628,
            23.0685511
          ],
          [
            72.5796365,
            23.0683639
          ],
          [
            72.5775882,
            23.0678825
          ],
          [
            72.5769582,
            23.0677563
          ],
          [
            72.576555,
            23.0677016
          ],
          [
            72.5754755,
            23.0676748
          ],
          [
            72.5748694,
            23.0676643
          ],
          [
            72.5741529,
            23.0676615
          ],
          [
            72.5734176,
            23.0676386
          ],
          [
            72.5719345,
            23.0676194
          ],
          [
            72.5713049,
            23.0676033
          ],
          [
            72.5709133,
            23.0675972
          ],
          [
            72.569857,
            23.0676408
          ],
          [
            72.5677687,
            23.0676643
          ],
          [
            72.565892,
            23.0676478
          ],
          [
            72.5642333,
            23.0676471
          ],
          [
            72.5635782,
            23.0675726
          ],
          [
            72.5631416,
            23.0674725
          ],
          [
            72.5629592,
            23.0674182
          ],
          [
            72.5626601,
            23.0672529
          ],
          [
            72.5624818,
            23.0670851
          ],
          [
            72.5623619,
            23.0669362
          ],
          [
            72.5622645,
            23.0667667
          ],
          [
            72.5619139,
            23.0658805
          ],
          [
            72.5614974,
            23.0650023
          ],
          [
            72.5612788,
            23.0644039
          ],
          [
            72.5611179,
            23.0639349
          ],
          [
            72.5610294,
            23.0635031
          ],
          [
            72.5609663,
            23.0629688
          ],
          [
            72.560961,
            23.0625616
          ],
          [
            72.5609891,
            23.0621076
          ],
          [
            72.5610092,
            23.0617744
          ],
          [
            72.5610883,
            23.0613141
          ],
          [
            72.5612547,
            23.0606542
          ],
          [
            72.5614425,
            23.0598385
          ],
          [
            72.5618681,
            23.058153
          ],
          [
            72.5623294,
            23.0564531
          ],
          [
            72.5627484,
            23.0547269
          ],
          [
            72.5631638,
            23.0530022
          ],
          [
            72.5632556,
            23.0526677
          ],
          [
            72.5634194,
            23.0519671
          ],
          [
            72.5636539,
            23.0510536
          ],
          [
            72.5638658,
            23.0501887
          ],
          [
            72.564061,
            23.0494262
          ],
          [
            72.5643566,
            23.048277
          ],
          [
            72.5646355,
            23.0473438
          ],
          [
            72.5649953,
            23.045936
          ],
          [
            72.5653651,
            23.0444168
          ],
          [
            72.5657138,
            23.0429902
          ],
          [
            72.5661631,
            23.041179
          ],
          [
            72.5665459,
            23.0396316
          ],
          [
            72.5666715,
            23.0390817
          ],
          [
            72.5668575,
            23.0382665
          ],
          [
            72.5670541,
            23.0374805
          ],
          [
            72.5674062,
            23.0360905
          ],
          [
            72.5678427,
            23.0344772
          ],
          [
            72.5680513,
            23.0336936
          ],
          [
            72.5685503,
            23.0316952
          ],
          [
            72.5687286,
            23.030965
          ],
          [
            72.5688347,
            23.0305081
          ],
          [
            72.568872,
            23.0302219
          ],
          [
            72.5689135,
            23.0295108
          ],
          [
            72.5689094,
            23.0279836
          ],
          [
            72.5688973,
            23.0271728
          ],
          [
            72.5688498,
            23.0246641
          ],
          [
            72.5688052,
            23.0238756
          ],
          [
            72.5687361,
            23.0231301
          ],
          [
            72.568626,
            23.0225557
          ],
          [
            72.5685167,
            23.0221987
          ],
          [
            72.5683047,
            23.0217035
          ],
          [
            72.5681381,
            23.0213782
          ],
          [
            72.5679041,
            23.0210689
          ],
          [
            72.5675842,
            23.0207339
          ],
          [
            72.5672442,
            23.0204124
          ],
          [
            72.5667702,
            23.0200952
          ],
          [
            72.5663062,
            23.0198541
          ],
          [
            72.5659445,
            23.0197085
          ],
          [
            72.5650075,
            23.0193508
          ],
          [
            72.5636901,
            23.0189124
          ],
          [
            72.5623806,
            23.0184541
          ],
          [
            72.5612027,
            23.0180016
          ],
          [
            72.5599958,
            23.0175461
          ],
          [
            72.5567729,
            23.0163751
          ],
          [
            72.554082,
            23.0154009
          ],
          [
            72.5520894,
            23.0146472
          ],
          [
            72.5508996,
            23.0142044
          ],
          [
            72.5506139,
            23.0140873
          ],
          [
            72.5498946,
            23.0138315
          ],
          [
            72.5492643,
            23.0136045
          ],
          [
            72.5486087,
            23.0133607
          ],
          [
            72.5468543,
            23.0127149
          ],
          [
            72.5454035,
            23.0121934
          ],
          [
            72.5427371,
            23.011227
          ],
          [
            72.540006,
            23.010222
          ],
          [
            72.5392375,
            23.0100535
          ],
          [
            72.5387331,
            23.0099542
          ],
          [
            72.5382174,
            23.009882
          ],
          [
            72.5375222,
            23.0098134
          ],
          [
            72.5367627,
            23.009732
          ],
          [
            72.5360931,
            23.0096603
          ],
          [
            72.5341565,
            23.0094845
          ],
          [
            72.5335536,
            23.0094197
          ],
          [
            72.5334034,
            23.0093941
          ],
          [
            72.5332795,
            23.0093673
          ],
          [
            72.5331735,
            23.0093374
          ],
          [
            72.5330707,
            23.0092994
          ],
          [
            72.5329716,
            23.0092536
          ],
          [
            72.5328772,
            23.0092003
          ],
          [
            72.5327879,
            23.0091399
          ],
          [
            72.5327044,
            23.0090727
          ],
          [
            72.5326274,
            23.0089993
          ],
          [
            72.5325574,
            23.0089203
          ],
          [
            72.5324949,
            23.0088361
          ],
          [
            72.5324402,
            23.0087473
          ],
          [
            72.5323939,
            23.0086546
          ],
          [
            72.5323562,
            23.0085587
          ],
          [
            72.5323269,
            23.008458
          ],
          [
            72.5323071,
            23.0083553
          ],
          [
            72.5322969,
            23.0082514
          ],
          [
            72.5322965,
            23.0081471
          ],
          [
            72.5323059,
            23.0080431
          ],
          [
            72.5323249,
            23.0079403
          ],
          [
            72.5323535,
            23.0078394
          ],
          [
            72.5325072,
            23.0074837
          ],
          [
            72.5328162,
            23.0068894
          ],
          [
            72.5335036,
            23.0055517
          ],
          [
            72.5337912,
            23.0050015
          ],
          [
            72.5346936,
            23.0031556
          ],
          [
            72.5356169,
            23.0011328
          ],
          [
            72.5360969,
            22.9999992
          ],
          [
            72.5364616,
            22.999175
          ],
          [
            72.5368797,
            22.9983706
          ],
          [
            72.5371148,
            22.9978578
          ],
          [
            72.5371344,
            22.9978151
          ]
        ]
      },
      "id": "relation/18391194"
    },
    {
      "type": "Feature",
      "properties": {
        "@id": "relation/18391195",
        "alt_name": "Line 3",
        "colour": "#FFFF00",
        "from": "Motera Stadium",
        "name": "Yellow Line: Motera Stadium → Mahatma Mandir",
        "network": "Ahmedabad Metro",
        "network:wikidata": "Q1895288",
        "public_transport:version": "2",
        "ref": "3",
        "route": "subway",
        "source:interval": "https://www.gujaratmetrorail.com/passenger-information/time-table/",
        "to": "Mahatma Mandir",
        "type": "route",
        "wikidata": "Q131402105",
        "wikipedia": "en:Yellow Line (Ahmedabad Metro)"
      },
      "geometry": {
        "type": "LineString",
        "coordinates": [
          [
            72.5966689,
            23.0967876
          ],
          [
            72.5970192,
            23.0973126
          ],
          [
            72.5971203,
            23.0974883
          ],
          [
            72.5972423,
            23.0976477
          ],
          [
            72.5974068,
            23.0978476
          ],
          [
            72.5975972,
            23.0980189
          ],
          [
            72.5979156,
            23.0982431
          ],
          [
            72.5985026,
            23.098696
          ],
          [
            72.5990503,
            23.0992082
          ],
          [
            72.600148,
            23.1002182
          ],
          [
            72.6008176,
            23.1008211
          ],
          [
            72.6012189,
            23.1012808
          ],
          [
            72.6013979,
            23.1016573
          ],
          [
            72.6015702,
            23.102031
          ],
          [
            72.6021114,
            23.1031194
          ],
          [
            72.6023162,
            23.1035474
          ],
          [
            72.6030341,
            23.1051103
          ],
          [
            72.6037851,
            23.1066732
          ],
          [
            72.6052796,
            23.109788
          ],
          [
            72.6062329,
            23.1116605
          ],
          [
            72.606723,
            23.1126125
          ],
          [
            72.6068699,
            23.1128816
          ],
          [
            72.6070935,
            23.1131858
          ],
          [
            72.6072711,
            23.1133647
          ],
          [
            72.6076649,
            23.1136703
          ],
          [
            72.608378,
            23.1142071
          ],
          [
            72.6132281,
            23.1180546
          ],
          [
            72.615784,
            23.1201413
          ],
          [
            72.6181204,
            23.1220015
          ],
          [
            72.6220892,
            23.1251547
          ],
          [
            72.6310326,
            23.1322601
          ],
          [
            72.6316817,
            23.1327758
          ],
          [
            72.6330013,
            23.1338241
          ],
          [
            72.6357936,
            23.1357036
          ],
          [
            72.635855,
            23.1357554
          ],
          [
            72.6359119,
            23.1358115
          ],
          [
            72.6359639,
            23.1358716
          ],
          [
            72.6360105,
            23.1359352
          ],
          [
            72.636051,
            23.1360009
          ],
          [
            72.6360859,
            23.1360694
          ],
          [
            72.6361149,
            23.1361401
          ],
          [
            72.6361379,
            23.1362127
          ],
          [
            72.6367843,
            23.1390651
          ],
          [
            72.6371209,
            23.1404514
          ],
          [
            72.637213,
            23.1406486
          ],
          [
            72.6374345,
            23.1409517
          ],
          [
            72.6376723,
            23.1412204
          ],
          [
            72.6378081,
            23.1413165
          ],
          [
            72.6385841,
            23.1420026
          ],
          [
            72.6391897,
            23.1424888
          ],
          [
            72.6402578,
            23.1433788
          ],
          [
            72.6423365,
            23.1451201
          ],
          [
            72.6425677,
            23.1453828
          ],
          [
            72.6428344,
            23.1457848
          ],
          [
            72.643885,
            23.1476221
          ],
          [
            72.6443354,
            23.1483873
          ],
          [
            72.6453439,
            23.1501729
          ],
          [
            72.6463473,
            23.1519472
          ],
          [
            72.6474537,
            23.1544774
          ],
          [
            72.6480605,
            23.1560292
          ],
          [
            72.6481207,
            23.1561697
          ],
          [
            72.648395,
            23.1568382
          ],
          [
            72.6485852,
            23.1573655
          ],
          [
            72.648652,
            23.1576459
          ],
          [
            72.6487045,
            23.1579319
          ],
          [
            72.648727,
            23.1581721
          ],
          [
            72.6487496,
            23.1584236
          ],
          [
            72.6487275,
            23.1589359
          ],
          [
            72.6486457,
            23.1600004
          ],
          [
            72.6485974,
            23.1610978
          ],
          [
            72.6485518,
            23.1618056
          ],
          [
            72.6484583,
            23.1634838
          ],
          [
            72.6483104,
            23.1663935
          ],
          [
            72.6482434,
            23.1677855
          ],
          [
            72.6482809,
            23.1685549
          ],
          [
            72.6482085,
            23.1697484
          ],
          [
            72.6480047,
            23.1718542
          ],
          [
            72.6477418,
            23.1742017
          ],
          [
            72.6474055,
            23.1781514
          ],
          [
            72.6472583,
            23.1790845
          ],
          [
            72.6471088,
            23.1803339
          ],
          [
            72.6470176,
            23.1814114
          ],
          [
            72.6472463,
            23.183747
          ],
          [
            72.6473225,
            23.1844265
          ],
          [
            72.647336,
            23.1846889
          ],
          [
            72.6473372,
            23.1849154
          ],
          [
            72.6473226,
            23.1850934
          ],
          [
            72.6472753,
            23.1852757
          ],
          [
            72.6472008,
            23.1854399
          ],
          [
            72.6471006,
            23.1855998
          ],
          [
            72.6469981,
            23.1857051
          ],
          [
            72.6468629,
            23.1858319
          ],
          [
            72.6467102,
            23.1859172
          ],
          [
            72.6464664,
            23.1860026
          ],
          [
            72.646301,
            23.1860273
          ],
          [
            72.6459535,
            23.1860389
          ],
          [
            72.6454121,
            23.1860182
          ],
          [
            72.6444788,
            23.1859829
          ],
          [
            72.6433126,
            23.1859326
          ],
          [
            72.6420984,
            23.1858895
          ],
          [
            72.6405182,
            23.1858168
          ],
          [
            72.6401897,
            23.1858551
          ],
          [
            72.639906,
            23.1859344
          ],
          [
            72.6397749,
            23.1859994
          ],
          [
            72.6396561,
            23.1860757
          ],
          [
            72.6394571,
            23.1862716
          ],
          [
            72.6393314,
            23.1864302
          ],
          [
            72.6392481,
            23.1865849
          ],
          [
            72.6391912,
            23.1867359
          ],
          [
            72.6391635,
            23.1869362
          ],
          [
            72.6391603,
            23.1871329
          ],
          [
            72.639286,
            23.1882837
          ],
          [
            72.6395557,
            23.1908201
          ],
          [
            72.6396918,
            23.192258
          ],
          [
            72.6397917,
            23.1930439
          ],
          [
            72.6400117,
            23.1947919
          ],
          [
            72.6401273,
            23.1956303
          ],
          [
            72.6402707,
            23.1973991
          ],
          [
            72.6402987,
            23.1987464
          ],
          [
            72.6404423,
            23.1997876
          ],
          [
            72.6406671,
            23.2005445
          ],
          [
            72.640929,
            23.2012782
          ],
          [
            72.641326,
            23.2019932
          ],
          [
            72.6418195,
            23.2027944
          ],
          [
            72.642313,
            23.2035931
          ],
          [
            72.6431224,
            23.2049065
          ],
          [
            72.6437936,
            23.2059178
          ],
          [
            72.6450489,
            23.2079097
          ],
          [
            72.6459769,
            23.2093888
          ],
          [
            72.6464517,
            23.2101678
          ],
          [
            72.6469623,
            23.2109673
          ],
          [
            72.6474743,
            23.2117941
          ],
          [
            72.647551,
            23.2118828
          ],
          [
            72.647632,
            23.2119538
          ],
          [
            72.6478275,
            23.2120728
          ],
          [
            72.6479983,
            23.2121398
          ],
          [
            72.6481104,
            23.2121814
          ],
          [
            72.6483184,
            23.2122291
          ],
          [
            72.6484399,
            23.2122386
          ],
          [
            72.6486599,
            23.2122117
          ],
          [
            72.6488975,
            23.2121571
          ],
          [
            72.6492662,
            23.2119977
          ],
          [
            72.650198,
            23.2114934
          ],
          [
            72.6511133,
            23.210996
          ],
          [
            72.6527947,
            23.2101169
          ],
          [
            72.6539245,
            23.2094849
          ],
          [
            72.6540419,
            23.2094192
          ],
          [
            72.6542578,
            23.2093513
          ],
          [
            72.654447,
            23.2093482
          ],
          [
            72.6546281,
            23.2093787
          ],
          [
            72.6548651,
            23.2094213
          ],
          [
            72.6551091,
            23.2094818
          ],
          [
            72.6551821,
            23.2095147
          ],
          [
            72.6552836,
            23.2095722
          ],
          [
            72.6553328,
            23.2096281
          ],
          [
            72.6562893,
            23.2111437
          ],
          [
            72.6575167,
            23.2131115
          ],
          [
            72.6587338,
            23.2150735
          ],
          [
            72.6608807,
            23.2184571
          ],
          [
            72.6622962,
            23.2207234
          ],
          [
            72.6641711,
            23.2236833
          ],
          [
            72.6647827,
            23.2246487
          ],
          [
            72.6649276,
            23.2249206
          ],
          [
            72.6650146,
            23.225148
          ],
          [
            72.6650698,
            23.2253234
          ],
          [
            72.6650392,
            23.2255603
          ],
          [
            72.6649625,
            23.2257744
          ],
          [
            72.6646336,
            23.2261108
          ],
          [
            72.6635935,
            23.2266837
          ],
          [
            72.6632955,
            23.2268533
          ],
          [
            72.6625593,
            23.2272669
          ],
          [
            72.6594081,
            23.2289137
          ],
          [
            72.6546472,
            23.2314931
          ],
          [
            72.6512256,
            23.2333029
          ],
          [
            72.65016,
            23.2338701
          ],
          [
            72.6467859,
            23.235666
          ],
          [
            72.6457652,
            23.236196
          ],
          [
            72.6414742,
            23.2384958
          ],
          [
            72.6390395,
            23.2398007
          ],
          [
            72.63878,
            23.2399247
          ],
          [
            72.6385707,
            23.2399833
          ],
          [
            72.6384596,
            23.2400034
          ],
          [
            72.6382792,
            23.2400156
          ],
          [
            72.6380768,
            23.2400091
          ],
          [
            72.6379251,
            23.239971
          ],
          [
            72.6377827,
            23.2399287
          ],
          [
            72.6376289,
            23.2398562
          ],
          [
            72.6375148,
            23.2397108
          ],
          [
            72.6373366,
            23.2394218
          ],
          [
            72.6369424,
            23.2387811
          ],
          [
            72.6338858,
            23.2339334
          ]
        ]
      },
      "id": "relation/18391195"
    },
    {
      "type": "Feature",
      "properties": {
        "@id": "way/911898474",
        "bridge": "viaduct",
        "layer": "1",
        "name": "Violet Line",
        "railway": "subway",
        "start_date": "2024-09-17",
        "@relations": [
          {
            "role": "",
            "rel": 18084556,
            "reltags": {
              "alt_name": "Line 4",
              "colour": "violet",
              "from": "GNLU",
              "name": "Violet Line",
              "network": "Ahmedabad Metro",
              "network:wikidata": "Q1895288",
              "public_transport:version": "2",
              "ref": "4",
              "route": "subway",
              "source:interval": "https://www.gujaratmetrorail.com/ahmedabad/route-map/",
              "to": "GIFT City",
              "type": "route",
              "wikidata": "Q131402172",
              "wikipedia": "en:Violet Line (Ahmedabad Metro)"
            }
          }
        ]
      },
      "geometry": {
        "type": "LineString",
        "coordinates": [
          [
            72.6481207,
            23.1561697
          ],
          [
            72.6482878,
            23.1564628
          ],
          [
            72.6486077,
            23.1570238
          ],
          [
            72.6487239,
            23.1571654
          ],
          [
            72.6488192,
            23.1572618
          ],
          [
            72.6490409,
            23.1574515
          ],
          [
            72.6491826,
            23.1575443
          ],
          [
            72.6491918,
            23.157548
          ],
          [
            72.649473,
            23.1576622
          ],
          [
            72.6496755,
            23.1577151
          ],
          [
            72.6498784,
            23.1577482
          ],
          [
            72.6500548,
            23.1577627
          ],
          [
            72.6502212,
            23.1577577
          ],
          [
            72.6504281,
            23.1577227
          ],
          [
            72.6511275,
            23.1575667
          ],
          [
            72.653421,
            23.1570043
          ],
          [
            72.6556956,
            23.156447
          ],
          [
            72.6595629,
            23.1555174
          ],
          [
            72.6599345,
            23.1554145
          ],
          [
            72.6602593,
            23.1552987
          ],
          [
            72.6612483,
            23.154954
          ],
          [
            72.6626879,
            23.154453
          ],
          [
            72.6656299,
            23.1536758
          ],
          [
            72.6685991,
            23.1529183
          ],
          [
            72.6709392,
            23.1523251
          ],
          [
            72.6719491,
            23.1519995
          ],
          [
            72.6728688,
            23.1517304
          ],
          [
            72.6736341,
            23.1515572
          ],
          [
            72.6796308,
            23.1507238
          ],
          [
            72.68258,
            23.1502771
          ],
          [
            72.683009,
            23.1502007
          ],
          [
            72.6832188,
            23.1501937
          ],
          [
            72.6834357,
            23.1502232
          ],
          [
            72.6837038,
            23.1503097
          ],
          [
            72.6839358,
            23.1504401
          ],
          [
            72.6841351,
            23.1506349
          ],
          [
            72.684272,
            23.1508229
          ],
          [
            72.6843921,
            23.151086
          ],
          [
            72.6850013,
            23.1523187
          ],
          [
            72.6855201,
            23.1533672
          ]
        ]
      },
      "id": "way/911898474"
    },
    {
      "type": "Feature",
      "properties": {
        "@id": "way/911898475",
        "bridge": "viaduct",
        "layer": "1",
        "railway": "subway",
        "start_date": "2024-09-17",
        "@relations": [
          {
            "role": "",
            "rel": 18391195,
            "reltags": {
              "alt_name": "Line 3",
              "colour": "#FFFF00",
              "from": "Motera Stadium",
              "name": "Yellow Line: Motera Stadium → Mahatma Mandir",
              "network": "Ahmedabad Metro",
              "network:wikidata": "Q1895288",
              "public_transport:version": "2",
              "ref": "3",
              "route": "subway",
              "source:interval": "https://www.gujaratmetrorail.com/passenger-information/time-table/",
              "to": "Mahatma Mandir",
              "type": "route",
              "wikidata": "Q131402105",
              "wikipedia": "en:Yellow Line (Ahmedabad Metro)"
            }
          }
        ]
      },
      "geometry": {
        "type": "LineString",
        "coordinates": [
          [
            72.6481207,
            23.1561697
          ],
          [
            72.648395,
            23.1568382
          ],
          [
            72.6485852,
            23.1573655
          ],
          [
            72.648652,
            23.1576459
          ],
          [
            72.6487045,
            23.1579319
          ],
          [
            72.648727,
            23.1581721
          ],
          [
            72.6487496,
            23.1584236
          ],
          [
            72.6487275,
            23.1589359
          ],
          [
            72.6486457,
            23.1600004
          ],
          [
            72.6485974,
            23.1610978
          ],
          [
            72.6485518,
            23.1618056
          ],
          [
            72.6484583,
            23.1634838
          ],
          [
            72.6483104,
            23.1663935
          ],
          [
            72.6482434,
            23.1677855
          ],
          [
            72.6482809,
            23.1685549
          ],
          [
            72.6482085,
            23.1697484
          ],
          [
            72.6480047,
            23.1718542
          ],
          [
            72.6477418,
            23.1742017
          ],
          [
            72.6474055,
            23.1781514
          ],
          [
            72.6472583,
            23.1790845
          ],
          [
            72.6471088,
            23.1803339
          ],
          [
            72.6470176,
            23.1814114
          ],
          [
            72.6472463,
            23.183747
          ],
          [
            72.6473225,
            23.1844265
          ],
          [
            72.647336,
            23.1846889
          ],
          [
            72.6473372,
            23.1849154
          ],
          [
            72.6473226,
            23.1850934
          ],
          [
            72.6472753,
            23.1852757
          ],
          [
            72.6472008,
            23.1854399
          ],
          [
            72.6471006,
            23.1855998
          ],
          [
            72.6469981,
            23.1857051
          ],
          [
            72.6468629,
            23.1858319
          ],
          [
            72.6467102,
            23.1859172
          ],
          [
            72.6464664,
            23.1860026
          ],
          [
            72.646301,
            23.1860273
          ],
          [
            72.6459535,
            23.1860389
          ],
          [
            72.6454121,
            23.1860182
          ],
          [
            72.6444788,
            23.1859829
          ],
          [
            72.6433126,
            23.1859326
          ],
          [
            72.6420984,
            23.1858895
          ],
          [
            72.6405182,
            23.1858168
          ],
          [
            72.6401897,
            23.1858551
          ],
          [
            72.639906,
            23.1859344
          ],
          [
            72.6397749,
            23.1859994
          ],
          [
            72.6396561,
            23.1860757
          ],
          [
            72.6394571,
            23.1862716
          ],
          [
            72.6393314,
            23.1864302
          ],
          [
            72.6392481,
            23.1865849
          ],
          [
            72.6391912,
            23.1867359
          ],
          [
            72.6391635,
            23.1869362
          ],
          [
            72.6391603,
            23.1871329
          ],
          [
            72.639286,
            23.1882837
          ],
          [
            72.6395557,
            23.1908201
          ],
          [
            72.6396918,
            23.192258
          ],
          [
            72.6397917,
            23.1930439
          ],
          [
            72.6400117,
            23.1947919
          ],
          [
            72.6401273,
            23.1956303
          ],
          [
            72.6402707,
            23.1973991
          ],
          [
            72.6402987,
            23.1987464
          ],
          [
            72.6404423,
            23.1997876
          ],
          [
            72.6406671,
            23.2005445
          ],
          [
            72.640929,
            23.2012782
          ],
          [
            72.641326,
            23.2019932
          ],
          [
            72.6418195,
            23.2027944
          ],
          [
            72.642313,
            23.2035931
          ],
          [
            72.6431224,
            23.2049065
          ]
        ]
      },
      "id": "way/911898475"
    },
    {
      "type": "Feature",
      "properties": {
        "@id": "way/1101028018",
        "bridge": "viaduct",
        "electrified": "rail",
        "gauge": "1435",
        "layer": "1",
        "railway": "subway"
      },
      "geometry": {
        "type": "LineString",
        "coordinates": [
          [
            72.5612547,
            23.0606542
          ],
          [
            72.5612359,
            23.0609107
          ],
          [
            72.5611755,
            23.0613548
          ],
          [
            72.5611219,
            23.0617028
          ],
          [
            72.5610722,
            23.0621877
          ],
          [
            72.5610643,
            23.0627369
          ],
          [
            72.5611083,
            23.0632383
          ]
        ]
      },
      "id": "way/1101028018"
    },
    {
      "type": "Feature",
      "properties": {
        "@id": "way/1101028019",
        "bridge": "viaduct",
        "electrified": "rail",
        "gauge": "1435",
        "layer": "3",
        "name": "Red Line, Ahmedabad Metro",
        "railway": "subway",
        "start_date": "2022-09-30",
        "@relations": [
          {
            "role": "",
            "rel": 14658372,
            "reltags": {
              "alt_name": "Line 2",
              "colour": "red",
              "from": "Sector-1",
              "name": "Red Line: Motera Stadium → APMC",
              "network": "Ahmedabad Metro",
              "network:wikidata": "Q1895288",
              "public_transport:version": "2",
              "ref": "2",
              "route": "subway",
              "source:interval": "https://www.gujaratmetrorail.com/passenger-information/time-table/",
              "to": "APMC",
              "type": "route",
              "wikidata": "Q65081142",
              "wikipedia": "en:Red Line (Ahmedabad Metro)"
            }
          },
          {
            "role": "",
            "rel": 18391194,
            "reltags": {
              "alt_name": "Line 3",
              "colour": "#FFFF00",
              "from": "Mahatma Mandir",
              "name": "Yellow Line: Mahatma Mandir → Motera Stadium",
              "network": "Ahmedabad Metro",
              "network:wikidata": "Q1895288",
              "public_transport:version": "2",
              "ref": "3",
              "route": "subway",
              "source:interval": "https://www.gujaratmetrorail.com/passenger-information/time-table/",
              "to": "Motera Stadium",
              "type": "route",
              "wikidata": "Q131402105",
              "wikipedia": "en:Yellow Line (Ahmedabad Metro)"
            }
          }
        ]
      },
      "geometry": {
        "type": "LineString",
        "coordinates": [
          [
            72.5967207,
            23.0967601
          ],
          [
            72.596405,
            23.0962767
          ],
          [
            72.5958472,
            23.0954392
          ],
          [
            72.5940232,
            23.0926173
          ],
          [
            72.5927226,
            23.0906451
          ],
          [
            72.5923993,
            23.0901522
          ],
          [
            72.5918542,
            23.0894494
          ],
          [
            72.5916763,
            23.0892092
          ],
          [
            72.5915348,
            23.0889977
          ],
          [
            72.5914629,
            23.0887972
          ],
          [
            72.5913975,
            23.0885711
          ],
          [
            72.5913907,
            23.0882848
          ],
          [
            72.5914671,
            23.0879169
          ],
          [
            72.5915997,
            23.0875101
          ],
          [
            72.5917957,
            23.0869451
          ],
          [
            72.5919907,
            23.0863704
          ],
          [
            72.5922247,
            23.0856327
          ],
          [
            72.5928235,
            23.083866
          ],
          [
            72.5931823,
            23.0827569
          ],
          [
            72.5935477,
            23.0816372
          ],
          [
            72.5937091,
            23.0811081
          ],
          [
            72.5938799,
            23.0807091
          ],
          [
            72.5940466,
            23.0803942
          ],
          [
            72.594337,
            23.0799636
          ],
          [
            72.5949766,
            23.0790173
          ],
          [
            72.5951107,
            23.0787849
          ],
          [
            72.5951922,
            23.0785743
          ],
          [
            72.5952493,
            23.0783457
          ],
          [
            72.5952498,
            23.0781294
          ],
          [
            72.5952423,
            23.0778604
          ],
          [
            72.5951837,
            23.0776437
          ],
          [
            72.5950915,
            23.0774306
          ],
          [
            72.5948953,
            23.0771526
          ],
          [
            72.5944049,
            23.0765246
          ],
          [
            72.5937241,
            23.0756702
          ],
          [
            72.5933161,
            23.0750932
          ],
          [
            72.5930897,
            23.0748167
          ],
          [
            72.5930853,
            23.0748113
          ],
          [
            72.5927147,
            23.0743585
          ],
          [
            72.5916859,
            23.0731266
          ],
          [
            72.5911139,
            23.0724566
          ],
          [
            72.5904454,
            23.0717475
          ],
          [
            72.5902265,
            23.0714924
          ],
          [
            72.5900146,
            23.0712124
          ],
          [
            72.5896552,
            23.0706627
          ],
          [
            72.5894732,
            23.0704233
          ],
          [
            72.5892773,
            23.0702866
          ],
          [
            72.5889875,
            23.0700846
          ],
          [
            72.5888227,
            23.0700037
          ],
          [
            72.5886675,
            23.0699344
          ],
          [
            72.5884348,
            23.0698667
          ],
          [
            72.5882661,
            23.0698365
          ],
          [
            72.5875498,
            23.069803
          ],
          [
            72.5854963,
            23.0696291
          ],
          [
            72.5848365,
            23.0695626
          ],
          [
            72.5833625,
            23.0693755
          ],
          [
            72.5825892,
            23.0692742
          ],
          [
            72.5822226,
            23.0692144
          ],
          [
            72.5818234,
            23.0691096
          ],
          [
            72.5814295,
            23.0689606
          ],
          [
            72.5807074,
            23.0686549
          ],
          [
            72.5803628,
            23.0685511
          ],
          [
            72.5796365,
            23.0683639
          ],
          [
            72.5775882,
            23.0678825
          ],
          [
            72.5769582,
            23.0677563
          ],
          [
            72.576555,
            23.0677016
          ],
          [
            72.5754755,
            23.0676748
          ],
          [
            72.5748694,
            23.0676643
          ],
          [
            72.5741529,
            23.0676615
          ],
          [
            72.5734176,
            23.0676386
          ],
          [
            72.5719345,
            23.0676194
          ],
          [
            72.5713049,
            23.0676033
          ],
          [
            72.5709133,
            23.0675972
          ],
          [
            72.569857,
            23.0676408
          ],
          [
            72.5677687,
            23.0676643
          ],
          [
            72.565892,
            23.0676478
          ],
          [
            72.5642333,
            23.0676471
          ],
          [
            72.5635782,
            23.0675726
          ],
          [
            72.5631416,
            23.0674725
          ],
          [
            72.5629592,
            23.0674182
          ],
          [
            72.5626601,
            23.0672529
          ],
          [
            72.5624818,
            23.0670851
          ],
          [
            72.5623619,
            23.0669362
          ],
          [
            72.5622645,
            23.0667667
          ],
          [
            72.5619139,
            23.0658805
          ],
          [
            72.5614974,
            23.0650023
          ],
          [
            72.5612788,
            23.0644039
          ],
          [
            72.5611179,
            23.0639349
          ],
          [
            72.5610294,
            23.0635031
          ],
          [
            72.5609663,
            23.0629688
          ],
          [
            72.560961,
            23.0625616
          ],
          [
            72.5609891,
            23.0621076
          ],
          [
            72.5610092,
            23.0617744
          ],
          [
            72.5610883,
            23.0613141
          ],
          [
            72.5612547,
            23.0606542
          ],
          [
            72.5614425,
            23.0598385
          ],
          [
            72.5618681,
            23.058153
          ],
          [
            72.5623294,
            23.0564531
          ],
          [
            72.5627484,
            23.0547269
          ],
          [
            72.5631638,
            23.0530022
          ],
          [
            72.5632556,
            23.0526677
          ],
          [
            72.5634194,
            23.0519671
          ],
          [
            72.5636539,
            23.0510536
          ],
          [
            72.5638658,
            23.0501887
          ],
          [
            72.564061,
            23.0494262
          ],
          [
            72.5643566,
            23.048277
          ],
          [
            72.5646355,
            23.0473438
          ],
          [
            72.5649953,
            23.045936
          ],
          [
            72.5653651,
            23.0444168
          ],
          [
            72.5657138,
            23.0429902
          ],
          [
            72.5661631,
            23.041179
          ],
          [
            72.5665459,
            23.0396316
          ],
          [
            72.5666715,
            23.0390817
          ],
          [
            72.5668575,
            23.0382665
          ],
          [
            72.5670541,
            23.0374805
          ],
          [
            72.5674062,
            23.0360905
          ],
          [
            72.5678427,
            23.0344772
          ],
          [
            72.5680513,
            23.0336936
          ],
          [
            72.5685503,
            23.0316952
          ],
          [
            72.5687286,
            23.030965
          ],
          [
            72.5688347,
            23.0305081
          ],
          [
            72.568872,
            23.0302219
          ],
          [
            72.5689135,
            23.0295108
          ],
          [
            72.5689094,
            23.0279836
          ],
          [
            72.5688973,
            23.0271728
          ],
          [
            72.5688498,
            23.0246641
          ],
          [
            72.5688052,
            23.0238756
          ],
          [
            72.5687361,
            23.0231301
          ],
          [
            72.568626,
            23.0225557
          ],
          [
            72.5685167,
            23.0221987
          ],
          [
            72.5683047,
            23.0217035
          ],
          [
            72.5681381,
            23.0213782
          ],
          [
            72.5679041,
            23.0210689
          ],
          [
            72.5675842,
            23.0207339
          ],
          [
            72.5672442,
            23.0204124
          ],
          [
            72.5667702,
            23.0200952
          ],
          [
            72.5663062,
            23.0198541
          ],
          [
            72.5659445,
            23.0197085
          ],
          [
            72.5650075,
            23.0193508
          ],
          [
            72.5636901,
            23.0189124
          ],
          [
            72.5623806,
            23.0184541
          ],
          [
            72.5612027,
            23.0180016
          ],
          [
            72.5599958,
            23.0175461
          ],
          [
            72.5567729,
            23.0163751
          ],
          [
            72.554082,
            23.0154009
          ],
          [
            72.5520894,
            23.0146472
          ],
          [
            72.5508996,
            23.0142044
          ],
          [
            72.5506139,
            23.0140873
          ],
          [
            72.5498946,
            23.0138315
          ],
          [
            72.5492643,
            23.0136045
          ],
          [
            72.5486087,
            23.0133607
          ],
          [
            72.5468543,
            23.0127149
          ],
          [
            72.5454035,
            23.0121934
          ],
          [
            72.5427371,
            23.011227
          ],
          [
            72.540006,
            23.010222
          ],
          [
            72.5392375,
            23.0100535
          ],
          [
            72.5387331,
            23.0099542
          ],
          [
            72.5382174,
            23.009882
          ],
          [
            72.5375222,
            23.0098134
          ],
          [
            72.5367627,
            23.009732
          ],
          [
            72.5360931,
            23.0096603
          ],
          [
            72.5341565,
            23.0094845
          ],
          [
            72.5335536,
            23.0094197
          ],
          [
            72.5334034,
            23.0093941
          ],
          [
            72.5332795,
            23.0093673
          ],
          [
            72.5331735,
            23.0093374
          ],
          [
            72.5330707,
            23.0092994
          ],
          [
            72.5329716,
            23.0092536
          ],
          [
            72.5328772,
            23.0092003
          ],
          [
            72.5327879,
            23.0091399
          ],
          [
            72.5327044,
            23.0090727
          ],
          [
            72.5326274,
            23.0089993
          ],
          [
            72.5325574,
            23.0089203
          ],
          [
            72.5324949,
            23.0088361
          ],
          [
            72.5324402,
            23.0087473
          ],
          [
            72.5323939,
            23.0086546
          ],
          [
            72.5323562,
            23.0085587
          ],
          [
            72.5323269,
            23.008458
          ],
          [
            72.5323071,
            23.0083553
          ],
          [
            72.5322969,
            23.0082514
          ],
          [
            72.5322965,
            23.0081471
          ],
          [
            72.5323059,
            23.0080431
          ],
          [
            72.5323249,
            23.0079403
          ],
          [
            72.5323535,
            23.0078394
          ],
          [
            72.5325072,
            23.0074837
          ],
          [
            72.5328162,
            23.0068894
          ],
          [
            72.5335036,
            23.0055517
          ],
          [
            72.5337912,
            23.0050015
          ],
          [
            72.5346936,
            23.0031556
          ],
          [
            72.5356169,
            23.0011328
          ],
          [
            72.5360969,
            22.9999992
          ],
          [
            72.5364616,
            22.999175
          ],
          [
            72.5368797,
            22.9983706
          ],
          [
            72.5371148,
            22.9978578
          ],
          [
            72.5371344,
            22.9978151
          ]
        ]
      },
      "id": "way/1101028019"
    },
    {
      "type": "Feature",
      "properties": {
        "@id": "way/1101058045",
        "bridge": "viaduct",
        "electrified": "rail",
        "gauge": "1435",
        "layer": "3",
        "name": "Red Line, Ahmedabad Metro",
        "railway": "subway",
        "start_date": "2022-09-30",
        "@relations": [
          {
            "role": "",
            "rel": 8312443,
            "reltags": {
              "alt_name": "Line 2",
              "colour": "red",
              "from": "APMC",
              "name": "Red Line: APMC → Motera Stadium",
              "network": "Ahmedabad Metro",
              "network:wikidata": "Q1895288",
              "public_transport:version": "2",
              "ref": "2",
              "route": "subway",
              "source:interval": "https://www.gujaratmetrorail.com/passenger-information/time-table/",
              "to": "Motera Stadium",
              "type": "route",
              "wikidata": "Q65081142",
              "wikipedia": "en:Red Line (Ahmedabad Metro)"
            }
          }
        ]
      },
      "geometry": {
        "type": "LineString",
        "coordinates": [
          [
            72.5966689,
            23.0967876
          ],
          [
            72.5957945,
            23.0954515
          ],
          [
            72.5952873,
            23.0946445
          ],
          [
            72.5939773,
            23.0926372
          ],
          [
            72.5926935,
            23.090674
          ],
          [
            72.5923618,
            23.090176
          ],
          [
            72.5918333,
            23.0894731
          ],
          [
            72.5916343,
            23.0892267
          ],
          [
            72.5914811,
            23.0890082
          ],
          [
            72.5914097,
            23.088804
          ],
          [
            72.591352,
            23.0885721
          ],
          [
            72.5913435,
            23.0882882
          ],
          [
            72.5914242,
            23.0878997
          ],
          [
            72.591562,
            23.0875028
          ],
          [
            72.5917532,
            23.0869305
          ],
          [
            72.5919426,
            23.0863592
          ],
          [
            72.5921818,
            23.0856228
          ],
          [
            72.5927723,
            23.0838488
          ],
          [
            72.5931448,
            23.0827458
          ],
          [
            72.5934994,
            23.0816278
          ],
          [
            72.5936634,
            23.0810949
          ],
          [
            72.5938331,
            23.0806871
          ],
          [
            72.5940086,
            23.080373
          ],
          [
            72.5943017,
            23.0799376
          ],
          [
            72.5949453,
            23.0789742
          ],
          [
            72.5950671,
            23.0787658
          ],
          [
            72.5951504,
            23.0785553
          ],
          [
            72.5952019,
            23.0783265
          ],
          [
            72.5952048,
            23.0781309
          ],
          [
            72.5951922,
            23.0778601
          ],
          [
            72.5951286,
            23.0776413
          ],
          [
            72.5950393,
            23.0774369
          ],
          [
            72.5948504,
            23.0771663
          ],
          [
            72.5943643,
            23.076542
          ],
          [
            72.5936933,
            23.0756999
          ],
          [
            72.5932705,
            23.0751227
          ],
          [
            72.5926692,
            23.0743923
          ],
          [
            72.591653,
            23.0731597
          ],
          [
            72.5910395,
            23.0725113
          ],
          [
            72.5904019,
            23.071775
          ],
          [
            72.5901943,
            23.0715393
          ],
          [
            72.5899838,
            23.0712444
          ],
          [
            72.5896129,
            23.070702
          ],
          [
            72.5894261,
            23.0704601
          ],
          [
            72.5892842,
            23.0703365
          ],
          [
            72.5889826,
            23.0701278
          ],
          [
            72.5888537,
            23.0700602
          ],
          [
            72.5886367,
            23.0699548
          ],
          [
            72.5884064,
            23.0698983
          ],
          [
            72.5881234,
            23.0698665
          ],
          [
            72.5875418,
            23.0698352
          ],
          [
            72.5854838,
            23.0696689
          ],
          [
            72.5848312,
            23.0696075
          ],
          [
            72.5833442,
            23.0694097
          ],
          [
            72.5825833,
            23.0693122
          ],
          [
            72.5822106,
            23.0692495
          ],
          [
            72.5817965,
            23.0691436
          ],
          [
            72.5813974,
            23.0690026
          ],
          [
            72.5806842,
            23.0686972
          ],
          [
            72.580338,
            23.0685884
          ],
          [
            72.5796259,
            23.0683975
          ],
          [
            72.5775714,
            23.0679251
          ],
          [
            72.5769394,
            23.0678019
          ],
          [
            72.5765489,
            23.0677376
          ],
          [
            72.5754671,
            23.0677273
          ],
          [
            72.5748648,
            23.0677262
          ],
          [
            72.5741509,
            23.0677222
          ],
          [
            72.5734223,
            23.0676985
          ],
          [
            72.5719282,
            23.0676616
          ],
          [
            72.5712972,
            23.0676362
          ],
          [
            72.5698523,
            23.067684
          ],
          [
            72.5677669,
            23.0677133
          ],
          [
            72.5658899,
            23.067695
          ],
          [
            72.5642237,
            23.0676724
          ],
          [
            72.5635624,
            23.067611
          ],
          [
            72.5631222,
            23.0675106
          ],
          [
            72.5629393,
            23.0674488
          ],
          [
            72.5626454,
            23.0672834
          ],
          [
            72.5624372,
            23.0671076
          ],
          [
            72.5623208,
            23.066944
          ],
          [
            72.5622277,
            23.0667696
          ],
          [
            72.5618742,
            23.0658842
          ],
          [
            72.5614585,
            23.065022
          ],
          [
            72.5612285,
            23.0644022
          ],
          [
            72.5610803,
            23.0639399
          ],
          [
            72.5609914,
            23.063499
          ],
          [
            72.5609368,
            23.062998
          ],
          [
            72.5609033,
            23.0625518
          ],
          [
            72.5609125,
            23.0621012
          ],
          [
            72.5609435,
            23.0617744
          ],
          [
            72.561036,
            23.0613005
          ],
          [
            72.5611514,
            23.0608218
          ],
          [
            72.5612629,
            23.0604694
          ],
          [
            72.5613928,
            23.0598321
          ],
          [
            72.5618199,
            23.0581566
          ],
          [
            72.5622541,
            23.0564338
          ],
          [
            72.5626869,
            23.0547188
          ],
          [
            72.5631094,
            23.0529938
          ],
          [
            72.5631885,
            23.0527306
          ],
          [
            72.5633228,
            23.0521251
          ],
          [
            72.5633937,
            23.0518742
          ],
          [
            72.5635359,
            23.0512967
          ],
          [
            72.5636941,
            23.0506649
          ],
          [
            72.5640087,
            23.0493992
          ],
          [
            72.5645655,
            23.047325
          ],
          [
            72.564927,
            23.0459092
          ],
          [
            72.5652537,
            23.0446504
          ],
          [
            72.56567,
            23.0429193
          ],
          [
            72.5661019,
            23.0411622
          ],
          [
            72.5663422,
            23.0402688
          ],
          [
            72.5665064,
            23.0396187
          ],
          [
            72.5666017,
            23.0390581
          ],
          [
            72.5666287,
            23.0388186
          ],
          [
            72.5667203,
            23.0382258
          ],
          [
            72.5668751,
            23.0374696
          ],
          [
            72.5670283,
            23.0367855
          ],
          [
            72.5672295,
            23.0360456
          ],
          [
            72.5674467,
            23.035389
          ],
          [
            72.5677247,
            23.0346527
          ],
          [
            72.5680014,
            23.0336847
          ],
          [
            72.5684998,
            23.0316833
          ],
          [
            72.5686843,
            23.0309574
          ],
          [
            72.5687852,
            23.0304982
          ],
          [
            72.5688172,
            23.0302106
          ],
          [
            72.5688474,
            23.0295109
          ],
          [
            72.5688662,
            23.0279833
          ],
          [
            72.5688202,
            23.0271754
          ],
          [
            72.56879,
            23.024661
          ],
          [
            72.5687421,
            23.0238834
          ],
          [
            72.56867,
            23.0231319
          ],
          [
            72.5685763,
            23.0225511
          ],
          [
            72.5684782,
            23.0221986
          ],
          [
            72.5682649,
            23.021708
          ],
          [
            72.5680961,
            23.0213929
          ],
          [
            72.5678719,
            23.0210902
          ],
          [
            72.5675528,
            23.0207559
          ],
          [
            72.5672134,
            23.0204371
          ],
          [
            72.5667419,
            23.0201164
          ],
          [
            72.5662884,
            23.0198851
          ],
          [
            72.5659234,
            23.0197444
          ],
          [
            72.5649839,
            23.0193976
          ],
          [
            72.564596,
            23.0192985
          ],
          [
            72.5636411,
            23.0190383
          ],
          [
            72.5623281,
            23.0185472
          ],
          [
            72.5615854,
            23.0183024
          ],
          [
            72.5611138,
            23.0181116
          ],
          [
            72.5604259,
            23.0178085
          ],
          [
            72.5599823,
            23.0175763
          ],
          [
            72.556762,
            23.0164064
          ],
          [
            72.5540659,
            23.0154374
          ],
          [
            72.5520803,
            23.0146861
          ],
          [
            72.5514092,
            23.0144436
          ],
          [
            72.5501213,
            23.0139544
          ],
          [
            72.5498752,
            23.0138708
          ],
          [
            72.5492445,
            23.0136478
          ],
          [
            72.5485889,
            23.0134082
          ],
          [
            72.5468407,
            23.0127686
          ],
          [
            72.5453886,
            23.0122376
          ],
          [
            72.5427061,
            23.0112713
          ],
          [
            72.53999,
            23.0102607
          ],
          [
            72.5392286,
            23.0100928
          ],
          [
            72.5387297,
            23.0099893
          ],
          [
            72.538209,
            23.0099177
          ],
          [
            72.5375177,
            23.0098465
          ],
          [
            72.5367573,
            23.0097711
          ],
          [
            72.5360915,
            23.0097051
          ],
          [
            72.5341435,
            23.0095351
          ],
          [
            72.5335547,
            23.0094731
          ],
          [
            72.5333838,
            23.0094449
          ],
          [
            72.5332714,
            23.0094212
          ],
          [
            72.5331615,
            23.009389
          ],
          [
            72.5330549,
            23.0093485
          ],
          [
            72.5329523,
            23.0093
          ],
          [
            72.5328545,
            23.0092439
          ],
          [
            72.532762,
            23.0091805
          ],
          [
            72.5326755,
            23.0091102
          ],
          [
            72.5325957,
            23.0090336
          ],
          [
            72.532523,
            23.0089512
          ],
          [
            72.5324571,
            23.0088622
          ],
          [
            72.5323996,
            23.0087684
          ],
          [
            72.5323508,
            23.0086705
          ],
          [
            72.5323112,
            23.0085692
          ],
          [
            72.532281,
            23.0084652
          ],
          [
            72.5322603,
            23.0083592
          ],
          [
            72.5322495,
            23.0082519
          ],
          [
            72.5322484,
            23.0081442
          ],
          [
            72.5322572,
            23.0080368
          ],
          [
            72.5322758,
            23.0079305
          ],
          [
            72.532304,
            23.007826
          ],
          [
            72.5324735,
            23.0074661
          ],
          [
            72.5327791,
            23.0068734
          ],
          [
            72.5331838,
            23.0061036
          ],
          [
            72.5334739,
            23.0055338
          ],
          [
            72.5337558,
            23.00498
          ],
          [
            72.5346565,
            23.003137
          ],
          [
            72.5355722,
            23.0011122
          ],
          [
            72.5360594,
            22.9999811
          ],
          [
            72.5364187,
            22.9991553
          ],
          [
            72.5368253,
            22.9983466
          ],
          [
            72.5370953,
            22.9978001
          ]
        ]
      },
      "id": "way/1101058045"
    },
    {
      "type": "Feature",
      "properties": {
        "@id": "way/1198134741",
        "bridge": "viaduct",
        "layer": "1",
        "name": "Violet Line",
        "railway": "subway",
        "start_date": "2024-09-17",
        "@relations": [
          {
            "role": "",
            "rel": 18084555,
            "reltags": {
              "alt_name": "Line 4",
              "colour": "violet",
              "from": "GIFT City",
              "name": "Violet Line",
              "network": "Ahmedabad Metro",
              "network:wikidata": "Q1895288",
              "public_transport:version": "2",
              "ref": "4",
              "route": "subway",
              "source:interval": "https://www.gujaratmetrorail.com/ahmedabad/route-map/",
              "to": "GNLU",
              "type": "route",
              "wikidata": "Q131402172",
              "wikipedia": "en:Violet Line (Ahmedabad Metro)"
            }
          }
        ]
      },
      "geometry": {
        "type": "LineString",
        "coordinates": [
          [
            72.6855844,
            23.153345
          ],
          [
            72.6850478,
            23.1522934
          ],
          [
            72.6844631,
            23.1510897
          ],
          [
            72.6842303,
            23.1506854
          ],
          [
            72.684074,
            23.1504867
          ],
          [
            72.6838089,
            23.1503038
          ],
          [
            72.6835848,
            23.150225
          ],
          [
            72.6833359,
            23.1501635
          ],
          [
            72.6830315,
            23.1501612
          ],
          [
            72.6825924,
            23.1502296
          ],
          [
            72.6796933,
            23.1506444
          ],
          [
            72.6736163,
            23.1515217
          ],
          [
            72.6729973,
            23.1516426
          ],
          [
            72.6719354,
            23.1519605
          ],
          [
            72.6709201,
            23.1522914
          ],
          [
            72.6685948,
            23.1528887
          ],
          [
            72.6656302,
            23.1536378
          ],
          [
            72.6626808,
            23.1544095
          ],
          [
            72.6612326,
            23.1549205
          ],
          [
            72.6602347,
            23.155268
          ],
          [
            72.6595381,
            23.1554668
          ],
          [
            72.6556962,
            23.1564027
          ],
          [
            72.6533936,
            23.1569542
          ],
          [
            72.6511032,
            23.1575258
          ],
          [
            72.6505731,
            23.1576567
          ],
          [
            72.6503527,
            23.1576969
          ],
          [
            72.6501324,
            23.1577185
          ],
          [
            72.6499254,
            23.1577167
          ],
          [
            72.6496696,
            23.1576868
          ],
          [
            72.6494219,
            23.1576038
          ],
          [
            72.6492007,
            23.1575058
          ],
          [
            72.6490735,
            23.1574195
          ],
          [
            72.648759,
            23.1571423
          ],
          [
            72.6486581,
            23.1570191
          ],
          [
            72.6484867,
            23.1567355
          ],
          [
            72.6481224,
            23.1560413
          ]
        ]
      },
      "id": "way/1198134741"
    },
    {
      "type": "Feature",
      "properties": {
        "@id": "way/1198134742",
        "bridge": "viaduct",
        "layer": "1",
        "railway": "subway",
        "start_date": "2024-09-17",
        "@relations": [
          {
            "role": "",
            "rel": 18391194,
            "reltags": {
              "alt_name": "Line 3",
              "colour": "#FFFF00",
              "from": "Mahatma Mandir",
              "name": "Yellow Line: Mahatma Mandir → Motera Stadium",
              "network": "Ahmedabad Metro",
              "network:wikidata": "Q1895288",
              "public_transport:version": "2",
              "ref": "3",
              "route": "subway",
              "source:interval": "https://www.gujaratmetrorail.com/passenger-information/time-table/",
              "to": "Motera Stadium",
              "type": "route",
              "wikidata": "Q131402105",
              "wikipedia": "en:Yellow Line (Ahmedabad Metro)"
            }
          }
        ]
      },
      "geometry": {
        "type": "LineString",
        "coordinates": [
          [
            72.6431693,
            23.2048991
          ],
          [
            72.6423384,
            23.2035797
          ],
          [
            72.641845,
            23.2027811
          ],
          [
            72.6413518,
            23.2019804
          ],
          [
            72.6409561,
            23.2012678
          ],
          [
            72.6406952,
            23.2005369
          ],
          [
            72.640496,
            23.1997851
          ],
          [
            72.6403478,
            23.1987417
          ],
          [
            72.6403193,
            23.1973622
          ],
          [
            72.6402445,
            23.196277
          ],
          [
            72.6401702,
            23.1956368
          ],
          [
            72.6401507,
            23.1954204
          ],
          [
            72.6401491,
            23.1954028
          ],
          [
            72.6400651,
            23.1947736
          ],
          [
            72.6398209,
            23.193041
          ],
          [
            72.6397321,
            23.192258
          ],
          [
            72.6396033,
            23.1908102
          ],
          [
            72.6396024,
            23.1908002
          ],
          [
            72.6393152,
            23.1882809
          ],
          [
            72.6392059,
            23.1870723
          ],
          [
            72.6392019,
            23.1869424
          ],
          [
            72.6392304,
            23.1867471
          ],
          [
            72.6392704,
            23.1866085
          ],
          [
            72.6393592,
            23.1864625
          ],
          [
            72.6394933,
            23.1862959
          ],
          [
            72.6396682,
            23.1861254
          ],
          [
            72.6399428,
            23.1859725
          ],
          [
            72.6401795,
            23.1859024
          ],
          [
            72.6405434,
            23.1858588
          ],
          [
            72.6421096,
            23.1859258
          ],
          [
            72.6433074,
            23.1859759
          ],
          [
            72.644459,
            23.186027
          ],
          [
            72.645407,
            23.1860622
          ],
          [
            72.6460281,
            23.1860873
          ],
          [
            72.6462896,
            23.186078
          ],
          [
            72.6464478,
            23.1860599
          ],
          [
            72.6465827,
            23.1860031
          ],
          [
            72.6468432,
            23.1859025
          ],
          [
            72.6469389,
            23.1858307
          ],
          [
            72.6470999,
            23.1856732
          ],
          [
            72.6472052,
            23.185537
          ],
          [
            72.6473012,
            23.1853493
          ],
          [
            72.6473582,
            23.1851661
          ],
          [
            72.6473966,
            23.1849401
          ],
          [
            72.6473977,
            23.1847448
          ],
          [
            72.6473743,
            23.1844957
          ],
          [
            72.6473299,
            23.1841558
          ],
          [
            72.6472958,
            23.1837375
          ],
          [
            72.647047,
            23.1814116
          ],
          [
            72.6471379,
            23.1803369
          ],
          [
            72.6473227,
            23.1790869
          ],
          [
            72.6474346,
            23.1781541
          ],
          [
            72.647771,
            23.174204
          ],
          [
            72.6480338,
            23.1718568
          ],
          [
            72.6482377,
            23.1697503
          ],
          [
            72.6483103,
            23.168555
          ],
          [
            72.6482727,
            23.1677854
          ],
          [
            72.6483397,
            23.1663946
          ],
          [
            72.6484876,
            23.1634852
          ],
          [
            72.6485811,
            23.1618071
          ],
          [
            72.6486267,
            23.1610992
          ],
          [
            72.648675,
            23.1600016
          ],
          [
            72.6487592,
            23.1589488
          ],
          [
            72.6487922,
            23.158473
          ],
          [
            72.6487854,
            23.1582258
          ],
          [
            72.6487623,
            23.157986
          ],
          [
            72.6487088,
            23.1576406
          ],
          [
            72.6485986,
            23.15728
          ],
          [
            72.6484227,
            23.1568063
          ],
          [
            72.6482878,
            23.1564628
          ],
          [
            72.6481224,
            23.1560413
          ]
        ]
      },
      "id": "way/1198134742"
    },
    {
      "type": "Feature",
      "properties": {
        "@id": "way/1317340807",
        "bridge": "viaduct",
        "layer": "1",
        "name": "Line 3: GIFT City-GNLU: 5.416 km",
        "railway": "subway",
        "start_date": "2024-09-17"
      },
      "geometry": {
        "type": "LineString",
        "coordinates": [
          [
            72.6874285,
            23.1569538
          ],
          [
            72.6863918,
            23.154916
          ],
          [
            72.6855844,
            23.153345
          ]
        ]
      },
      "id": "way/1317340807"
    },
    {
      "type": "Feature",
      "properties": {
        "@id": "way/1317340808",
        "bridge": "viaduct",
        "layer": "1",
        "name": "Line 3: GNLU–GIFT City: 5.416 km",
        "railway": "subway",
        "start_date": "2024-09-17"
      },
      "geometry": {
        "type": "LineString",
        "coordinates": [
          [
            72.6855201,
            23.1533672
          ],
          [
            72.6863328,
            23.1549456
          ],
          [
            72.6873755,
            23.1569558
          ]
        ]
      },
      "id": "way/1317340808"
    },
    {
      "type": "Feature",
      "properties": {
        "@id": "way/1317340809",
        "bridge": "viaduct",
        "layer": "1",
        "name": "Red Line, Ahmedabad Metro",
        "railway": "subway",
        "start_date": "2024-09-17",
        "@relations": [
          {
            "role": "",
            "rel": 18391194,
            "reltags": {
              "alt_name": "Line 3",
              "colour": "#FFFF00",
              "from": "Mahatma Mandir",
              "name": "Yellow Line: Mahatma Mandir → Motera Stadium",
              "network": "Ahmedabad Metro",
              "network:wikidata": "Q1895288",
              "public_transport:version": "2",
              "ref": "3",
              "route": "subway",
              "source:interval": "https://www.gujaratmetrorail.com/passenger-information/time-table/",
              "to": "Motera Stadium",
              "type": "route",
              "wikidata": "Q131402105",
              "wikipedia": "en:Yellow Line (Ahmedabad Metro)"
            }
          }
        ]
      },
      "geometry": {
        "type": "LineString",
        "coordinates": [
          [
            72.6463737,
            23.1519355
          ],
          [
            72.6453699,
            23.1501604
          ],
          [
            72.6443621,
            23.1483761
          ],
          [
            72.6439246,
            23.147591
          ],
          [
            72.6428817,
            23.1457685
          ],
          [
            72.6426338,
            23.1453865
          ],
          [
            72.6423852,
            23.1451077
          ],
          [
            72.6403167,
            23.1433188
          ],
          [
            72.6392036,
            23.1424215
          ],
          [
            72.6386326,
            23.1419589
          ],
          [
            72.637782,
            23.1412576
          ],
          [
            72.6374926,
            23.1409593
          ],
          [
            72.6373127,
            23.1407324
          ],
          [
            72.6371789,
            23.1404622
          ],
          [
            72.637106,
            23.1401948
          ],
          [
            72.6368704,
            23.1390489
          ],
          [
            72.6362233,
            23.1361931
          ],
          [
            72.6361984,
            23.1361145
          ],
          [
            72.6361669,
            23.1360379
          ],
          [
            72.6361292,
            23.1359638
          ],
          [
            72.6360853,
            23.1358926
          ],
          [
            72.6360348,
            23.1358237
          ],
          [
            72.6359786,
            23.1357587
          ],
          [
            72.635917,
            23.135698
          ],
          [
            72.635853,
            23.135644
          ],
          [
            72.6330207,
            23.1338037
          ],
          [
            72.631702,
            23.1327563
          ],
          [
            72.6310536,
            23.1322412
          ],
          [
            72.6221083,
            23.1251343
          ],
          [
            72.6181397,
            23.1219812
          ],
          [
            72.6158135,
            23.1201105
          ],
          [
            72.6132473,
            23.1180342
          ],
          [
            72.6083924,
            23.114189
          ],
          [
            72.6076758,
            23.1136395
          ],
          [
            72.6073134,
            23.1133579
          ],
          [
            72.6071672,
            23.1132126
          ],
          [
            72.6069848,
            23.1129646
          ],
          [
            72.6067754,
            23.1126268
          ],
          [
            72.6062593,
            23.1116488
          ],
          [
            72.6053166,
            23.1097783
          ],
          [
            72.6038173,
            23.1066596
          ],
          [
            72.6030649,
            23.1050992
          ],
          [
            72.6023432,
            23.1035368
          ],
          [
            72.602153,
            23.1031046
          ],
          [
            72.6015972,
            23.1020203
          ],
          [
            72.6014214,
            23.1016354
          ],
          [
            72.6012425,
            23.1012645
          ],
          [
            72.6008386,
            23.1008023
          ],
          [
            72.6001689,
            23.1001994
          ],
          [
            72.5990712,
            23.0991893
          ],
          [
            72.5985224,
            23.0986762
          ],
          [
            72.5979343,
            23.0982224
          ],
          [
            72.5976174,
            23.0979993
          ],
          [
            72.5974293,
            23.0978303
          ],
          [
            72.5972659,
            23.0976316
          ],
          [
            72.5971454,
            23.0974742
          ],
          [
            72.5970447,
            23.0972992
          ],
          [
            72.5968328,
            23.0969417
          ],
          [
            72.5967207,
            23.0967601
          ]
        ]
      },
      "id": "way/1317340809"
    },
    {
      "type": "Feature",
      "properties": {
        "@id": "way/1317340810",
        "bridge": "viaduct",
        "layer": "1",
        "name": "Red Line, Ahmedabad Metro",
        "railway": "subway",
        "start_date": "2024-09-17",
        "@relations": [
          {
            "role": "",
            "rel": 18391195,
            "reltags": {
              "alt_name": "Line 3",
              "colour": "#FFFF00",
              "from": "Motera Stadium",
              "name": "Yellow Line: Motera Stadium → Mahatma Mandir",
              "network": "Ahmedabad Metro",
              "network:wikidata": "Q1895288",
              "public_transport:version": "2",
              "ref": "3",
              "route": "subway",
              "source:interval": "https://www.gujaratmetrorail.com/passenger-information/time-table/",
              "to": "Mahatma Mandir",
              "type": "route",
              "wikidata": "Q131402105",
              "wikipedia": "en:Yellow Line (Ahmedabad Metro)"
            }
          }
        ]
      },
      "geometry": {
        "type": "LineString",
        "coordinates": [
          [
            72.5966689,
            23.0967876
          ],
          [
            72.5970192,
            23.0973126
          ],
          [
            72.5971203,
            23.0974883
          ],
          [
            72.5972423,
            23.0976477
          ],
          [
            72.5974068,
            23.0978476
          ],
          [
            72.5975972,
            23.0980189
          ],
          [
            72.5979156,
            23.0982431
          ],
          [
            72.5985026,
            23.098696
          ],
          [
            72.5990503,
            23.0992082
          ],
          [
            72.600148,
            23.1002182
          ],
          [
            72.6008176,
            23.1008211
          ],
          [
            72.6012189,
            23.1012808
          ],
          [
            72.6013979,
            23.1016573
          ],
          [
            72.6015702,
            23.102031
          ],
          [
            72.6021114,
            23.1031194
          ],
          [
            72.6023162,
            23.1035474
          ],
          [
            72.6030341,
            23.1051103
          ],
          [
            72.6037851,
            23.1066732
          ],
          [
            72.6052796,
            23.109788
          ],
          [
            72.6062329,
            23.1116605
          ],
          [
            72.606723,
            23.1126125
          ],
          [
            72.6068699,
            23.1128816
          ],
          [
            72.6070935,
            23.1131858
          ],
          [
            72.6072711,
            23.1133647
          ],
          [
            72.6076649,
            23.1136703
          ],
          [
            72.608378,
            23.1142071
          ],
          [
            72.6132281,
            23.1180546
          ],
          [
            72.615784,
            23.1201413
          ],
          [
            72.6181204,
            23.1220015
          ],
          [
            72.6220892,
            23.1251547
          ],
          [
            72.6310326,
            23.1322601
          ],
          [
            72.6316817,
            23.1327758
          ],
          [
            72.6330013,
            23.1338241
          ],
          [
            72.6357936,
            23.1357036
          ],
          [
            72.635855,
            23.1357554
          ],
          [
            72.6359119,
            23.1358115
          ],
          [
            72.6359639,
            23.1358716
          ],
          [
            72.6360105,
            23.1359352
          ],
          [
            72.636051,
            23.1360009
          ],
          [
            72.6360859,
            23.1360694
          ],
          [
            72.6361149,
            23.1361401
          ],
          [
            72.6361379,
            23.1362127
          ],
          [
            72.6367843,
            23.1390651
          ],
          [
            72.6371209,
            23.1404514
          ],
          [
            72.637213,
            23.1406486
          ],
          [
            72.6374345,
            23.1409517
          ],
          [
            72.6376723,
            23.1412204
          ],
          [
            72.6378081,
            23.1413165
          ],
          [
            72.6385841,
            23.1420026
          ],
          [
            72.6391897,
            23.1424888
          ],
          [
            72.6402578,
            23.1433788
          ],
          [
            72.6423365,
            23.1451201
          ],
          [
            72.6425677,
            23.1453828
          ],
          [
            72.6428344,
            23.1457848
          ],
          [
            72.643885,
            23.1476221
          ],
          [
            72.6443354,
            23.1483873
          ],
          [
            72.6453439,
            23.1501729
          ],
          [
            72.6463473,
            23.1519472
          ]
        ]
      },
      "id": "way/1317340810"
    },
    {
      "type": "Feature",
      "properties": {
        "@id": "way/1317807972",
        "bridge": "viaduct",
        "layer": "1",
        "name": "Line-2: Motera Stadium – Mahatma Mandir (22.838 km)",
        "railway": "subway",
        "@relations": [
          {
            "role": "",
            "rel": 18391195,
            "reltags": {
              "alt_name": "Line 3",
              "colour": "#FFFF00",
              "from": "Motera Stadium",
              "name": "Yellow Line: Motera Stadium → Mahatma Mandir",
              "network": "Ahmedabad Metro",
              "network:wikidata": "Q1895288",
              "public_transport:version": "2",
              "ref": "3",
              "route": "subway",
              "source:interval": "https://www.gujaratmetrorail.com/passenger-information/time-table/",
              "to": "Mahatma Mandir",
              "type": "route",
              "wikidata": "Q131402105",
              "wikipedia": "en:Yellow Line (Ahmedabad Metro)"
            }
          }
        ]
      },
      "geometry": {
        "type": "LineString",
        "coordinates": [
          [
            72.6587338,
            23.2150735
          ],
          [
            72.6608807,
            23.2184571
          ],
          [
            72.6622962,
            23.2207234
          ],
          [
            72.6641711,
            23.2236833
          ],
          [
            72.6647827,
            23.2246487
          ],
          [
            72.6649276,
            23.2249206
          ],
          [
            72.6650146,
            23.225148
          ],
          [
            72.6650698,
            23.2253234
          ],
          [
            72.6650392,
            23.2255603
          ],
          [
            72.6649625,
            23.2257744
          ],
          [
            72.6646336,
            23.2261108
          ],
          [
            72.6635935,
            23.2266837
          ],
          [
            72.6632955,
            23.2268533
          ],
          [
            72.6625593,
            23.2272669
          ],
          [
            72.6594081,
            23.2289137
          ],
          [
            72.6546472,
            23.2314931
          ],
          [
            72.6512256,
            23.2333029
          ],
          [
            72.65016,
            23.2338701
          ],
          [
            72.6467859,
            23.235666
          ],
          [
            72.6457652,
            23.236196
          ],
          [
            72.6414742,
            23.2384958
          ],
          [
            72.6390395,
            23.2398007
          ],
          [
            72.63878,
            23.2399247
          ],
          [
            72.6385707,
            23.2399833
          ],
          [
            72.6384596,
            23.2400034
          ],
          [
            72.6382792,
            23.2400156
          ],
          [
            72.6380768,
            23.2400091
          ],
          [
            72.6379251,
            23.239971
          ],
          [
            72.6377827,
            23.2399287
          ],
          [
            72.6376289,
            23.2398562
          ],
          [
            72.6375148,
            23.2397108
          ],
          [
            72.6373366,
            23.2394218
          ],
          [
            72.6369424,
            23.2387811
          ],
          [
            72.6338858,
            23.2339334
          ]
        ]
      },
      "id": "way/1317807972"
    },
    {
      "type": "Feature",
      "properties": {
        "@id": "way/1317807973",
        "bridge": "viaduct",
        "layer": "1",
        "name": "Line-2: Mahatma Mandir -Motera Stadium (22.838 km)",
        "railway": "subway",
        "@relations": [
          {
            "role": "",
            "rel": 18391194,
            "reltags": {
              "alt_name": "Line 3",
              "colour": "#FFFF00",
              "from": "Mahatma Mandir",
              "name": "Yellow Line: Mahatma Mandir → Motera Stadium",
              "network": "Ahmedabad Metro",
              "network:wikidata": "Q1895288",
              "public_transport:version": "2",
              "ref": "3",
              "route": "subway",
              "source:interval": "https://www.gujaratmetrorail.com/passenger-information/time-table/",
              "to": "Motera Stadium",
              "type": "route",
              "wikidata": "Q131402105",
              "wikipedia": "en:Yellow Line (Ahmedabad Metro)"
            }
          }
        ]
      },
      "geometry": {
        "type": "LineString",
        "coordinates": [
          [
            72.6338608,
            23.2339454
          ],
          [
            72.6369191,
            23.2387812
          ],
          [
            72.6373273,
            23.2394345
          ],
          [
            72.6375894,
            23.2398694
          ],
          [
            72.6377604,
            23.2399567
          ],
          [
            72.6380438,
            23.2400419
          ],
          [
            72.6382544,
            23.2400531
          ],
          [
            72.6384237,
            23.2400484
          ],
          [
            72.6386275,
            23.2400086
          ],
          [
            72.6387705,
            23.2399601
          ],
          [
            72.6390458,
            23.239819
          ],
          [
            72.6414839,
            23.2385158
          ],
          [
            72.6457844,
            23.2362169
          ],
          [
            72.6467904,
            23.235693
          ],
          [
            72.650174,
            23.2338966
          ],
          [
            72.6512466,
            23.2333271
          ],
          [
            72.6546618,
            23.2315164
          ],
          [
            72.6594226,
            23.2289371
          ],
          [
            72.6625744,
            23.2272899
          ],
          [
            72.6633426,
            23.2268782
          ],
          [
            72.6646518,
            23.2261246
          ],
          [
            72.6649897,
            23.2257862
          ],
          [
            72.6650676,
            23.2255636
          ],
          [
            72.6650995,
            23.2253247
          ],
          [
            72.6650209,
            23.2250742
          ],
          [
            72.6649458,
            23.2249083
          ],
          [
            72.6647937,
            23.2246276
          ],
          [
            72.6641938,
            23.2236704
          ],
          [
            72.662326,
            23.2206898
          ],
          [
            72.6609095,
            23.2184386
          ],
          [
            72.6587702,
            23.215065
          ]
        ]
      },
      "id": "way/1317807973"
    },
    {
      "type": "Feature",
      "properties": {
        "@id": "way/1317809672",
        "bridge": "viaduct",
        "layer": "1",
        "name": "Red Line, Ahmedabad Metro",
        "railway": "subway",
        "start_date": "2024-09-17",
        "@relations": [
          {
            "role": "",
            "rel": 18391194,
            "reltags": {
              "alt_name": "Line 3",
              "colour": "#FFFF00",
              "from": "Mahatma Mandir",
              "name": "Yellow Line: Mahatma Mandir → Motera Stadium",
              "network": "Ahmedabad Metro",
              "network:wikidata": "Q1895288",
              "public_transport:version": "2",
              "ref": "3",
              "route": "subway",
              "source:interval": "https://www.gujaratmetrorail.com/passenger-information/time-table/",
              "to": "Motera Stadium",
              "type": "route",
              "wikidata": "Q131402105",
              "wikipedia": "en:Yellow Line (Ahmedabad Metro)"
            }
          }
        ]
      },
      "geometry": {
        "type": "LineString",
        "coordinates": [
          [
            72.6474811,
            23.1544678
          ],
          [
            72.6463737,
            23.1519355
          ]
        ]
      },
      "id": "way/1317809672"
    },
    {
      "type": "Feature",
      "properties": {
        "@id": "way/1317809673",
        "bridge": "viaduct",
        "layer": "1",
        "name": "Red Line, Ahmedabad Metro",
        "railway": "subway",
        "start_date": "2024-09-17",
        "@relations": [
          {
            "role": "",
            "rel": 18391195,
            "reltags": {
              "alt_name": "Line 3",
              "colour": "#FFFF00",
              "from": "Motera Stadium",
              "name": "Yellow Line: Motera Stadium → Mahatma Mandir",
              "network": "Ahmedabad Metro",
              "network:wikidata": "Q1895288",
              "public_transport:version": "2",
              "ref": "3",
              "route": "subway",
              "source:interval": "https://www.gujaratmetrorail.com/passenger-information/time-table/",
              "to": "Mahatma Mandir",
              "type": "route",
              "wikidata": "Q131402105",
              "wikipedia": "en:Yellow Line (Ahmedabad Metro)"
            }
          }
        ]
      },
      "geometry": {
        "type": "LineString",
        "coordinates": [
          [
            72.6463473,
            23.1519472
          ],
          [
            72.6474537,
            23.1544774
          ]
        ]
      },
      "id": "way/1317809673"
    },
    {
      "type": "Feature",
      "properties": {
        "@id": "way/1317836345",
        "bridge": "viaduct",
        "layer": "1",
        "railway": "subway",
        "@relations": [
          {
            "role": "",
            "rel": 18391194,
            "reltags": {
              "alt_name": "Line 3",
              "colour": "#FFFF00",
              "from": "Mahatma Mandir",
              "name": "Yellow Line: Mahatma Mandir → Motera Stadium",
              "network": "Ahmedabad Metro",
              "network:wikidata": "Q1895288",
              "public_transport:version": "2",
              "ref": "3",
              "route": "subway",
              "source:interval": "https://www.gujaratmetrorail.com/passenger-information/time-table/",
              "to": "Motera Stadium",
              "type": "route",
              "wikidata": "Q131402105",
              "wikipedia": "en:Yellow Line (Ahmedabad Metro)"
            }
          }
        ]
      },
      "geometry": {
        "type": "LineString",
        "coordinates": [
          [
            72.6450742,
            23.2078962
          ],
          [
            72.6438189,
            23.2059043
          ],
          [
            72.6431693,
            23.2048991
          ]
        ]
      },
      "id": "way/1317836345"
    },
    {
      "type": "Feature",
      "properties": {
        "@id": "way/1317836346",
        "bridge": "viaduct",
        "layer": "1",
        "railway": "subway",
        "@relations": [
          {
            "role": "",
            "rel": 18391195,
            "reltags": {
              "alt_name": "Line 3",
              "colour": "#FFFF00",
              "from": "Motera Stadium",
              "name": "Yellow Line: Motera Stadium → Mahatma Mandir",
              "network": "Ahmedabad Metro",
              "network:wikidata": "Q1895288",
              "public_transport:version": "2",
              "ref": "3",
              "route": "subway",
              "source:interval": "https://www.gujaratmetrorail.com/passenger-information/time-table/",
              "to": "Mahatma Mandir",
              "type": "route",
              "wikidata": "Q131402105",
              "wikipedia": "en:Yellow Line (Ahmedabad Metro)"
            }
          }
        ]
      },
      "geometry": {
        "type": "LineString",
        "coordinates": [
          [
            72.6431224,
            23.2049065
          ],
          [
            72.6437936,
            23.2059178
          ],
          [
            72.6450489,
            23.2079097
          ]
        ]
      },
      "id": "way/1317836346"
    },
    {
      "type": "Feature",
      "properties": {
        "@id": "way/1340959904",
        "bridge": "viaduct",
        "layer": "1",
        "name": "Red Line, Ahmedabad Metro",
        "railway": "subway",
        "start_date": "2024-09-17",
        "@relations": [
          {
            "role": "",
            "rel": 18084556,
            "reltags": {
              "alt_name": "Line 4",
              "colour": "violet",
              "from": "GNLU",
              "name": "Violet Line",
              "network": "Ahmedabad Metro",
              "network:wikidata": "Q1895288",
              "public_transport:version": "2",
              "ref": "4",
              "route": "subway",
              "source:interval": "https://www.gujaratmetrorail.com/ahmedabad/route-map/",
              "to": "GIFT City",
              "type": "route",
              "wikidata": "Q131402172",
              "wikipedia": "en:Violet Line (Ahmedabad Metro)"
            }
          },
          {
            "role": "",
            "rel": 18391195,
            "reltags": {
              "alt_name": "Line 3",
              "colour": "#FFFF00",
              "from": "Motera Stadium",
              "name": "Yellow Line: Motera Stadium → Mahatma Mandir",
              "network": "Ahmedabad Metro",
              "network:wikidata": "Q1895288",
              "public_transport:version": "2",
              "ref": "3",
              "route": "subway",
              "source:interval": "https://www.gujaratmetrorail.com/passenger-information/time-table/",
              "to": "Mahatma Mandir",
              "type": "route",
              "wikidata": "Q131402105",
              "wikipedia": "en:Yellow Line (Ahmedabad Metro)"
            }
          }
        ]
      },
      "geometry": {
        "type": "LineString",
        "coordinates": [
          [
            72.6474537,
            23.1544774
          ],
          [
            72.6480605,
            23.1560292
          ],
          [
            72.6481207,
            23.1561697
          ]
        ]
      },
      "id": "way/1340959904"
    },
    {
      "type": "Feature",
      "properties": {
        "@id": "way/1340959905",
        "bridge": "viaduct",
        "layer": "1",
        "name": "Red Line, Ahmedabad Metro",
        "railway": "subway",
        "start_date": "2024-09-17",
        "@relations": [
          {
            "role": "",
            "rel": 18084555,
            "reltags": {
              "alt_name": "Line 4",
              "colour": "violet",
              "from": "GIFT City",
              "name": "Violet Line",
              "network": "Ahmedabad Metro",
              "network:wikidata": "Q1895288",
              "public_transport:version": "2",
              "ref": "4",
              "route": "subway",
              "source:interval": "https://www.gujaratmetrorail.com/ahmedabad/route-map/",
              "to": "GNLU",
              "type": "route",
              "wikidata": "Q131402172",
              "wikipedia": "en:Violet Line (Ahmedabad Metro)"
            }
          },
          {
            "role": "",
            "rel": 18391194,
            "reltags": {
              "alt_name": "Line 3",
              "colour": "#FFFF00",
              "from": "Mahatma Mandir",
              "name": "Yellow Line: Mahatma Mandir → Motera Stadium",
              "network": "Ahmedabad Metro",
              "network:wikidata": "Q1895288",
              "public_transport:version": "2",
              "ref": "3",
              "route": "subway",
              "source:interval": "https://www.gujaratmetrorail.com/passenger-information/time-table/",
              "to": "Motera Stadium",
              "type": "route",
              "wikidata": "Q131402105",
              "wikipedia": "en:Yellow Line (Ahmedabad Metro)"
            }
          }
        ]
      },
      "geometry": {
        "type": "LineString",
        "coordinates": [
          [
            72.6481224,
            23.1560413
          ],
          [
            72.6474811,
            23.1544678
          ]
        ]
      },
      "id": "way/1340959905"
    },
    {
      "type": "Feature",
      "properties": {
        "@id": "way/1389008946",
        "bridge": "viaduct",
        "layer": "1",
        "name": "Line-2: Mahatma Mandir -Motera Stadium (22.838 km)",
        "railway": "subway",
        "@relations": [
          {
            "role": "",
            "rel": 18391194,
            "reltags": {
              "alt_name": "Line 3",
              "colour": "#FFFF00",
              "from": "Mahatma Mandir",
              "name": "Yellow Line: Mahatma Mandir → Motera Stadium",
              "network": "Ahmedabad Metro",
              "network:wikidata": "Q1895288",
              "public_transport:version": "2",
              "ref": "3",
              "route": "subway",
              "source:interval": "https://www.gujaratmetrorail.com/passenger-information/time-table/",
              "to": "Motera Stadium",
              "type": "route",
              "wikidata": "Q131402105",
              "wikipedia": "en:Yellow Line (Ahmedabad Metro)"
            }
          }
        ]
      },
      "geometry": {
        "type": "LineString",
        "coordinates": [
          [
            72.6587702,
            23.215065
          ],
          [
            72.6575194,
            23.2130623
          ],
          [
            72.6559977,
            23.2106372
          ],
          [
            72.6553767,
            23.2096378
          ],
          [
            72.6553252,
            23.2095769
          ],
          [
            72.6552614,
            23.2095272
          ],
          [
            72.6551317,
            23.2094662
          ],
          [
            72.6550223,
            23.2094313
          ],
          [
            72.6548278,
            23.2093803
          ],
          [
            72.6546823,
            23.2093542
          ],
          [
            72.6544534,
            23.2093244
          ],
          [
            72.6542559,
            23.2093245
          ],
          [
            72.654027,
            23.209396
          ],
          [
            72.6527798,
            23.2100937
          ],
          [
            72.6510987,
            23.2109727
          ],
          [
            72.650186,
            23.2114712
          ],
          [
            72.6492525,
            23.2119738
          ],
          [
            72.6488909,
            23.2121334
          ],
          [
            72.6486882,
            23.2121849
          ],
          [
            72.6484607,
            23.2122103
          ],
          [
            72.6483412,
            23.2122016
          ],
          [
            72.6481933,
            23.2121669
          ],
          [
            72.6480004,
            23.2121084
          ],
          [
            72.6477968,
            23.2120142
          ],
          [
            72.6476274,
            23.2119
          ],
          [
            72.6475566,
            23.2118412
          ],
          [
            72.647507,
            23.2117759
          ],
          [
            72.6469877,
            23.2109539
          ],
          [
            72.6464771,
            23.2101544
          ],
          [
            72.6460024,
            23.2093755
          ],
          [
            72.6450742,
            23.2078962
          ]
        ]
      },
      "id": "way/1389008946"
    },
    {
      "type": "Feature",
      "properties": {
        "@id": "way/1389008947",
        "bridge": "viaduct",
        "layer": "1",
        "name": "Line-2: Motera Stadium – Mahatma Mandir (22.838 km)",
        "railway": "subway",
        "@relations": [
          {
            "role": "",
            "rel": 18391195,
            "reltags": {
              "alt_name": "Line 3",
              "colour": "#FFFF00",
              "from": "Motera Stadium",
              "name": "Yellow Line: Motera Stadium → Mahatma Mandir",
              "network": "Ahmedabad Metro",
              "network:wikidata": "Q1895288",
              "public_transport:version": "2",
              "ref": "3",
              "route": "subway",
              "source:interval": "https://www.gujaratmetrorail.com/passenger-information/time-table/",
              "to": "Mahatma Mandir",
              "type": "route",
              "wikidata": "Q131402105",
              "wikipedia": "en:Yellow Line (Ahmedabad Metro)"
            }
          }
        ]
      },
      "geometry": {
        "type": "LineString",
        "coordinates": [
          [
            72.6450489,
            23.2079097
          ],
          [
            72.6459769,
            23.2093888
          ],
          [
            72.6464517,
            23.2101678
          ],
          [
            72.6469623,
            23.2109673
          ],
          [
            72.6474743,
            23.2117941
          ],
          [
            72.647551,
            23.2118828
          ],
          [
            72.647632,
            23.2119538
          ],
          [
            72.6478275,
            23.2120728
          ],
          [
            72.6479983,
            23.2121398
          ],
          [
            72.6481104,
            23.2121814
          ],
          [
            72.6483184,
            23.2122291
          ],
          [
            72.6484399,
            23.2122386
          ],
          [
            72.6486599,
            23.2122117
          ],
          [
            72.6488975,
            23.2121571
          ],
          [
            72.6492662,
            23.2119977
          ],
          [
            72.650198,
            23.2114934
          ],
          [
            72.6511133,
            23.210996
          ],
          [
            72.6527947,
            23.2101169
          ],
          [
            72.6539245,
            23.2094849
          ],
          [
            72.6540419,
            23.2094192
          ],
          [
            72.6542578,
            23.2093513
          ],
          [
            72.654447,
            23.2093482
          ],
          [
            72.6546281,
            23.2093787
          ],
          [
            72.6548651,
            23.2094213
          ],
          [
            72.6551091,
            23.2094818
          ],
          [
            72.6551821,
            23.2095147
          ],
          [
            72.6552836,
            23.2095722
          ],
          [
            72.6553328,
            23.2096281
          ],
          [
            72.6562893,
            23.2111437
          ],
          [
            72.6575167,
            23.2131115
          ],
          [
            72.6587338,
            23.2150735
          ]
        ]
      },
      "id": "way/1389008947"
    },
    {
      "type": "Feature",
      "properties": {
        "@id": "way/1393067631",
        "bridge": "viaduct",
        "layer": "1",
        "railway": "subway",
        "start_date": "2024-09-17"
      },
      "geometry": {
        "type": "LineString",
        "coordinates": [
          [
            72.6396033,
            23.1908102
          ],
          [
            72.6396793,
            23.1910087
          ],
          [
            72.6397575,
            23.1913177
          ],
          [
            72.6398147,
            23.1916107
          ],
          [
            72.6398877,
            23.1922314
          ],
          [
            72.6401621,
            23.1948846
          ],
          [
            72.6401621,
            23.1951966
          ],
          [
            72.6401507,
            23.1954204
          ]
        ]
      },
      "id": "way/1393067631"
    },
    {
      "type": "Feature",
      "properties": {
        "@id": "way/1467232510",
        "bridge": "viaduct",
        "layer": "1",
        "name": "Line-2: Mahatma Mandir -Motera Stadium (22.838 km)",
        "railway": "subway"
      },
      "geometry": {
        "type": "LineString",
        "coordinates": [
          [
            72.6333162,
            23.2330687
          ],
          [
            72.6338608,
            23.2339454
          ]
        ]
      },
      "id": "way/1467232510"
    },
    {
      "type": "Feature",
      "properties": {
        "@id": "way/1467232511",
        "bridge": "viaduct",
        "layer": "1",
        "name": "Line-2: Motera Stadium – Mahatma Mandir (22.838 km)",
        "railway": "subway"
      },
      "geometry": {
        "type": "LineString",
        "coordinates": [
          [
            72.6338858,
            23.2339334
          ],
          [
            72.6333417,
            23.2330554
          ]
        ]
      },
      "id": "way/1467232511"
    },
    {
      "type": "Feature",
      "properties": {
        "@id": "node/12196641344",
        "name": "Juna Koba",
        "name:gu": "જૂના કોબા",
        "network": "Ahmedabad Metro",
        "operator": "Gujarat Metro Rail Corporation Limited",
        "operator:wikidata": "Q113158873",
        "operator:wikipedia": "en:Gujarat Metro Rail Corporation Limited",
        "public_transport": "station",
        "railway": "station",
        "start_date": "2024-09-17",
        "station": "subway",
        "subway": "yes"
      },
      "geometry": {
        "type": "Point",
        "coordinates": [
          72.6386122,
          23.1419718
        ]
      },
      "id": "node/12196641344"
    },
    {
      "type": "Feature",
      "properties": {
        "@id": "node/12196641345",
        "name": "Koba Circle",
        "name:gu": "કોબા સર્કલ",
        "network": "Ahmedabad Metro",
        "operator": "Gujarat Metro Rail Corporation Limited",
        "operator:wikidata": "Q113158873",
        "operator:wikipedia": "en:Gujarat Metro Rail Corporation Limited",
        "public_transport": "station",
        "railway": "station",
        "start_date": "2024-09-17",
        "station": "subway",
        "subway": "yes"
      },
      "geometry": {
        "type": "Point",
        "coordinates": [
          72.631042,
          23.1322508
        ]
      },
      "id": "node/12196641345"
    },
    {
      "type": "Feature",
      "properties": {
        "@id": "node/12196641346",
        "name": "Narmada Canal",
        "name:gu": "નર્મદા કેનાલ",
        "network": "Ahmedabad Metro",
        "operator": "Gujarat Metro Rail Corporation Limited",
        "operator:wikidata": "Q113158873",
        "operator:wikipedia": "en:Gujarat Metro Rail Corporation Limited",
        "public_transport": "station",
        "railway": "station",
        "start_date": "2024-09-17",
        "station": "subway",
        "subway": "yes"
      },
      "geometry": {
        "type": "Point",
        "coordinates": [
          72.6220979,
          23.1251457
        ]
      },
      "id": "node/12196641346"
    },
    {
      "type": "Feature",
      "properties": {
        "@id": "node/12196641347",
        "name": "Tapovan Circle",
        "name:gu": "તપોવન સર્કલ",
        "network": "Ahmedabad Metro",
        "operator": "Gujarat Metro Rail Corporation Limited",
        "operator:wikidata": "Q113158873",
        "operator:wikipedia": "en:Gujarat Metro Rail Corporation Limited",
        "public_transport": "station",
        "railway": "station",
        "start_date": "2024-09-17",
        "station": "subway",
        "subway": "yes"
      },
      "geometry": {
        "type": "Point",
        "coordinates": [
          72.6157987,
          23.1201271
        ]
      },
      "id": "node/12196641347"
    },
    {
      "type": "Feature",
      "properties": {
        "@id": "node/12196641348",
        "name": "Vishwakarma College",
        "name:gu": "વિશ્વકર્મા કોલેજ",
        "network": "Ahmedabad Metro",
        "operator": "Gujarat Metro Rail Corporation Limited",
        "operator:wikidata": "Q113158873",
        "operator:wikipedia": "en:Gujarat Metro Rail Corporation Limited",
        "public_transport": "station",
        "railway": "station",
        "start_date": "2024-09-17",
        "station": "subway",
        "subway": "yes"
      },
      "geometry": {
        "type": "Point",
        "coordinates": [
          72.6083864,
          23.1141999
        ]
      },
      "id": "node/12196641348"
    },
    {
      "type": "Feature",
      "properties": {
        "@id": "node/12196641349",
        "name": "Koteshwar Road",
        "name:gu": "કોટેશ્વર રોડ",
        "network": "Ahmedabad Metro",
        "operator": "Gujarat Metro Rail Corporation Limited",
        "operator:wikidata": "Q113158873",
        "operator:wikipedia": "en:Gujarat Metro Rail Corporation Limited",
        "public_transport": "station",
        "railway": "station",
        "start_date": "2024-09-17",
        "station": "subway",
        "subway": "yes"
      },
      "geometry": {
        "type": "Point",
        "coordinates": [
          72.6021329,
          23.1031114
        ]
      },
      "id": "node/12196641349"
    },
    {
      "type": "Feature",
      "properties": {
        "@id": "node/12196641350",
        "name": "Raysan",
        "name:gu": "રાયસન",
        "network": "Ahmedabad Metro",
        "operator": "Gujarat Metro Rail Corporation Limited",
        "operator:wikidata": "Q113158873",
        "operator:wikipedia": "en:Gujarat Metro Rail Corporation Limited",
        "public_transport": "station",
        "railway": "station",
        "start_date": "2024-09-17",
        "station": "subway",
        "subway": "yes"
      },
      "geometry": {
        "type": "Point",
        "coordinates": [
          72.6483252,
          23.1663954
        ]
      },
      "id": "node/12196641350"
    },
    {
      "type": "Feature",
      "properties": {
        "@id": "node/12196641351",
        "name": "Randesan",
        "name:gu": "રાંદેસણ",
        "network": "Ahmedabad Metro",
        "operator": "Gujarat Metro Rail Corporation Limited",
        "operator:wikidata": "Q113158873",
        "operator:wikipedia": "en:Gujarat Metro Rail Corporation Limited",
        "public_transport": "station",
        "railway": "station",
        "start_date": "2024-09-17",
        "station": "subway",
        "subway": "yes"
      },
      "geometry": {
        "type": "Point",
        "coordinates": [
          72.6472905,
          23.1790845
        ]
      },
      "id": "node/12196641351"
    },
    {
      "type": "Feature",
      "properties": {
        "@id": "node/12196641352",
        "name": "Dholakuva Circle",
        "name:gu": "ધોળાકુવા સર્કલ",
        "network": "Ahmedabad Metro",
        "operator": "Gujarat Metro Rail Corporation Limited",
        "operator:wikidata": "Q113158873",
        "operator:wikipedia": "en:Gujarat Metro Rail Corporation Limited",
        "public_transport": "station",
        "railway": "station",
        "start_date": "2024-09-17",
        "station": "subway",
        "subway": "yes"
      },
      "geometry": {
        "type": "Point",
        "coordinates": [
          72.6433202,
          23.1859445
        ]
      },
      "id": "node/12196641352"
    },
    {
      "type": "Feature",
      "properties": {
        "@id": "node/12196641353",
        "name": "Infocity",
        "name:gu": "ઇન્ફોસિટી",
        "network": "Ahmedabad Metro",
        "operator": "Gujarat Metro Rail Corporation Limited",
        "operator:wikidata": "Q113158873",
        "operator:wikipedia": "en:Gujarat Metro Rail Corporation Limited",
        "public_transport": "station",
        "railway": "station",
        "start_date": "2024-09-17",
        "station": "subway",
        "subway": "yes"
      },
      "geometry": {
        "type": "Point",
        "coordinates": [
          72.6397126,
          23.1922574
        ]
      },
      "id": "node/12196641353"
    },
    {
      "type": "Feature",
      "properties": {
        "@id": "node/12196641354",
        "name": "Sector-1",
        "name:gu": "સેક્ટર-1",
        "network": "Ahmedabad Metro",
        "operator": "Gujarat Metro Rail Corporation Limited",
        "operator:wikidata": "Q113158873",
        "operator:wikipedia": "en:Gujarat Metro Rail Corporation Limited",
        "public_transport": "station",
        "railway": "station",
        "start_date": "2024-09-17",
        "station": "subway",
        "subway": "yes"
      },
      "geometry": {
        "type": "Point",
        "coordinates": [
          72.6431519,
          23.2049077
        ]
      },
      "id": "node/12196641354"
    },
    {
      "type": "Feature",
      "properties": {
        "@id": "node/12196641355",
        "name": "GNLU",
        "name:gu": "જી એન એલ યુ",
        "network": "Ahmedabad Metro",
        "operator": "Gujarat Metro Rail Corporation Limited",
        "operator:wikidata": "Q113158873",
        "operator:wikipedia": "en:Gujarat Metro Rail Corporation Limited",
        "public_transport": "station",
        "railway": "station",
        "station": "subway",
        "subway": "yes"
      },
      "geometry": {
        "type": "Point",
        "coordinates": [
          72.6474689,
          23.1544724
        ]
      },
      "id": "node/12196641355"
    },
    {
      "type": "Feature",
      "properties": {
        "@id": "node/12196641357",
        "name": "GIFT City",
        "name:gu": "ગિફ્ટ સિટી",
        "network": "Ahmedabad Metro",
        "operator": "Gujarat Metro Rail Corporation Limited",
        "operator:wikidata": "Q113158873",
        "operator:wikipedia": "en:Gujarat Metro Rail Corporation Limited",
        "public_transport": "station",
        "railway": "station",
        "station": "subway",
        "subway": "yes"
      },
      "geometry": {
        "type": "Point",
        "coordinates": [
          72.6855536,
          23.1533555
        ]
      },
      "id": "node/12196641357"
    },
    {
      "type": "Feature",
      "properties": {
        "@id": "node/12196641362",
        "name": "AEC",
        "name:gu": "એ ઇ સી",
        "network": "Ahmedabad Metro",
        "operator": "Gujarat Metro Rail Corporation Limited",
        "operator:wikidata": "Q113158873",
        "operator:wikipedia": "en:Gujarat Metro Rail Corporation Limited",
        "public_transport": "station",
        "railway": "station",
        "station": "subway",
        "subway": "yes",
        "wikidata": "Q114427225"
      },
      "geometry": {
        "type": "Point",
        "coordinates": [
          72.593291,
          23.0751088
        ]
      },
      "id": "node/12196641362"
    },
    {
      "type": "Feature",
      "properties": {
        "@id": "node/12196641364",
        "name": "Sabarmati",
        "name:gu": "સાબરમતી",
        "network": "Ahmedabad Metro",
        "operator": "Gujarat Metro Rail Corporation Limited",
        "operator:wikidata": "Q113158873",
        "operator:wikipedia": "en:Gujarat Metro Rail Corporation Limited",
        "public_transport": "station",
        "railway": "station",
        "station": "subway",
        "subway": "yes",
        "wheelchair": "yes",
        "wikidata": "Q114427233"
      },
      "geometry": {
        "type": "Point",
        "coordinates": [
          72.592206,
          23.0856303
        ]
      },
      "id": "node/12196641364"
    },
    {
      "type": "Feature",
      "properties": {
        "@id": "node/12196641366",
        "name": "Motera Stadium",
        "name:gu": "મોટેરા સ્ટેડિયમ",
        "network": "Ahmedabad Metro",
        "operator": "Gujarat Metro Rail Corporation Limited",
        "operator:wikidata": "Q113158873",
        "operator:wikipedia": "en:Gujarat Metro Rail Corporation Limited",
        "public_transport": "station",
        "railway": "station",
        "station": "subway",
        "subway": "yes",
        "wikidata": "Q114427229"
      },
      "geometry": {
        "type": "Point",
        "coordinates": [
          72.596692,
          23.0967726
        ]
      },
      "id": "node/12196641366"
    },
    {
      "type": "Feature",
      "properties": {
        "@id": "node/12696728310",
        "name": "PDPU",
        "name:gu": "પી ડી પી યુ",
        "network": "Ahmedabad Metro",
        "operator": "Gujarat Metro Rail Corporation Limited",
        "operator:wikidata": "Q113158873",
        "operator:wikipedia": "en:Gujarat Metro Rail Corporation Limited",
        "public_transport": "station",
        "railway": "station",
        "station": "subway",
        "subway": "yes",
        "wikipedia": "en:List of Ahmedabad Metro stations"
      },
      "geometry": {
        "type": "Point",
        "coordinates": [
          72.6612117,
          23.1548645
        ]
      },
      "id": "node/12696728310"
    },
    {
      "type": "Feature",
      "properties": {
        "@id": "node/12858592937",
        "name": "Sachivalaya",
        "name:gu": "સચિવાલય",
        "network": "Ahmedabad Metro",
        "operator": "Gujarat Metro Rail Corporation Limited",
        "operator:wikidata": "Q113158873",
        "operator:wikipedia": "en:Gujarat Metro Rail Corporation Limited",
        "public_transport": "station",
        "railway": "station",
        "station": "subway",
        "subway": "yes",
        "wikidata": "Q130354856"
      },
      "geometry": {
        "type": "Point",
        "coordinates": [
          72.6587511,
          23.2150688
        ]
      },
      "id": "node/12858592937"
    },
    {
      "type": "Feature",
      "properties": {
        "@id": "node/12858592938",
        "name": "Sector-10A",
        "name:gu": "સેક્ટર-10એ",
        "network": "Ahmedabad Metro",
        "operator": "Gujarat Metro Rail Corporation Limited",
        "operator:wikidata": "Q113158873",
        "operator:wikipedia": "en:Gujarat Metro Rail Corporation Limited",
        "public_transport": "station",
        "railway": "station",
        "station": "subway",
        "subway": "yes",
        "wikidata": "Q130354857"
      },
      "geometry": {
        "type": "Point",
        "coordinates": [
          72.6501927,
          23.2114841
        ]
      },
      "id": "node/12858592938"
    },
    {
      "type": "Feature",
      "properties": {
        "@id": "node/13457569568",
        "name": "Akshardham",
        "network": "Ahmedabad Metro",
        "operator": "Gujarat Metro Rail Corporation Limited",
        "operator:wikidata": "Q113158873",
        "operator:wikipedia": "en:Gujarat Metro Rail Corporation Limited",
        "public_transport": "station",
        "railway": "station",
        "station": "subway",
        "subway": "yes"
      },
      "geometry": {
        "type": "Point",
        "coordinates": [
          72.6641817,
          23.2236772
        ]
      },
      "id": "node/13457569568"
    },
    {
      "type": "Feature",
      "properties": {
        "@id": "node/13457569573",
        "name": "Juna Sachivalaya",
        "network": "Ahmedabad Metro",
        "operator": "Gujarat Metro Rail Corporation Limited",
        "operator:wikidata": "Q113158873",
        "operator:wikipedia": "en:Gujarat Metro Rail Corporation Limited",
        "public_transport": "station",
        "railway": "station",
        "station": "subway",
        "subway": "yes"
      },
      "geometry": {
        "type": "Point",
        "coordinates": [
          72.6594151,
          23.228926
        ]
      },
      "id": "node/13457569573"
    },
    {
      "type": "Feature",
      "properties": {
        "@id": "node/13457569580",
        "name": "Sector-16",
        "network": "Ahmedabad Metro",
        "operator": "Gujarat Metro Rail Corporation Limited",
        "operator:wikidata": "Q113158873",
        "operator:wikipedia": "en:Gujarat Metro Rail Corporation Limited",
        "public_transport": "station",
        "railway": "station",
        "station": "subway",
        "subway": "yes"
      },
      "geometry": {
        "type": "Point",
        "coordinates": [
          72.6501659,
          23.2338826
        ]
      },
      "id": "node/13457569580"
    },
    {
      "type": "Feature",
      "properties": {
        "@id": "node/13457569587",
        "name": "Sector-24",
        "network": "Ahmedabad Metro",
        "operator": "Gujarat Metro Rail Corporation Limited",
        "operator:wikidata": "Q113158873",
        "operator:wikipedia": "en:Gujarat Metro Rail Corporation Limited",
        "public_transport": "station",
        "railway": "station",
        "station": "subway",
        "subway": "yes"
      },
      "geometry": {
        "type": "Point",
        "coordinates": [
          72.6414782,
          23.2385075
        ]
      },
      "id": "node/13457569587"
    },
    {
      "type": "Feature",
      "properties": {
        "@id": "node/13457569598",
        "name": "Mahatma Mandir",
        "network": "Ahmedabad Metro",
        "operator": "Gujarat Metro Rail Corporation Limited",
        "operator:wikidata": "Q113158873",
        "operator:wikipedia": "en:Gujarat Metro Rail Corporation Limited",
        "public_transport": "station",
        "railway": "station",
        "station": "subway",
        "subway": "yes"
      },
      "geometry": {
        "type": "Point",
        "coordinates": [
          72.6338714,
          23.2339412
        ]
      },
      "id": "node/13457569598"
    },
    {
      "type": "Feature",
      "properties": {
        "@id": "node/12196428667",
        "@relations": [
          {
            "role": "stop",
            "rel": 18084556,
            "reltags": {
              "alt_name": "Line 4",
              "colour": "violet",
              "from": "GNLU",
              "name": "Violet Line",
              "network": "Ahmedabad Metro",
              "network:wikidata": "Q1895288",
              "public_transport:version": "2",
              "ref": "4",
              "route": "subway",
              "source:interval": "https://www.gujaratmetrorail.com/ahmedabad/route-map/",
              "to": "GIFT City",
              "type": "route",
              "wikidata": "Q131402172",
              "wikipedia": "en:Violet Line (Ahmedabad Metro)"
            }
          }
        ]
      },
      "geometry": {
        "type": "Point",
        "coordinates": [
          72.6612483,
          23.154954
        ]
      },
      "id": "node/12196428667"
    },
    {
      "type": "Feature",
      "properties": {
        "@id": "node/11115121919",
        "@relations": [
          {
            "role": "stop",
            "rel": 18084556,
            "reltags": {
              "alt_name": "Line 4",
              "colour": "violet",
              "from": "GNLU",
              "name": "Violet Line",
              "network": "Ahmedabad Metro",
              "network:wikidata": "Q1895288",
              "public_transport:version": "2",
              "ref": "4",
              "route": "subway",
              "source:interval": "https://www.gujaratmetrorail.com/ahmedabad/route-map/",
              "to": "GIFT City",
              "type": "route",
              "wikidata": "Q131402172",
              "wikipedia": "en:Violet Line (Ahmedabad Metro)"
            }
          }
        ]
      },
      "geometry": {
        "type": "Point",
        "coordinates": [
          72.6855201,
          23.1533672
        ]
      },
      "id": "node/11115121919"
    },
    {
      "type": "Feature",
      "properties": {
        "@id": "node/11114605155",
        "@relations": [
          {
            "role": "stop",
            "rel": 18391195,
            "reltags": {
              "alt_name": "Line 3",
              "colour": "#FFFF00",
              "from": "Motera Stadium",
              "name": "Yellow Line: Motera Stadium → Mahatma Mandir",
              "network": "Ahmedabad Metro",
              "network:wikidata": "Q1895288",
              "public_transport:version": "2",
              "ref": "3",
              "route": "subway",
              "source:interval": "https://www.gujaratmetrorail.com/passenger-information/time-table/",
              "to": "Mahatma Mandir",
              "type": "route",
              "wikidata": "Q131402105",
              "wikipedia": "en:Yellow Line (Ahmedabad Metro)"
            }
          }
        ]
      },
      "geometry": {
        "type": "Point",
        "coordinates": [
          72.6483104,
          23.1663935
        ]
      },
      "id": "node/11114605155"
    },
    {
      "type": "Feature",
      "properties": {
        "@id": "node/11115121961",
        "@relations": [
          {
            "role": "stop",
            "rel": 18391195,
            "reltags": {
              "alt_name": "Line 3",
              "colour": "#FFFF00",
              "from": "Motera Stadium",
              "name": "Yellow Line: Motera Stadium → Mahatma Mandir",
              "network": "Ahmedabad Metro",
              "network:wikidata": "Q1895288",
              "public_transport:version": "2",
              "ref": "3",
              "route": "subway",
              "source:interval": "https://www.gujaratmetrorail.com/passenger-information/time-table/",
              "to": "Mahatma Mandir",
              "type": "route",
              "wikidata": "Q131402105",
              "wikipedia": "en:Yellow Line (Ahmedabad Metro)"
            }
          }
        ]
      },
      "geometry": {
        "type": "Point",
        "coordinates": [
          72.6472583,
          23.1790845
        ]
      },
      "id": "node/11115121961"
    },
    {
      "type": "Feature",
      "properties": {
        "@id": "node/11115121958",
        "@relations": [
          {
            "role": "stop",
            "rel": 18391195,
            "reltags": {
              "alt_name": "Line 3",
              "colour": "#FFFF00",
              "from": "Motera Stadium",
              "name": "Yellow Line: Motera Stadium → Mahatma Mandir",
              "network": "Ahmedabad Metro",
              "network:wikidata": "Q1895288",
              "public_transport:version": "2",
              "ref": "3",
              "route": "subway",
              "source:interval": "https://www.gujaratmetrorail.com/passenger-information/time-table/",
              "to": "Mahatma Mandir",
              "type": "route",
              "wikidata": "Q131402105",
              "wikipedia": "en:Yellow Line (Ahmedabad Metro)"
            }
          }
        ]
      },
      "geometry": {
        "type": "Point",
        "coordinates": [
          72.6433126,
          23.1859326
        ]
      },
      "id": "node/11115121958"
    },
    {
      "type": "Feature",
      "properties": {
        "@id": "node/11115121957",
        "@relations": [
          {
            "role": "stop",
            "rel": 18391195,
            "reltags": {
              "alt_name": "Line 3",
              "colour": "#FFFF00",
              "from": "Motera Stadium",
              "name": "Yellow Line: Motera Stadium → Mahatma Mandir",
              "network": "Ahmedabad Metro",
              "network:wikidata": "Q1895288",
              "public_transport:version": "2",
              "ref": "3",
              "route": "subway",
              "source:interval": "https://www.gujaratmetrorail.com/passenger-information/time-table/",
              "to": "Mahatma Mandir",
              "type": "route",
              "wikidata": "Q131402105",
              "wikipedia": "en:Yellow Line (Ahmedabad Metro)"
            }
          }
        ]
      },
      "geometry": {
        "type": "Point",
        "coordinates": [
          72.6396918,
          23.192258
        ]
      },
      "id": "node/11115121957"
    },
    {
      "type": "Feature",
      "properties": {
        "@id": "node/11115121955",
        "@relations": [
          {
            "role": "stop",
            "rel": 18391195,
            "reltags": {
              "alt_name": "Line 3",
              "colour": "#FFFF00",
              "from": "Motera Stadium",
              "name": "Yellow Line: Motera Stadium → Mahatma Mandir",
              "network": "Ahmedabad Metro",
              "network:wikidata": "Q1895288",
              "public_transport:version": "2",
              "ref": "3",
              "route": "subway",
              "source:interval": "https://www.gujaratmetrorail.com/passenger-information/time-table/",
              "to": "Mahatma Mandir",
              "type": "route",
              "wikidata": "Q131402105",
              "wikipedia": "en:Yellow Line (Ahmedabad Metro)"
            }
          }
        ]
      },
      "geometry": {
        "type": "Point",
        "coordinates": [
          72.6431224,
          23.2049065
        ]
      },
      "id": "node/11115121955"
    },
    {
      "type": "Feature",
      "properties": {
        "@id": "node/10076836152",
        "@relations": [
          {
            "role": "stop",
            "rel": 14658372,
            "reltags": {
              "alt_name": "Line 2",
              "colour": "red",
              "from": "Sector-1",
              "name": "Red Line: Motera Stadium → APMC",
              "network": "Ahmedabad Metro",
              "network:wikidata": "Q1895288",
              "public_transport:version": "2",
              "ref": "2",
              "route": "subway",
              "source:interval": "https://www.gujaratmetrorail.com/passenger-information/time-table/",
              "to": "APMC",
              "type": "route",
              "wikidata": "Q65081142",
              "wikipedia": "en:Red Line (Ahmedabad Metro)"
            }
          },
          {
            "role": "stop",
            "rel": 18391194,
            "reltags": {
              "alt_name": "Line 3",
              "colour": "#FFFF00",
              "from": "Mahatma Mandir",
              "name": "Yellow Line: Mahatma Mandir → Motera Stadium",
              "network": "Ahmedabad Metro",
              "network:wikidata": "Q1895288",
              "public_transport:version": "2",
              "ref": "3",
              "route": "subway",
              "source:interval": "https://www.gujaratmetrorail.com/passenger-information/time-table/",
              "to": "Motera Stadium",
              "type": "route",
              "wikidata": "Q131402105",
              "wikipedia": "en:Yellow Line (Ahmedabad Metro)"
            }
          }
        ]
      },
      "geometry": {
        "type": "Point",
        "coordinates": [
          72.5967207,
          23.0967601
        ]
      },
      "id": "node/10076836152"
    },
    {
      "type": "Feature",
      "properties": {
        "@id": "node/10076836172",
        "@relations": [
          {
            "role": "stop",
            "rel": 14658372,
            "reltags": {
              "alt_name": "Line 2",
              "colour": "red",
              "from": "Sector-1",
              "name": "Red Line: Motera Stadium → APMC",
              "network": "Ahmedabad Metro",
              "network:wikidata": "Q1895288",
              "public_transport:version": "2",
              "ref": "2",
              "route": "subway",
              "source:interval": "https://www.gujaratmetrorail.com/passenger-information/time-table/",
              "to": "APMC",
              "type": "route",
              "wikidata": "Q65081142",
              "wikipedia": "en:Red Line (Ahmedabad Metro)"
            }
          }
        ]
      },
      "geometry": {
        "type": "Point",
        "coordinates": [
          72.5922247,
          23.0856327
        ]
      },
      "id": "node/10076836172"
    },
    {
      "type": "Feature",
      "properties": {
        "@id": "node/10076836190",
        "@relations": [
          {
            "role": "stop",
            "rel": 14658372,
            "reltags": {
              "alt_name": "Line 2",
              "colour": "red",
              "from": "Sector-1",
              "name": "Red Line: Motera Stadium → APMC",
              "network": "Ahmedabad Metro",
              "network:wikidata": "Q1895288",
              "public_transport:version": "2",
              "ref": "2",
              "route": "subway",
              "source:interval": "https://www.gujaratmetrorail.com/passenger-information/time-table/",
              "to": "APMC",
              "type": "route",
              "wikidata": "Q65081142",
              "wikipedia": "en:Red Line (Ahmedabad Metro)"
            }
          }
        ]
      },
      "geometry": {
        "type": "Point",
        "coordinates": [
          72.5933161,
          23.0750932
        ]
      },
      "id": "node/10076836190"
    },
    {
      "type": "Feature",
      "properties": {
        "@id": "node/10076859828",
        "@relations": [
          {
            "role": "stop",
            "rel": 14658372,
            "reltags": {
              "alt_name": "Line 2",
              "colour": "red",
              "from": "Sector-1",
              "name": "Red Line: Motera Stadium → APMC",
              "network": "Ahmedabad Metro",
              "network:wikidata": "Q1895288",
              "public_transport:version": "2",
              "ref": "2",
              "route": "subway",
              "source:interval": "https://www.gujaratmetrorail.com/passenger-information/time-table/",
              "to": "APMC",
              "type": "route",
              "wikidata": "Q65081142",
              "wikipedia": "en:Red Line (Ahmedabad Metro)"
            }
          }
        ]
      },
      "geometry": {
        "type": "Point",
        "coordinates": [
          72.5741529,
          23.0676615
        ]
      },
      "id": "node/10076859828"
    },
    {
      "type": "Feature",
      "properties": {
        "@id": "node/10076616713",
        "@relations": [
          {
            "role": "stop",
            "rel": 14658372,
            "reltags": {
              "alt_name": "Line 2",
              "colour": "red",
              "from": "Sector-1",
              "name": "Red Line: Motera Stadium → APMC",
              "network": "Ahmedabad Metro",
              "network:wikidata": "Q1895288",
              "public_transport:version": "2",
              "ref": "2",
              "route": "subway",
              "source:interval": "https://www.gujaratmetrorail.com/passenger-information/time-table/",
              "to": "APMC",
              "type": "route",
              "wikidata": "Q65081142",
              "wikipedia": "en:Red Line (Ahmedabad Metro)"
            }
          }
        ]
      },
      "geometry": {
        "type": "Point",
        "coordinates": [
          72.565892,
          23.0676478
        ]
      },
      "id": "node/10076616713"
    },
    {
      "type": "Feature",
      "properties": {
        "@id": "node/10076616748",
        "@relations": [
          {
            "role": "stop",
            "rel": 14658372,
            "reltags": {
              "alt_name": "Line 2",
              "colour": "red",
              "from": "Sector-1",
              "name": "Red Line: Motera Stadium → APMC",
              "network": "Ahmedabad Metro",
              "network:wikidata": "Q1895288",
              "public_transport:version": "2",
              "ref": "2",
              "route": "subway",
              "source:interval": "https://www.gujaratmetrorail.com/passenger-information/time-table/",
              "to": "APMC",
              "type": "route",
              "wikidata": "Q65081142",
              "wikipedia": "en:Red Line (Ahmedabad Metro)"
            }
          }
        ]
      },
      "geometry": {
        "type": "Point",
        "coordinates": [
          72.5623294,
          23.0564531
        ]
      },
      "id": "node/10076616748"
    },
    {
      "type": "Feature",
      "properties": {
        "@id": "node/10076616754",
        "@relations": [
          {
            "role": "stop",
            "rel": 14658372,
            "reltags": {
              "alt_name": "Line 2",
              "colour": "red",
              "from": "Sector-1",
              "name": "Red Line: Motera Stadium → APMC",
              "network": "Ahmedabad Metro",
              "network:wikidata": "Q1895288",
              "public_transport:version": "2",
              "ref": "2",
              "route": "subway",
              "source:interval": "https://www.gujaratmetrorail.com/passenger-information/time-table/",
              "to": "APMC",
              "type": "route",
              "wikidata": "Q65081142",
              "wikipedia": "en:Red Line (Ahmedabad Metro)"
            }
          }
        ]
      },
      "geometry": {
        "type": "Point",
        "coordinates": [
          72.5649953,
          23.045936
        ]
      },
      "id": "node/10076616754"
    },
    {
      "type": "Feature",
      "properties": {
        "@id": "node/10076616759",
        "@relations": [
          {
            "role": "stop",
            "rel": 14658372,
            "reltags": {
              "alt_name": "Line 2",
              "colour": "red",
              "from": "Sector-1",
              "name": "Red Line: Motera Stadium → APMC",
              "network": "Ahmedabad Metro",
              "network:wikidata": "Q1895288",
              "public_transport:version": "2",
              "ref": "2",
              "route": "subway",
              "source:interval": "https://www.gujaratmetrorail.com/passenger-information/time-table/",
              "to": "APMC",
              "type": "route",
              "wikidata": "Q65081142",
              "wikipedia": "en:Red Line (Ahmedabad Metro)"
            }
          }
        ]
      },
      "geometry": {
        "type": "Point",
        "coordinates": [
          72.5670541,
          23.0374805
        ]
      },
      "id": "node/10076616759"
    },
    {
      "type": "Feature",
      "properties": {
        "@id": "node/10076616710",
        "@relations": [
          {
            "role": "stop",
            "rel": 14658372,
            "reltags": {
              "alt_name": "Line 2",
              "colour": "red",
              "from": "Sector-1",
              "name": "Red Line: Motera Stadium → APMC",
              "network": "Ahmedabad Metro",
              "network:wikidata": "Q1895288",
              "public_transport:version": "2",
              "ref": "2",
              "route": "subway",
              "source:interval": "https://www.gujaratmetrorail.com/passenger-information/time-table/",
              "to": "APMC",
              "type": "route",
              "wikidata": "Q65081142",
              "wikipedia": "en:Red Line (Ahmedabad Metro)"
            }
          }
        ]
      },
      "geometry": {
        "type": "Point",
        "coordinates": [
          72.5688973,
          23.0271728
        ]
      },
      "id": "node/10076616710"
    },
    {
      "type": "Feature",
      "properties": {
        "@id": "node/10076859849",
        "@relations": [
          {
            "role": "stop",
            "rel": 14658372,
            "reltags": {
              "alt_name": "Line 2",
              "colour": "red",
              "from": "Sector-1",
              "name": "Red Line: Motera Stadium → APMC",
              "network": "Ahmedabad Metro",
              "network:wikidata": "Q1895288",
              "public_transport:version": "2",
              "ref": "2",
              "route": "subway",
              "source:interval": "https://www.gujaratmetrorail.com/passenger-information/time-table/",
              "to": "APMC",
              "type": "route",
              "wikidata": "Q65081142",
              "wikipedia": "en:Red Line (Ahmedabad Metro)"
            }
          }
        ]
      },
      "geometry": {
        "type": "Point",
        "coordinates": [
          72.5623806,
          23.0184541
        ]
      },
      "id": "node/10076859849"
    },
    {
      "type": "Feature",
      "properties": {
        "@id": "node/10076859863",
        "@relations": [
          {
            "role": "stop",
            "rel": 14658372,
            "reltags": {
              "alt_name": "Line 2",
              "colour": "red",
              "from": "Sector-1",
              "name": "Red Line: Motera Stadium → APMC",
              "network": "Ahmedabad Metro",
              "network:wikidata": "Q1895288",
              "public_transport:version": "2",
              "ref": "2",
              "route": "subway",
              "source:interval": "https://www.gujaratmetrorail.com/passenger-information/time-table/",
              "to": "APMC",
              "type": "route",
              "wikidata": "Q65081142",
              "wikipedia": "en:Red Line (Ahmedabad Metro)"
            }
          }
        ]
      },
      "geometry": {
        "type": "Point",
        "coordinates": [
          72.5492643,
          23.0136045
        ]
      },
      "id": "node/10076859863"
    },
    {
      "type": "Feature",
      "properties": {
        "@id": "node/10076859882",
        "@relations": [
          {
            "role": "stop",
            "rel": 14658372,
            "reltags": {
              "alt_name": "Line 2",
              "colour": "red",
              "from": "Sector-1",
              "name": "Red Line: Motera Stadium → APMC",
              "network": "Ahmedabad Metro",
              "network:wikidata": "Q1895288",
              "public_transport:version": "2",
              "ref": "2",
              "route": "subway",
              "source:interval": "https://www.gujaratmetrorail.com/passenger-information/time-table/",
              "to": "APMC",
              "type": "route",
              "wikidata": "Q65081142",
              "wikipedia": "en:Red Line (Ahmedabad Metro)"
            }
          }
        ]
      },
      "geometry": {
        "type": "Point",
        "coordinates": [
          72.5367627,
          23.009732
        ]
      },
      "id": "node/10076859882"
    },
    {
      "type": "Feature",
      "properties": {
        "@id": "node/10076859908",
        "@relations": [
          {
            "role": "stop",
            "rel": 14658372,
            "reltags": {
              "alt_name": "Line 2",
              "colour": "red",
              "from": "Sector-1",
              "name": "Red Line: Motera Stadium → APMC",
              "network": "Ahmedabad Metro",
              "network:wikidata": "Q1895288",
              "public_transport:version": "2",
              "ref": "2",
              "route": "subway",
              "source:interval": "https://www.gujaratmetrorail.com/passenger-information/time-table/",
              "to": "APMC",
              "type": "route",
              "wikidata": "Q65081142",
              "wikipedia": "en:Red Line (Ahmedabad Metro)"
            }
          }
        ]
      },
      "geometry": {
        "type": "Point",
        "coordinates": [
          72.5335036,
          23.0055517
        ]
      },
      "id": "node/10076859908"
    },
    {
      "type": "Feature",
      "properties": {
        "@id": "node/10076616651",
        "@relations": [
          {
            "role": "stop",
            "rel": 14658372,
            "reltags": {
              "alt_name": "Line 2",
              "colour": "red",
              "from": "Sector-1",
              "name": "Red Line: Motera Stadium → APMC",
              "network": "Ahmedabad Metro",
              "network:wikidata": "Q1895288",
              "public_transport:version": "2",
              "ref": "2",
              "route": "subway",
              "source:interval": "https://www.gujaratmetrorail.com/passenger-information/time-table/",
              "to": "APMC",
              "type": "route",
              "wikidata": "Q65081142",
              "wikipedia": "en:Red Line (Ahmedabad Metro)"
            }
          }
        ]
      },
      "geometry": {
        "type": "Point",
        "coordinates": [
          72.5371344,
          22.9978151
        ]
      },
      "id": "node/10076616651"
    },
    {
      "type": "Feature",
      "properties": {
        "@id": "node/5622776445",
        "@relations": [
          {
            "role": "stop",
            "rel": 8312443,
            "reltags": {
              "alt_name": "Line 2",
              "colour": "red",
              "from": "APMC",
              "name": "Red Line: APMC → Motera Stadium",
              "network": "Ahmedabad Metro",
              "network:wikidata": "Q1895288",
              "public_transport:version": "2",
              "ref": "2",
              "route": "subway",
              "source:interval": "https://www.gujaratmetrorail.com/passenger-information/time-table/",
              "to": "Motera Stadium",
              "type": "route",
              "wikidata": "Q65081142",
              "wikipedia": "en:Red Line (Ahmedabad Metro)"
            }
          },
          {
            "role": "stop",
            "rel": 18391195,
            "reltags": {
              "alt_name": "Line 3",
              "colour": "#FFFF00",
              "from": "Motera Stadium",
              "name": "Yellow Line: Motera Stadium → Mahatma Mandir",
              "network": "Ahmedabad Metro",
              "network:wikidata": "Q1895288",
              "public_transport:version": "2",
              "ref": "3",
              "route": "subway",
              "source:interval": "https://www.gujaratmetrorail.com/passenger-information/time-table/",
              "to": "Mahatma Mandir",
              "type": "route",
              "wikidata": "Q131402105",
              "wikipedia": "en:Yellow Line (Ahmedabad Metro)"
            }
          }
        ]
      },
      "geometry": {
        "type": "Point",
        "coordinates": [
          72.5966689,
          23.0967876
        ]
      },
      "id": "node/5622776445"
    },
    {
      "type": "Feature",
      "properties": {
        "@id": "node/5622776434",
        "@relations": [
          {
            "role": "stop",
            "rel": 8312443,
            "reltags": {
              "alt_name": "Line 2",
              "colour": "red",
              "from": "APMC",
              "name": "Red Line: APMC → Motera Stadium",
              "network": "Ahmedabad Metro",
              "network:wikidata": "Q1895288",
              "public_transport:version": "2",
              "ref": "2",
              "route": "subway",
              "source:interval": "https://www.gujaratmetrorail.com/passenger-information/time-table/",
              "to": "Motera Stadium",
              "type": "route",
              "wikidata": "Q65081142",
              "wikipedia": "en:Red Line (Ahmedabad Metro)"
            }
          }
        ]
      },
      "geometry": {
        "type": "Point",
        "coordinates": [
          72.5921818,
          23.0856228
        ]
      },
      "id": "node/5622776434"
    },
    {
      "type": "Feature",
      "properties": {
        "@id": "node/10076836189",
        "@relations": [
          {
            "role": "stop",
            "rel": 8312443,
            "reltags": {
              "alt_name": "Line 2",
              "colour": "red",
              "from": "APMC",
              "name": "Red Line: APMC → Motera Stadium",
              "network": "Ahmedabad Metro",
              "network:wikidata": "Q1895288",
              "public_transport:version": "2",
              "ref": "2",
              "route": "subway",
              "source:interval": "https://www.gujaratmetrorail.com/passenger-information/time-table/",
              "to": "Motera Stadium",
              "type": "route",
              "wikidata": "Q65081142",
              "wikipedia": "en:Red Line (Ahmedabad Metro)"
            }
          }
        ]
      },
      "geometry": {
        "type": "Point",
        "coordinates": [
          72.5932705,
          23.0751227
        ]
      },
      "id": "node/10076836189"
    },
    {
      "type": "Feature",
      "properties": {
        "@id": "node/9503556232",
        "@relations": [
          {
            "role": "stop",
            "rel": 8312443,
            "reltags": {
              "alt_name": "Line 2",
              "colour": "red",
              "from": "APMC",
              "name": "Red Line: APMC → Motera Stadium",
              "network": "Ahmedabad Metro",
              "network:wikidata": "Q1895288",
              "public_transport:version": "2",
              "ref": "2",
              "route": "subway",
              "source:interval": "https://www.gujaratmetrorail.com/passenger-information/time-table/",
              "to": "Motera Stadium",
              "type": "route",
              "wikidata": "Q65081142",
              "wikipedia": "en:Red Line (Ahmedabad Metro)"
            }
          }
        ]
      },
      "geometry": {
        "type": "Point",
        "coordinates": [
          72.5741509,
          23.0677222
        ]
      },
      "id": "node/9503556232"
    },
    {
      "type": "Feature",
      "properties": {
        "@id": "node/10076616712",
        "@relations": [
          {
            "role": "stop",
            "rel": 8312443,
            "reltags": {
              "alt_name": "Line 2",
              "colour": "red",
              "from": "APMC",
              "name": "Red Line: APMC → Motera Stadium",
              "network": "Ahmedabad Metro",
              "network:wikidata": "Q1895288",
              "public_transport:version": "2",
              "ref": "2",
              "route": "subway",
              "source:interval": "https://www.gujaratmetrorail.com/passenger-information/time-table/",
              "to": "Motera Stadium",
              "type": "route",
              "wikidata": "Q65081142",
              "wikipedia": "en:Red Line (Ahmedabad Metro)"
            }
          }
        ]
      },
      "geometry": {
        "type": "Point",
        "coordinates": [
          72.5658899,
          23.067695
        ]
      },
      "id": "node/10076616712"
    },
    {
      "type": "Feature",
      "properties": {
        "@id": "node/5622776290",
        "@relations": [
          {
            "role": "stop",
            "rel": 8312443,
            "reltags": {
              "alt_name": "Line 2",
              "colour": "red",
              "from": "APMC",
              "name": "Red Line: APMC → Motera Stadium",
              "network": "Ahmedabad Metro",
              "network:wikidata": "Q1895288",
              "public_transport:version": "2",
              "ref": "2",
              "route": "subway",
              "source:interval": "https://www.gujaratmetrorail.com/passenger-information/time-table/",
              "to": "Motera Stadium",
              "type": "route",
              "wikidata": "Q65081142",
              "wikipedia": "en:Red Line (Ahmedabad Metro)"
            }
          }
        ]
      },
      "geometry": {
        "type": "Point",
        "coordinates": [
          72.5622541,
          23.0564338
        ]
      },
      "id": "node/5622776290"
    },
    {
      "type": "Feature",
      "properties": {
        "@id": "node/10076616753",
        "@relations": [
          {
            "role": "stop",
            "rel": 8312443,
            "reltags": {
              "alt_name": "Line 2",
              "colour": "red",
              "from": "APMC",
              "name": "Red Line: APMC → Motera Stadium",
              "network": "Ahmedabad Metro",
              "network:wikidata": "Q1895288",
              "public_transport:version": "2",
              "ref": "2",
              "route": "subway",
              "source:interval": "https://www.gujaratmetrorail.com/passenger-information/time-table/",
              "to": "Motera Stadium",
              "type": "route",
              "wikidata": "Q65081142",
              "wikipedia": "en:Red Line (Ahmedabad Metro)"
            }
          }
        ]
      },
      "geometry": {
        "type": "Point",
        "coordinates": [
          72.564927,
          23.0459092
        ]
      },
      "id": "node/10076616753"
    },
    {
      "type": "Feature",
      "properties": {
        "@id": "node/10076616764",
        "@relations": [
          {
            "role": "stop",
            "rel": 8312443,
            "reltags": {
              "alt_name": "Line 2",
              "colour": "red",
              "from": "APMC",
              "name": "Red Line: APMC → Motera Stadium",
              "network": "Ahmedabad Metro",
              "network:wikidata": "Q1895288",
              "public_transport:version": "2",
              "ref": "2",
              "route": "subway",
              "source:interval": "https://www.gujaratmetrorail.com/passenger-information/time-table/",
              "to": "Motera Stadium",
              "type": "route",
              "wikidata": "Q65081142",
              "wikipedia": "en:Red Line (Ahmedabad Metro)"
            }
          }
        ]
      },
      "geometry": {
        "type": "Point",
        "coordinates": [
          72.5668751,
          23.0374696
        ]
      },
      "id": "node/10076616764"
    },
    {
      "type": "Feature",
      "properties": {
        "@id": "node/10076616711",
        "@relations": [
          {
            "role": "stop",
            "rel": 8312443,
            "reltags": {
              "alt_name": "Line 2",
              "colour": "red",
              "from": "APMC",
              "name": "Red Line: APMC → Motera Stadium",
              "network": "Ahmedabad Metro",
              "network:wikidata": "Q1895288",
              "public_transport:version": "2",
              "ref": "2",
              "route": "subway",
              "source:interval": "https://www.gujaratmetrorail.com/passenger-information/time-table/",
              "to": "Motera Stadium",
              "type": "route",
              "wikidata": "Q65081142",
              "wikipedia": "en:Red Line (Ahmedabad Metro)"
            }
          }
        ]
      },
      "geometry": {
        "type": "Point",
        "coordinates": [
          72.5688202,
          23.0271754
        ]
      },
      "id": "node/10076616711"
    },
    {
      "type": "Feature",
      "properties": {
        "@id": "node/10076859848",
        "@relations": [
          {
            "role": "stop",
            "rel": 8312443,
            "reltags": {
              "alt_name": "Line 2",
              "colour": "red",
              "from": "APMC",
              "name": "Red Line: APMC → Motera Stadium",
              "network": "Ahmedabad Metro",
              "network:wikidata": "Q1895288",
              "public_transport:version": "2",
              "ref": "2",
              "route": "subway",
              "source:interval": "https://www.gujaratmetrorail.com/passenger-information/time-table/",
              "to": "Motera Stadium",
              "type": "route",
              "wikidata": "Q65081142",
              "wikipedia": "en:Red Line (Ahmedabad Metro)"
            }
          }
        ]
      },
      "geometry": {
        "type": "Point",
        "coordinates": [
          72.5623281,
          23.0185472
        ]
      },
      "id": "node/10076859848"
    },
    {
      "type": "Feature",
      "properties": {
        "@id": "node/10076859862",
        "@relations": [
          {
            "role": "stop",
            "rel": 8312443,
            "reltags": {
              "alt_name": "Line 2",
              "colour": "red",
              "from": "APMC",
              "name": "Red Line: APMC → Motera Stadium",
              "network": "Ahmedabad Metro",
              "network:wikidata": "Q1895288",
              "public_transport:version": "2",
              "ref": "2",
              "route": "subway",
              "source:interval": "https://www.gujaratmetrorail.com/passenger-information/time-table/",
              "to": "Motera Stadium",
              "type": "route",
              "wikidata": "Q65081142",
              "wikipedia": "en:Red Line (Ahmedabad Metro)"
            }
          }
        ]
      },
      "geometry": {
        "type": "Point",
        "coordinates": [
          72.5492445,
          23.0136478
        ]
      },
      "id": "node/10076859862"
    },
    {
      "type": "Feature",
      "properties": {
        "@id": "node/10076859881",
        "@relations": [
          {
            "role": "stop",
            "rel": 8312443,
            "reltags": {
              "alt_name": "Line 2",
              "colour": "red",
              "from": "APMC",
              "name": "Red Line: APMC → Motera Stadium",
              "network": "Ahmedabad Metro",
              "network:wikidata": "Q1895288",
              "public_transport:version": "2",
              "ref": "2",
              "route": "subway",
              "source:interval": "https://www.gujaratmetrorail.com/passenger-information/time-table/",
              "to": "Motera Stadium",
              "type": "route",
              "wikidata": "Q65081142",
              "wikipedia": "en:Red Line (Ahmedabad Metro)"
            }
          }
        ]
      },
      "geometry": {
        "type": "Point",
        "coordinates": [
          72.5367573,
          23.0097711
        ]
      },
      "id": "node/10076859881"
    },
    {
      "type": "Feature",
      "properties": {
        "@id": "node/10076859907",
        "@relations": [
          {
            "role": "stop",
            "rel": 8312443,
            "reltags": {
              "alt_name": "Line 2",
              "colour": "red",
              "from": "APMC",
              "name": "Red Line: APMC → Motera Stadium",
              "network": "Ahmedabad Metro",
              "network:wikidata": "Q1895288",
              "public_transport:version": "2",
              "ref": "2",
              "route": "subway",
              "source:interval": "https://www.gujaratmetrorail.com/passenger-information/time-table/",
              "to": "Motera Stadium",
              "type": "route",
              "wikidata": "Q65081142",
              "wikipedia": "en:Red Line (Ahmedabad Metro)"
            }
          }
        ]
      },
      "geometry": {
        "type": "Point",
        "coordinates": [
          72.5334739,
          23.0055338
        ]
      },
      "id": "node/10076859907"
    },
    {
      "type": "Feature",
      "properties": {
        "@id": "node/10076616652",
        "@relations": [
          {
            "role": "stop",
            "rel": 8312443,
            "reltags": {
              "alt_name": "Line 2",
              "colour": "red",
              "from": "APMC",
              "name": "Red Line: APMC → Motera Stadium",
              "network": "Ahmedabad Metro",
              "network:wikidata": "Q1895288",
              "public_transport:version": "2",
              "ref": "2",
              "route": "subway",
              "source:interval": "https://www.gujaratmetrorail.com/passenger-information/time-table/",
              "to": "Motera Stadium",
              "type": "route",
              "wikidata": "Q65081142",
              "wikipedia": "en:Red Line (Ahmedabad Metro)"
            }
          }
        ]
      },
      "geometry": {
        "type": "Point",
        "coordinates": [
          72.5370953,
          22.9978001
        ]
      },
      "id": "node/10076616652"
    },
    {
      "type": "Feature",
      "properties": {
        "@id": "node/11115121918",
        "@relations": [
          {
            "role": "stop",
            "rel": 18084555,
            "reltags": {
              "alt_name": "Line 4",
              "colour": "violet",
              "from": "GIFT City",
              "name": "Violet Line",
              "network": "Ahmedabad Metro",
              "network:wikidata": "Q1895288",
              "public_transport:version": "2",
              "ref": "4",
              "route": "subway",
              "source:interval": "https://www.gujaratmetrorail.com/ahmedabad/route-map/",
              "to": "GNLU",
              "type": "route",
              "wikidata": "Q131402172",
              "wikipedia": "en:Violet Line (Ahmedabad Metro)"
            }
          }
        ]
      },
      "geometry": {
        "type": "Point",
        "coordinates": [
          72.6855844,
          23.153345
        ]
      },
      "id": "node/11115121918"
    },
    {
      "type": "Feature",
      "properties": {
        "@id": "node/12196428663",
        "@relations": [
          {
            "role": "stop",
            "rel": 18084555,
            "reltags": {
              "alt_name": "Line 4",
              "colour": "violet",
              "from": "GIFT City",
              "name": "Violet Line",
              "network": "Ahmedabad Metro",
              "network:wikidata": "Q1895288",
              "public_transport:version": "2",
              "ref": "4",
              "route": "subway",
              "source:interval": "https://www.gujaratmetrorail.com/ahmedabad/route-map/",
              "to": "GNLU",
              "type": "route",
              "wikidata": "Q131402172",
              "wikipedia": "en:Violet Line (Ahmedabad Metro)"
            }
          }
        ]
      },
      "geometry": {
        "type": "Point",
        "coordinates": [
          72.6612326,
          23.1549205
        ]
      },
      "id": "node/12196428663"
    },
    {
      "type": "Feature",
      "properties": {
        "@id": "node/11115121954",
        "@relations": [
          {
            "role": "stop",
            "rel": 18391194,
            "reltags": {
              "alt_name": "Line 3",
              "colour": "#FFFF00",
              "from": "Mahatma Mandir",
              "name": "Yellow Line: Mahatma Mandir → Motera Stadium",
              "network": "Ahmedabad Metro",
              "network:wikidata": "Q1895288",
              "public_transport:version": "2",
              "ref": "3",
              "route": "subway",
              "source:interval": "https://www.gujaratmetrorail.com/passenger-information/time-table/",
              "to": "Motera Stadium",
              "type": "route",
              "wikidata": "Q131402105",
              "wikipedia": "en:Yellow Line (Ahmedabad Metro)"
            }
          }
        ]
      },
      "geometry": {
        "type": "Point",
        "coordinates": [
          72.6431693,
          23.2048991
        ]
      },
      "id": "node/11115121954"
    },
    {
      "type": "Feature",
      "properties": {
        "@id": "node/11115121956",
        "@relations": [
          {
            "role": "stop",
            "rel": 18391194,
            "reltags": {
              "alt_name": "Line 3",
              "colour": "#FFFF00",
              "from": "Mahatma Mandir",
              "name": "Yellow Line: Mahatma Mandir → Motera Stadium",
              "network": "Ahmedabad Metro",
              "network:wikidata": "Q1895288",
              "public_transport:version": "2",
              "ref": "3",
              "route": "subway",
              "source:interval": "https://www.gujaratmetrorail.com/passenger-information/time-table/",
              "to": "Motera Stadium",
              "type": "route",
              "wikidata": "Q131402105",
              "wikipedia": "en:Yellow Line (Ahmedabad Metro)"
            }
          }
        ]
      },
      "geometry": {
        "type": "Point",
        "coordinates": [
          72.6397321,
          23.192258
        ]
      },
      "id": "node/11115121956"
    },
    {
      "type": "Feature",
      "properties": {
        "@id": "node/11115121959",
        "@relations": [
          {
            "role": "stop",
            "rel": 18391194,
            "reltags": {
              "alt_name": "Line 3",
              "colour": "#FFFF00",
              "from": "Mahatma Mandir",
              "name": "Yellow Line: Mahatma Mandir → Motera Stadium",
              "network": "Ahmedabad Metro",
              "network:wikidata": "Q1895288",
              "public_transport:version": "2",
              "ref": "3",
              "route": "subway",
              "source:interval": "https://www.gujaratmetrorail.com/passenger-information/time-table/",
              "to": "Motera Stadium",
              "type": "route",
              "wikidata": "Q131402105",
              "wikipedia": "en:Yellow Line (Ahmedabad Metro)"
            }
          }
        ]
      },
      "geometry": {
        "type": "Point",
        "coordinates": [
          72.6433074,
          23.1859759
        ]
      },
      "id": "node/11115121959"
    },
    {
      "type": "Feature",
      "properties": {
        "@id": "node/11115121960",
        "@relations": [
          {
            "role": "stop",
            "rel": 18391194,
            "reltags": {
              "alt_name": "Line 3",
              "colour": "#FFFF00",
              "from": "Mahatma Mandir",
              "name": "Yellow Line: Mahatma Mandir → Motera Stadium",
              "network": "Ahmedabad Metro",
              "network:wikidata": "Q1895288",
              "public_transport:version": "2",
              "ref": "3",
              "route": "subway",
              "source:interval": "https://www.gujaratmetrorail.com/passenger-information/time-table/",
              "to": "Motera Stadium",
              "type": "route",
              "wikidata": "Q131402105",
              "wikipedia": "en:Yellow Line (Ahmedabad Metro)"
            }
          }
        ]
      },
      "geometry": {
        "type": "Point",
        "coordinates": [
          72.6473227,
          23.1790869
        ]
      },
      "id": "node/11115121960"
    },
    {
      "type": "Feature",
      "properties": {
        "@id": "node/11115122042",
        "@relations": [
          {
            "role": "stop",
            "rel": 18391194,
            "reltags": {
              "alt_name": "Line 3",
              "colour": "#FFFF00",
              "from": "Mahatma Mandir",
              "name": "Yellow Line: Mahatma Mandir → Motera Stadium",
              "network": "Ahmedabad Metro",
              "network:wikidata": "Q1895288",
              "public_transport:version": "2",
              "ref": "3",
              "route": "subway",
              "source:interval": "https://www.gujaratmetrorail.com/passenger-information/time-table/",
              "to": "Motera Stadium",
              "type": "route",
              "wikidata": "Q131402105",
              "wikipedia": "en:Yellow Line (Ahmedabad Metro)"
            }
          }
        ]
      },
      "geometry": {
        "type": "Point",
        "coordinates": [
          72.6483397,
          23.1663946
        ]
      },
      "id": "node/11115122042"
    },
    {
      "type": "Feature",
      "properties": {
        "@id": "node/12196433538",
        "@relations": [
          {
            "role": "stop",
            "rel": 18391194,
            "reltags": {
              "alt_name": "Line 3",
              "colour": "#FFFF00",
              "from": "Mahatma Mandir",
              "name": "Yellow Line: Mahatma Mandir → Motera Stadium",
              "network": "Ahmedabad Metro",
              "network:wikidata": "Q1895288",
              "public_transport:version": "2",
              "ref": "3",
              "route": "subway",
              "source:interval": "https://www.gujaratmetrorail.com/passenger-information/time-table/",
              "to": "Motera Stadium",
              "type": "route",
              "wikidata": "Q131402105",
              "wikipedia": "en:Yellow Line (Ahmedabad Metro)"
            }
          }
        ]
      },
      "geometry": {
        "type": "Point",
        "coordinates": [
          72.6439246,
          23.147591
        ]
      },
      "id": "node/12196433538"
    },
    {
      "type": "Feature",
      "properties": {
        "@id": "node/12196433550",
        "@relations": [
          {
            "role": "stop",
            "rel": 18391194,
            "reltags": {
              "alt_name": "Line 3",
              "colour": "#FFFF00",
              "from": "Mahatma Mandir",
              "name": "Yellow Line: Mahatma Mandir → Motera Stadium",
              "network": "Ahmedabad Metro",
              "network:wikidata": "Q1895288",
              "public_transport:version": "2",
              "ref": "3",
              "route": "subway",
              "source:interval": "https://www.gujaratmetrorail.com/passenger-information/time-table/",
              "to": "Motera Stadium",
              "type": "route",
              "wikidata": "Q131402105",
              "wikipedia": "en:Yellow Line (Ahmedabad Metro)"
            }
          }
        ]
      },
      "geometry": {
        "type": "Point",
        "coordinates": [
          72.6386326,
          23.1419589
        ]
      },
      "id": "node/12196433550"
    },
    {
      "type": "Feature",
      "properties": {
        "@id": "node/11115121965",
        "@relations": [
          {
            "role": "stop",
            "rel": 18391194,
            "reltags": {
              "alt_name": "Line 3",
              "colour": "#FFFF00",
              "from": "Mahatma Mandir",
              "name": "Yellow Line: Mahatma Mandir → Motera Stadium",
              "network": "Ahmedabad Metro",
              "network:wikidata": "Q1895288",
              "public_transport:version": "2",
              "ref": "3",
              "route": "subway",
              "source:interval": "https://www.gujaratmetrorail.com/passenger-information/time-table/",
              "to": "Motera Stadium",
              "type": "route",
              "wikidata": "Q131402105",
              "wikipedia": "en:Yellow Line (Ahmedabad Metro)"
            }
          }
        ]
      },
      "geometry": {
        "type": "Point",
        "coordinates": [
          72.6310536,
          23.1322412
        ]
      },
      "id": "node/11115121965"
    },
    {
      "type": "Feature",
      "properties": {
        "@id": "node/11115121966",
        "@relations": [
          {
            "role": "stop",
            "rel": 18391194,
            "reltags": {
              "alt_name": "Line 3",
              "colour": "#FFFF00",
              "from": "Mahatma Mandir",
              "name": "Yellow Line: Mahatma Mandir → Motera Stadium",
              "network": "Ahmedabad Metro",
              "network:wikidata": "Q1895288",
              "public_transport:version": "2",
              "ref": "3",
              "route": "subway",
              "source:interval": "https://www.gujaratmetrorail.com/passenger-information/time-table/",
              "to": "Motera Stadium",
              "type": "route",
              "wikidata": "Q131402105",
              "wikipedia": "en:Yellow Line (Ahmedabad Metro)"
            }
          }
        ]
      },
      "geometry": {
        "type": "Point",
        "coordinates": [
          72.6221083,
          23.1251343
        ]
      },
      "id": "node/11115121966"
    },
    {
      "type": "Feature",
      "properties": {
        "@id": "node/11115121968",
        "@relations": [
          {
            "role": "stop",
            "rel": 18391194,
            "reltags": {
              "alt_name": "Line 3",
              "colour": "#FFFF00",
              "from": "Mahatma Mandir",
              "name": "Yellow Line: Mahatma Mandir → Motera Stadium",
              "network": "Ahmedabad Metro",
              "network:wikidata": "Q1895288",
              "public_transport:version": "2",
              "ref": "3",
              "route": "subway",
              "source:interval": "https://www.gujaratmetrorail.com/passenger-information/time-table/",
              "to": "Motera Stadium",
              "type": "route",
              "wikidata": "Q131402105",
              "wikipedia": "en:Yellow Line (Ahmedabad Metro)"
            }
          }
        ]
      },
      "geometry": {
        "type": "Point",
        "coordinates": [
          72.6158135,
          23.1201105
        ]
      },
      "id": "node/11115121968"
    },
    {
      "type": "Feature",
      "properties": {
        "@id": "node/11115121962",
        "@relations": [
          {
            "role": "stop",
            "rel": 18391194,
            "reltags": {
              "alt_name": "Line 3",
              "colour": "#FFFF00",
              "from": "Mahatma Mandir",
              "name": "Yellow Line: Mahatma Mandir → Motera Stadium",
              "network": "Ahmedabad Metro",
              "network:wikidata": "Q1895288",
              "public_transport:version": "2",
              "ref": "3",
              "route": "subway",
              "source:interval": "https://www.gujaratmetrorail.com/passenger-information/time-table/",
              "to": "Motera Stadium",
              "type": "route",
              "wikidata": "Q131402105",
              "wikipedia": "en:Yellow Line (Ahmedabad Metro)"
            }
          }
        ]
      },
      "geometry": {
        "type": "Point",
        "coordinates": [
          72.6083924,
          23.114189
        ]
      },
      "id": "node/11115121962"
    },
    {
      "type": "Feature",
      "properties": {
        "@id": "node/11115121970",
        "@relations": [
          {
            "role": "stop",
            "rel": 18391194,
            "reltags": {
              "alt_name": "Line 3",
              "colour": "#FFFF00",
              "from": "Mahatma Mandir",
              "name": "Yellow Line: Mahatma Mandir → Motera Stadium",
              "network": "Ahmedabad Metro",
              "network:wikidata": "Q1895288",
              "public_transport:version": "2",
              "ref": "3",
              "route": "subway",
              "source:interval": "https://www.gujaratmetrorail.com/passenger-information/time-table/",
              "to": "Motera Stadium",
              "type": "route",
              "wikidata": "Q131402105",
              "wikipedia": "en:Yellow Line (Ahmedabad Metro)"
            }
          }
        ]
      },
      "geometry": {
        "type": "Point",
        "coordinates": [
          72.602153,
          23.1031046
        ]
      },
      "id": "node/11115121970"
    },
    {
      "type": "Feature",
      "properties": {
        "@id": "node/11115121971",
        "@relations": [
          {
            "role": "stop",
            "rel": 18391195,
            "reltags": {
              "alt_name": "Line 3",
              "colour": "#FFFF00",
              "from": "Motera Stadium",
              "name": "Yellow Line: Motera Stadium → Mahatma Mandir",
              "network": "Ahmedabad Metro",
              "network:wikidata": "Q1895288",
              "public_transport:version": "2",
              "ref": "3",
              "route": "subway",
              "source:interval": "https://www.gujaratmetrorail.com/passenger-information/time-table/",
              "to": "Mahatma Mandir",
              "type": "route",
              "wikidata": "Q131402105",
              "wikipedia": "en:Yellow Line (Ahmedabad Metro)"
            }
          }
        ]
      },
      "geometry": {
        "type": "Point",
        "coordinates": [
          72.6021114,
          23.1031194
        ]
      },
      "id": "node/11115121971"
    },
    {
      "type": "Feature",
      "properties": {
        "@id": "node/11115121913",
        "@relations": [
          {
            "role": "stop",
            "rel": 18391195,
            "reltags": {
              "alt_name": "Line 3",
              "colour": "#FFFF00",
              "from": "Motera Stadium",
              "name": "Yellow Line: Motera Stadium → Mahatma Mandir",
              "network": "Ahmedabad Metro",
              "network:wikidata": "Q1895288",
              "public_transport:version": "2",
              "ref": "3",
              "route": "subway",
              "source:interval": "https://www.gujaratmetrorail.com/passenger-information/time-table/",
              "to": "Mahatma Mandir",
              "type": "route",
              "wikidata": "Q131402105",
              "wikipedia": "en:Yellow Line (Ahmedabad Metro)"
            }
          }
        ]
      },
      "geometry": {
        "type": "Point",
        "coordinates": [
          72.608378,
          23.1142071
        ]
      },
      "id": "node/11115121913"
    },
    {
      "type": "Feature",
      "properties": {
        "@id": "node/11115121969",
        "@relations": [
          {
            "role": "stop",
            "rel": 18391195,
            "reltags": {
              "alt_name": "Line 3",
              "colour": "#FFFF00",
              "from": "Motera Stadium",
              "name": "Yellow Line: Motera Stadium → Mahatma Mandir",
              "network": "Ahmedabad Metro",
              "network:wikidata": "Q1895288",
              "public_transport:version": "2",
              "ref": "3",
              "route": "subway",
              "source:interval": "https://www.gujaratmetrorail.com/passenger-information/time-table/",
              "to": "Mahatma Mandir",
              "type": "route",
              "wikidata": "Q131402105",
              "wikipedia": "en:Yellow Line (Ahmedabad Metro)"
            }
          }
        ]
      },
      "geometry": {
        "type": "Point",
        "coordinates": [
          72.615784,
          23.1201413
        ]
      },
      "id": "node/11115121969"
    },
    {
      "type": "Feature",
      "properties": {
        "@id": "node/11115121967",
        "@relations": [
          {
            "role": "stop",
            "rel": 18391195,
            "reltags": {
              "alt_name": "Line 3",
              "colour": "#FFFF00",
              "from": "Motera Stadium",
              "name": "Yellow Line: Motera Stadium → Mahatma Mandir",
              "network": "Ahmedabad Metro",
              "network:wikidata": "Q1895288",
              "public_transport:version": "2",
              "ref": "3",
              "route": "subway",
              "source:interval": "https://www.gujaratmetrorail.com/passenger-information/time-table/",
              "to": "Mahatma Mandir",
              "type": "route",
              "wikidata": "Q131402105",
              "wikipedia": "en:Yellow Line (Ahmedabad Metro)"
            }
          }
        ]
      },
      "geometry": {
        "type": "Point",
        "coordinates": [
          72.6220892,
          23.1251547
        ]
      },
      "id": "node/11115121967"
    },
    {
      "type": "Feature",
      "properties": {
        "@id": "node/11115121964",
        "@relations": [
          {
            "role": "stop",
            "rel": 18391195,
            "reltags": {
              "alt_name": "Line 3",
              "colour": "#FFFF00",
              "from": "Motera Stadium",
              "name": "Yellow Line: Motera Stadium → Mahatma Mandir",
              "network": "Ahmedabad Metro",
              "network:wikidata": "Q1895288",
              "public_transport:version": "2",
              "ref": "3",
              "route": "subway",
              "source:interval": "https://www.gujaratmetrorail.com/passenger-information/time-table/",
              "to": "Mahatma Mandir",
              "type": "route",
              "wikidata": "Q131402105",
              "wikipedia": "en:Yellow Line (Ahmedabad Metro)"
            }
          }
        ]
      },
      "geometry": {
        "type": "Point",
        "coordinates": [
          72.6310326,
          23.1322601
        ]
      },
      "id": "node/11115121964"
    },
    {
      "type": "Feature",
      "properties": {
        "@id": "node/12196433565",
        "@relations": [
          {
            "role": "stop",
            "rel": 18391195,
            "reltags": {
              "alt_name": "Line 3",
              "colour": "#FFFF00",
              "from": "Motera Stadium",
              "name": "Yellow Line: Motera Stadium → Mahatma Mandir",
              "network": "Ahmedabad Metro",
              "network:wikidata": "Q1895288",
              "public_transport:version": "2",
              "ref": "3",
              "route": "subway",
              "source:interval": "https://www.gujaratmetrorail.com/passenger-information/time-table/",
              "to": "Mahatma Mandir",
              "type": "route",
              "wikidata": "Q131402105",
              "wikipedia": "en:Yellow Line (Ahmedabad Metro)"
            }
          }
        ]
      },
      "geometry": {
        "type": "Point",
        "coordinates": [
          72.6385841,
          23.1420026
        ]
      },
      "id": "node/12196433565"
    },
    {
      "type": "Feature",
      "properties": {
        "@id": "node/12196433543",
        "@relations": [
          {
            "role": "stop",
            "rel": 18391195,
            "reltags": {
              "alt_name": "Line 3",
              "colour": "#FFFF00",
              "from": "Motera Stadium",
              "name": "Yellow Line: Motera Stadium → Mahatma Mandir",
              "network": "Ahmedabad Metro",
              "network:wikidata": "Q1895288",
              "public_transport:version": "2",
              "ref": "3",
              "route": "subway",
              "source:interval": "https://www.gujaratmetrorail.com/passenger-information/time-table/",
              "to": "Mahatma Mandir",
              "type": "route",
              "wikidata": "Q131402105",
              "wikipedia": "en:Yellow Line (Ahmedabad Metro)"
            }
          }
        ]
      },
      "geometry": {
        "type": "Point",
        "coordinates": [
          72.643885,
          23.1476221
        ]
      },
      "id": "node/12196433543"
    },
    {
      "type": "Feature",
      "properties": {
        "@id": "node/12857597005",
        "@relations": [
          {
            "role": "stop",
            "rel": 18391195,
            "reltags": {
              "alt_name": "Line 3",
              "colour": "#FFFF00",
              "from": "Motera Stadium",
              "name": "Yellow Line: Motera Stadium → Mahatma Mandir",
              "network": "Ahmedabad Metro",
              "network:wikidata": "Q1895288",
              "public_transport:version": "2",
              "ref": "3",
              "route": "subway",
              "source:interval": "https://www.gujaratmetrorail.com/passenger-information/time-table/",
              "to": "Mahatma Mandir",
              "type": "route",
              "wikidata": "Q131402105",
              "wikipedia": "en:Yellow Line (Ahmedabad Metro)"
            }
          }
        ]
      },
      "geometry": {
        "type": "Point",
        "coordinates": [
          72.6587338,
          23.2150735
        ]
      },
      "id": "node/12857597005"
    },
    {
      "type": "Feature",
      "properties": {
        "@id": "node/13457569567",
        "@relations": [
          {
            "role": "stop",
            "rel": 18391195,
            "reltags": {
              "alt_name": "Line 3",
              "colour": "#FFFF00",
              "from": "Motera Stadium",
              "name": "Yellow Line: Motera Stadium → Mahatma Mandir",
              "network": "Ahmedabad Metro",
              "network:wikidata": "Q1895288",
              "public_transport:version": "2",
              "ref": "3",
              "route": "subway",
              "source:interval": "https://www.gujaratmetrorail.com/passenger-information/time-table/",
              "to": "Mahatma Mandir",
              "type": "route",
              "wikidata": "Q131402105",
              "wikipedia": "en:Yellow Line (Ahmedabad Metro)"
            }
          }
        ]
      },
      "geometry": {
        "type": "Point",
        "coordinates": [
          72.6641711,
          23.2236833
        ]
      },
      "id": "node/13457569567"
    },
    {
      "type": "Feature",
      "properties": {
        "@id": "node/11114605127",
        "@relations": [
          {
            "role": "stop",
            "rel": 18391195,
            "reltags": {
              "alt_name": "Line 3",
              "colour": "#FFFF00",
              "from": "Motera Stadium",
              "name": "Yellow Line: Motera Stadium → Mahatma Mandir",
              "network": "Ahmedabad Metro",
              "network:wikidata": "Q1895288",
              "public_transport:version": "2",
              "ref": "3",
              "route": "subway",
              "source:interval": "https://www.gujaratmetrorail.com/passenger-information/time-table/",
              "to": "Mahatma Mandir",
              "type": "route",
              "wikidata": "Q131402105",
              "wikipedia": "en:Yellow Line (Ahmedabad Metro)"
            }
          }
        ]
      },
      "geometry": {
        "type": "Point",
        "coordinates": [
          72.6594081,
          23.2289137
        ]
      },
      "id": "node/11114605127"
    },
    {
      "type": "Feature",
      "properties": {
        "@id": "node/13457569579",
        "@relations": [
          {
            "role": "stop",
            "rel": 18391195,
            "reltags": {
              "alt_name": "Line 3",
              "colour": "#FFFF00",
              "from": "Motera Stadium",
              "name": "Yellow Line: Motera Stadium → Mahatma Mandir",
              "network": "Ahmedabad Metro",
              "network:wikidata": "Q1895288",
              "public_transport:version": "2",
              "ref": "3",
              "route": "subway",
              "source:interval": "https://www.gujaratmetrorail.com/passenger-information/time-table/",
              "to": "Mahatma Mandir",
              "type": "route",
              "wikidata": "Q131402105",
              "wikipedia": "en:Yellow Line (Ahmedabad Metro)"
            }
          }
        ]
      },
      "geometry": {
        "type": "Point",
        "coordinates": [
          72.65016,
          23.2338701
        ]
      },
      "id": "node/13457569579"
    },
    {
      "type": "Feature",
      "properties": {
        "@id": "node/13457569585",
        "@relations": [
          {
            "role": "stop",
            "rel": 18391195,
            "reltags": {
              "alt_name": "Line 3",
              "colour": "#FFFF00",
              "from": "Motera Stadium",
              "name": "Yellow Line: Motera Stadium → Mahatma Mandir",
              "network": "Ahmedabad Metro",
              "network:wikidata": "Q1895288",
              "public_transport:version": "2",
              "ref": "3",
              "route": "subway",
              "source:interval": "https://www.gujaratmetrorail.com/passenger-information/time-table/",
              "to": "Mahatma Mandir",
              "type": "route",
              "wikidata": "Q131402105",
              "wikipedia": "en:Yellow Line (Ahmedabad Metro)"
            }
          }
        ]
      },
      "geometry": {
        "type": "Point",
        "coordinates": [
          72.6414742,
          23.2384958
        ]
      },
      "id": "node/13457569585"
    },
    {
      "type": "Feature",
      "properties": {
        "@id": "node/13457569592",
        "@relations": [
          {
            "role": "stop",
            "rel": 18391195,
            "reltags": {
              "alt_name": "Line 3",
              "colour": "#FFFF00",
              "from": "Motera Stadium",
              "name": "Yellow Line: Motera Stadium → Mahatma Mandir",
              "network": "Ahmedabad Metro",
              "network:wikidata": "Q1895288",
              "public_transport:version": "2",
              "ref": "3",
              "route": "subway",
              "source:interval": "https://www.gujaratmetrorail.com/passenger-information/time-table/",
              "to": "Mahatma Mandir",
              "type": "route",
              "wikidata": "Q131402105",
              "wikipedia": "en:Yellow Line (Ahmedabad Metro)"
            }
          }
        ]
      },
      "geometry": {
        "type": "Point",
        "coordinates": [
          72.6338858,
          23.2339334
        ]
      },
      "id": "node/13457569592"
    },
    {
      "type": "Feature",
      "properties": {
        "@id": "node/13457569593",
        "@relations": [
          {
            "role": "stop",
            "rel": 18391194,
            "reltags": {
              "alt_name": "Line 3",
              "colour": "#FFFF00",
              "from": "Mahatma Mandir",
              "name": "Yellow Line: Mahatma Mandir → Motera Stadium",
              "network": "Ahmedabad Metro",
              "network:wikidata": "Q1895288",
              "public_transport:version": "2",
              "ref": "3",
              "route": "subway",
              "source:interval": "https://www.gujaratmetrorail.com/passenger-information/time-table/",
              "to": "Motera Stadium",
              "type": "route",
              "wikidata": "Q131402105",
              "wikipedia": "en:Yellow Line (Ahmedabad Metro)"
            }
          }
        ]
      },
      "geometry": {
        "type": "Point",
        "coordinates": [
          72.6338608,
          23.2339454
        ]
      },
      "id": "node/13457569593"
    },
    {
      "type": "Feature",
      "properties": {
        "@id": "node/13457569586",
        "@relations": [
          {
            "role": "stop",
            "rel": 18391194,
            "reltags": {
              "alt_name": "Line 3",
              "colour": "#FFFF00",
              "from": "Mahatma Mandir",
              "name": "Yellow Line: Mahatma Mandir → Motera Stadium",
              "network": "Ahmedabad Metro",
              "network:wikidata": "Q1895288",
              "public_transport:version": "2",
              "ref": "3",
              "route": "subway",
              "source:interval": "https://www.gujaratmetrorail.com/passenger-information/time-table/",
              "to": "Motera Stadium",
              "type": "route",
              "wikidata": "Q131402105",
              "wikipedia": "en:Yellow Line (Ahmedabad Metro)"
            }
          }
        ]
      },
      "geometry": {
        "type": "Point",
        "coordinates": [
          72.6414839,
          23.2385158
        ]
      },
      "id": "node/13457569586"
    },
    {
      "type": "Feature",
      "properties": {
        "@id": "node/13457569578",
        "@relations": [
          {
            "role": "stop",
            "rel": 18391194,
            "reltags": {
              "alt_name": "Line 3",
              "colour": "#FFFF00",
              "from": "Mahatma Mandir",
              "name": "Yellow Line: Mahatma Mandir → Motera Stadium",
              "network": "Ahmedabad Metro",
              "network:wikidata": "Q1895288",
              "public_transport:version": "2",
              "ref": "3",
              "route": "subway",
              "source:interval": "https://www.gujaratmetrorail.com/passenger-information/time-table/",
              "to": "Motera Stadium",
              "type": "route",
              "wikidata": "Q131402105",
              "wikipedia": "en:Yellow Line (Ahmedabad Metro)"
            }
          }
        ]
      },
      "geometry": {
        "type": "Point",
        "coordinates": [
          72.650174,
          23.2338966
        ]
      },
      "id": "node/13457569578"
    },
    {
      "type": "Feature",
      "properties": {
        "@id": "node/11115121985",
        "@relations": [
          {
            "role": "stop",
            "rel": 18391194,
            "reltags": {
              "alt_name": "Line 3",
              "colour": "#FFFF00",
              "from": "Mahatma Mandir",
              "name": "Yellow Line: Mahatma Mandir → Motera Stadium",
              "network": "Ahmedabad Metro",
              "network:wikidata": "Q1895288",
              "public_transport:version": "2",
              "ref": "3",
              "route": "subway",
              "source:interval": "https://www.gujaratmetrorail.com/passenger-information/time-table/",
              "to": "Motera Stadium",
              "type": "route",
              "wikidata": "Q131402105",
              "wikipedia": "en:Yellow Line (Ahmedabad Metro)"
            }
          }
        ]
      },
      "geometry": {
        "type": "Point",
        "coordinates": [
          72.6594226,
          23.2289371
        ]
      },
      "id": "node/11115121985"
    },
    {
      "type": "Feature",
      "properties": {
        "@id": "node/13457569566",
        "@relations": [
          {
            "role": "stop",
            "rel": 18391194,
            "reltags": {
              "alt_name": "Line 3",
              "colour": "#FFFF00",
              "from": "Mahatma Mandir",
              "name": "Yellow Line: Mahatma Mandir → Motera Stadium",
              "network": "Ahmedabad Metro",
              "network:wikidata": "Q1895288",
              "public_transport:version": "2",
              "ref": "3",
              "route": "subway",
              "source:interval": "https://www.gujaratmetrorail.com/passenger-information/time-table/",
              "to": "Motera Stadium",
              "type": "route",
              "wikidata": "Q131402105",
              "wikipedia": "en:Yellow Line (Ahmedabad Metro)"
            }
          }
        ]
      },
      "geometry": {
        "type": "Point",
        "coordinates": [
          72.6641938,
          23.2236704
        ]
      },
      "id": "node/13457569566"
    },
    {
      "type": "Feature",
      "properties": {
        "@id": "node/12857597004",
        "@relations": [
          {
            "role": "stop",
            "rel": 18391194,
            "reltags": {
              "alt_name": "Line 3",
              "colour": "#FFFF00",
              "from": "Mahatma Mandir",
              "name": "Yellow Line: Mahatma Mandir → Motera Stadium",
              "network": "Ahmedabad Metro",
              "network:wikidata": "Q1895288",
              "public_transport:version": "2",
              "ref": "3",
              "route": "subway",
              "source:interval": "https://www.gujaratmetrorail.com/passenger-information/time-table/",
              "to": "Motera Stadium",
              "type": "route",
              "wikidata": "Q131402105",
              "wikipedia": "en:Yellow Line (Ahmedabad Metro)"
            }
          }
        ]
      },
      "geometry": {
        "type": "Point",
        "coordinates": [
          72.6587702,
          23.215065
        ]
      },
      "id": "node/12857597004"
    },
    {
      "type": "Feature",
      "properties": {
        "@id": "node/11115122050",
        "@relations": [
          {
            "role": "stop",
            "rel": 18084555,
            "reltags": {
              "alt_name": "Line 4",
              "colour": "violet",
              "from": "GIFT City",
              "name": "Violet Line",
              "network": "Ahmedabad Metro",
              "network:wikidata": "Q1895288",
              "public_transport:version": "2",
              "ref": "4",
              "route": "subway",
              "source:interval": "https://www.gujaratmetrorail.com/ahmedabad/route-map/",
              "to": "GNLU",
              "type": "route",
              "wikidata": "Q131402172",
              "wikipedia": "en:Violet Line (Ahmedabad Metro)"
            }
          },
          {
            "role": "stop",
            "rel": 18391194,
            "reltags": {
              "alt_name": "Line 3",
              "colour": "#FFFF00",
              "from": "Mahatma Mandir",
              "name": "Yellow Line: Mahatma Mandir → Motera Stadium",
              "network": "Ahmedabad Metro",
              "network:wikidata": "Q1895288",
              "public_transport:version": "2",
              "ref": "3",
              "route": "subway",
              "source:interval": "https://www.gujaratmetrorail.com/passenger-information/time-table/",
              "to": "Motera Stadium",
              "type": "route",
              "wikidata": "Q131402105",
              "wikipedia": "en:Yellow Line (Ahmedabad Metro)"
            }
          }
        ]
      },
      "geometry": {
        "type": "Point",
        "coordinates": [
          72.6474811,
          23.1544678
        ]
      },
      "id": "node/11115122050"
    },
    {
      "type": "Feature",
      "properties": {
        "@id": "node/8468074198",
        "@relations": [
          {
            "role": "stop",
            "rel": 18084556,
            "reltags": {
              "alt_name": "Line 4",
              "colour": "violet",
              "from": "GNLU",
              "name": "Violet Line",
              "network": "Ahmedabad Metro",
              "network:wikidata": "Q1895288",
              "public_transport:version": "2",
              "ref": "4",
              "route": "subway",
              "source:interval": "https://www.gujaratmetrorail.com/ahmedabad/route-map/",
              "to": "GIFT City",
              "type": "route",
              "wikidata": "Q131402172",
              "wikipedia": "en:Violet Line (Ahmedabad Metro)"
            }
          },
          {
            "role": "stop",
            "rel": 18391195,
            "reltags": {
              "alt_name": "Line 3",
              "colour": "#FFFF00",
              "from": "Motera Stadium",
              "name": "Yellow Line: Motera Stadium → Mahatma Mandir",
              "network": "Ahmedabad Metro",
              "network:wikidata": "Q1895288",
              "public_transport:version": "2",
              "ref": "3",
              "route": "subway",
              "source:interval": "https://www.gujaratmetrorail.com/passenger-information/time-table/",
              "to": "Mahatma Mandir",
              "type": "route",
              "wikidata": "Q131402105",
              "wikipedia": "en:Yellow Line (Ahmedabad Metro)"
            }
          }
        ]
      },
      "geometry": {
        "type": "Point",
        "coordinates": [
          72.6474537,
          23.1544774
        ]
      },
      "id": "node/8468074198"
    },
    {
      "type": "Feature",
      "properties": {
        "@id": "node/11115121952",
        "@relations": [
          {
            "role": "stop",
            "rel": 18391194,
            "reltags": {
              "alt_name": "Line 3",
              "colour": "#FFFF00",
              "from": "Mahatma Mandir",
              "name": "Yellow Line: Mahatma Mandir → Motera Stadium",
              "network": "Ahmedabad Metro",
              "network:wikidata": "Q1895288",
              "public_transport:version": "2",
              "ref": "3",
              "route": "subway",
              "source:interval": "https://www.gujaratmetrorail.com/passenger-information/time-table/",
              "to": "Motera Stadium",
              "type": "route",
              "wikidata": "Q131402105",
              "wikipedia": "en:Yellow Line (Ahmedabad Metro)"
            }
          }
        ]
      },
      "geometry": {
        "type": "Point",
        "coordinates": [
          72.650186,
          23.2114712
        ]
      },
      "id": "node/11115121952"
    },
    {
      "type": "Feature",
      "properties": {
        "@id": "node/11115121953",
        "@relations": [
          {
            "role": "stop",
            "rel": 18391195,
            "reltags": {
              "alt_name": "Line 3",
              "colour": "#FFFF00",
              "from": "Motera Stadium",
              "name": "Yellow Line: Motera Stadium → Mahatma Mandir",
              "network": "Ahmedabad Metro",
              "network:wikidata": "Q1895288",
              "public_transport:version": "2",
              "ref": "3",
              "route": "subway",
              "source:interval": "https://www.gujaratmetrorail.com/passenger-information/time-table/",
              "to": "Mahatma Mandir",
              "type": "route",
              "wikidata": "Q131402105",
              "wikipedia": "en:Yellow Line (Ahmedabad Metro)"
            }
          }
        ]
      },
      "geometry": {
        "type": "Point",
        "coordinates": [
          72.650198,
          23.2114934
        ]
      },
      "id": "node/11115121953"
    }
  ]
}